voltage_start,voltage_end,voltage_mean,voltage_min,voltage_drop,current_mean,current_std,temperature_mean,temperature_max,temperature_range,duration_seconds,duration_hours,energy_wh,calculated_capacity,filename,battery_id,test_id,uid,ambient_temperature,metadata_capacity,cycle_number
4.246711253516259,3.3293564839618974,3.4752664759657903,2.4706118669327277,0.9173547695543616,-0.9527668403077523,0.20144763569935933,8.272422519178683,12.376815880696888,7.368731586235982,6436.141,1.7878169444444443,5.938076996968498,1.7059340104658989,00001.csv,B0047,0,1,4,1.6743047446975208,1
4.186635709569866,3.1281566254115516,3.4765588189090355,2.477661652422805,1.0584790841583143,-0.9838885014038209,0.10670769250195597,8.210715424489035,11.314903320182369,5.859946600629257,5650.265,1.5695180555555557,5.381011035806591,1.5485357022434827,00005.csv,B0047,4,5,4,1.5243662105099025,2
4.199922751479228,3.1273793356505872,3.4707669643372343,2.4707098734854784,1.0725434158286409,-0.9838892612061609,0.10731479696293068,7.954455063989402,11.624528187721143,6.702350068358909,5590.907,1.5530297222222222,5.31560563750951,1.5323186894260998,00007.csv,B0047,6,7,4,1.5080762969973425,3
4.199568876812779,3.208956838658454,3.4675514337042928,2.465457800547402,0.9906120381543251,-0.9789465319710104,0.12749941051411634,7.985864710265717,11.0929238810592,6.539654606258042,5543.61,1.5398916666666667,5.240549586316559,1.5116230165004454,00009.csv,B0047,8,9,4,1.4835577960067696,4
4.1993968014662295,3.2396390680484703,3.4628386272032645,2.465765118194009,0.9597577334177592,-0.9762620303137102,0.1367702701794522,8.009426990342208,11.020979145558456,6.194695987225989,5499.046,1.527512777777778,5.177300003612876,1.4952409164579812,00011.csv,B0047,10,11,4,1.4671391666146525,5
4.198907847432783,3.2907200056866284,3.4591836330966035,2.470048280303351,0.9081878417461544,-0.9711681299821951,0.15320166429797555,8.033626730077737,11.05909419348262,5.984643622468541,5461.219,1.5170052777777778,5.109969763837349,1.4770248547106508,00013.csv,B0047,12,13,4,1.448858156982267,6
4.163285001782157,3.278962744366024,3.440865649757287,2.484128874181115,0.8843222574161329,-0.9709334670284248,0.15361255478969701,8.150799939416203,11.877028657628198,7.741450259579009,5451.281,1.5142447222222222,5.072681383088055,1.4740827392839373,00017.csv,B0047,16,17,4,1.4458534180949325,7
4.181797294694067,3.3514925009682375,3.44810227661685,2.483034750266961,0.8303047937258294,-0.9610547420763002,0.18072914493363484,8.230899786348077,11.559250858608888,6.266450498746669,5468.062,1.518906111111111,5.047060195444059,1.4631523705935607,00021.csv,B0047,20,21,4,1.431118266178283,8
4.197837203348764,3.377792692577216,3.4496654644975946,2.49830336362436,0.8200445107715484,-0.9582923588349711,0.18795126667322634,8.146945225413083,11.34743713793976,6.568394932498809,5411.297,1.5031380555555554,4.982285156270495,1.443800726312955,00023.csv,B0047,22,23,4,1.419274551657853,9
4.197777018222757,3.391624187990136,3.4449123724079613,2.49851157426792,0.8061528302326209,-0.9553719838321842,0.19493355285943673,8.251894856354932,11.693269060729056,6.029086504489762,5369.703,1.4915841666666667,4.9220630044459455,1.428341608001638,00025.csv,B0047,24,25,4,1.3999974221808271,10
4.197306543877358,3.4070997498945625,3.441830864370845,2.4919375577484737,0.790206793982795,-0.9527836491780217,0.201619340838536,8.23497518866995,11.557441727679937,6.921258447706686,5327.406,1.479835,4.864973731189525,1.4131225186689385,00027.csv,B0047,26,27,4,1.3885156686114437,11
4.19770091242359,3.418078036723362,3.434468178084287,2.4683068422721184,0.7796228757002281,-0.949814677088373,0.20780089499321494,8.269239827690175,11.667407771157473,6.078190565795765,5299.266,1.4720183333333332,4.813667762588778,1.401241510591274,00029.csv,B0047,28,29,4,1.3652234669528964,12
4.1533796403143945,3.331026808386518,3.430115214310407,2.479195639185483,0.8223528319278763,-0.962374774611937,0.1770451371609594,8.236583239584068,11.311016339650983,6.8395060548137945,5367.172,1.490881111111111,4.935609639109876,1.438428999932376,00033.csv,B0047,32,33,4,1.4060442272970963,13
4.1809212253928045,3.3967197943497776,3.442078085056046,2.4933737831605582,0.784201431043027,-0.9528782892582865,0.20076784571510078,8.16126508624072,11.175603921563273,6.917952185696634,5406.812,1.5018922222222222,4.939021393018355,1.4343850906893783,00037.csv,B0047,36,37,4,1.405754161352578,14
4.198049966629152,3.4151250266420123,3.4424678812268277,2.491571322470993,0.7829249399871396,-0.9497638833815831,0.20761258162955815,8.25301239256121,11.15023736338702,6.54955096713902,5353.094,1.4869705555555555,4.873935540533541,1.415404824288115,00039.csv,B0047,38,39,4,1.3867662881727878,15
4.1976485673043396,3.4035285208516157,3.433855142547628,2.471859124111365,0.7941200464527238,-0.9517106306260905,0.2036619845617688,8.291638340695691,11.81131136026599,7.545150270975884,5280.031,1.4666752777777778,4.805739242148828,1.3991543469547225,00041.csv,B0047,40,41,4,1.3705053061420225,16
4.1969633661004995,3.446009349775365,3.4327517306039357,2.488914813470205,0.7509540163251343,-0.9434304652541514,0.2206481102504601,8.318107121376224,11.699803023226297,7.091578241891918,5248.593,1.4579425,4.731897137866886,1.378453619299145,00043.csv,B0047,42,43,4,1.34974311148236,17
4.196227134476293,3.4617289705611416,3.4273855541261473,2.4728525339367153,0.7344981639151511,-0.9400482502771171,0.22717236753733644,8.303021352537922,11.234017863419322,6.4492807161487855,5203.375,1.4453819444444445,4.666447549021852,1.3617122523873122,00045.csv,B0047,44,45,4,1.3251533367939785,18
4.176260352394772,3.4766213571171005,3.4184685184601045,2.4822189935935484,0.6996389952776716,-0.9371553622323052,0.23346070210403586,8.32601397527908,11.729632241368254,6.255969131136229,5166.812,1.4352255555555555,4.605413566462971,1.347808999329299,00049.csv,B0047,48,49,4,1.3111943869635805,19
4.195583212031605,3.452630071948054,3.6507246573834036,3.452630071948054,0.742953140083551,-0.9839651386620409,0.10590714735908692,7.192903163731922,8.565277404002732,3.68149887907338,2384.094,0.6622483333333333,2.385745458224378,0.6545397527843895,00051.csv,B0047,50,51,4,0.0,20
4.199835388165491,3.5149099793182903,3.4156755122328164,2.481264290061195,0.6849254088472008,-0.9234823229846594,0.2574089555829166,8.388106987601862,12.186162994585318,7.437844548302451,5340.281,1.483411388888889,4.683113446242002,1.372173191207323,00053.csv,B0047,52,53,4,1.3394234405932892,21
4.195847527614419,3.5069160151578584,3.4189443106786306,2.487540187711501,0.6889315124565609,-0.930472095057463,0.2449272778107199,8.304841644444155,11.147409475641334,5.640907177558605,5103.0,1.4175,4.514875844843612,1.3216289951627345,00055.csv,B0047,54,55,4,1.2849157142560723,22
4.195387366763826,3.5014122578826012,3.4147835574863517,2.4907582384317,0.6939751088812245,-0.9322821459755778,0.24164614739638005,8.319029412369582,11.681014963080823,6.5151237771694746,5051.172,1.4031033333333331,4.472418589156943,1.3108020429180471,00057.csv,B0047,56,57,4,1.281719159327807,23
4.174064296873529,3.523123652499999,3.409591730169167,2.4931638320699276,0.6509406443735299,-0.9267897523084677,0.2517584402337099,8.401755924951388,11.29683746494969,6.031627711756803,5027.563,1.3965452777777778,4.416650261858626,1.296908328752299,00061.csv,B0047,60,61,4,1.2600051642942829,24
4.1949588865165515,3.503450628794799,3.407645240350967,2.479240941037315,0.6915082577217526,-0.9316504925123936,0.24323000086333818,8.395347720509116,11.88239860330653,6.8396351396365445,4993.765,1.3871569444444445,4.409524840575314,1.2951907543558687,00063.csv,B0047,62,63,4,1.266070385993126,25
4.194794488425212,3.530046084468069,3.407201115194828,2.4915265338912347,0.6647484039571432,-0.9255669375549472,0.2535782203880096,8.419292173692186,11.79170575767619,6.019304335127639,4962.469,1.378463611111111,4.3497746548133795,1.2784596639545636,00065.csv,B0047,64,65,4,1.2413590294280803,26
4.194210512385239,3.5295598976471045,3.402851724115477,2.495727313119633,0.6646506147381346,-0.9273633082574366,0.2505189121390405,8.293327119939335,11.72661603963688,7.130606145782263,4907.859,1.3632941666666667,4.304944611809218,1.2670297657996499,00067.csv,B0047,66,67,4,1.2298873703485311,27
4.19378669081209,3.5280993862030905,3.398740761774466,2.4979742120513753,0.6656873046089999,-0.9267828902753352,0.25117779098823134,8.49190236531868,12.464631760563272,8.312473338694458,4888.656,1.35796,4.280478787300608,1.2613595677836171,00069.csv,B0047,68,69,4,1.228088614506696,28
4.1718864589662426,3.5386452327036166,3.3945066004903923,2.495109477398993,0.6332412262626259,-0.9236824517720293,0.2567295399461265,8.437149776270967,11.863547747838409,6.667522794263018,4866.25,1.351736111111111,4.2395936633192415,1.2512925480917474,00073.csv,B0047,72,73,4,1.2139857189070042,29
4.19388971043665,3.524430984081883,3.39192930556013,2.4851956352139384,0.6694587263547676,-0.9289085100178415,0.2479875090487207,8.429621946088576,12.460832791038596,7.523897750721147,4836.125,1.3433680555555556,4.235797195860107,1.2507704292296618,00075.csv,B0047,74,75,4,1.2173435064564189,30
4.1938733183948385,3.5235817833132557,3.39128980672992,2.4873308484835266,0.6702915350815828,-0.9282275865985665,0.2489078118478761,8.46306110156025,12.213639136225725,6.844122989726703,4801.485,1.3337458333333332,4.201333107000751,1.240867471416732,00077.csv,B0047,76,77,4,1.2073445944515917,31
4.1933443957612875,3.5434895598001273,3.3932667889977304,2.488620645344286,0.6498548359611602,-0.9244391789678553,0.25527477857424213,8.459204966688853,11.534784991217848,6.029032402714968,4760.938,1.322482777777778,4.150267461192182,1.2255165322797974,00079.csv,B0047,78,79,4,1.18804049227045,32
4.19356398488292,3.53287751083392,3.3838600818009588,2.476969143594387,0.6606864740490002,-0.9270544586298616,0.25101873516241113,8.493224799915222,12.42977502748968,7.423116691476764,4740.907,1.316918611111111,4.133479186316175,1.223823502851722,00081.csv,B0047,80,81,4,1.186304749886542,33
4.142510591712848,3.430256148149239,3.3866520851320576,2.479005494894043,0.7122544435636091,-0.9460868598841972,0.21452297405787984,8.466232868159803,12.428323073625249,7.7481416365469205,4914.532,1.3651477777777778,4.384181600740532,1.2951554189056111,00085.csv,B0047,84,85,4,1.2613935471028506,34
4.174381011699289,3.4830191388435696,3.402095154295076,2.479600589435018,0.6913618728557194,-0.9356871602351079,0.23519098155727214,8.553128334903379,12.48741336421358,7.026486117874725,4998.656,1.3885155555555555,4.427781398626241,1.3024849390088602,00089.csv,B0047,88,89,4,1.2648246158850651,35
4.194961577545829,3.4807424394545063,3.404625504614091,2.46837363838224,0.7142191380913228,-0.9401469539731849,0.2268940347339568,8.342818484380935,11.343734065329729,5.635259762147334,4890.015,1.3583375000000002,4.355633408117811,1.2804196707963862,00091.csv,B0047,90,91,4,1.24664945489822,36
4.194728577808066,3.4844739172428008,3.3977378433240313,2.497016493627855,0.7102546605652651,-0.9395699773936357,0.22788519245968336,8.481468325698998,12.641653349352346,7.411459075846392,4842.11,1.3450305555555555,4.3015215551115675,1.2672449550468232,00093.csv,B0047,92,93,4,1.2333924152795082,37
4.194123941573546,3.500791519526392,3.39454078926717,2.4751740867556524,0.6933324220471535,-0.9358360923749524,0.23500972226549793,8.425193812256257,11.969937687736325,7.024794045943022,4798.281,1.3328558333333334,4.240573583189137,1.2507272535988152,00095.csv,B0047,94,95,4,1.2129250072037692,38
4.194413177433493,3.514478324614081,3.397135252361952,2.499811739255094,0.6799348528194118,-0.9347239037948782,0.23655267165917002,8.471726206300676,11.438399477589398,5.752864402927096,4739.188,1.3164411111111112,4.185429793575514,1.2338753472075337,00097.csv,B0047,96,97,4,1.1999106597943647,39
4.172002506353698,3.5192858427126774,3.384557786350807,2.494550023378076,0.6527166636410202,-0.9317054169779714,0.2422403218363401,8.510483818712029,12.144441411939049,7.339631772767512,4733.156,1.3147655555555555,4.150060221650666,1.2283008633123607,00101.csv,B0047,100,101,4,1.1902559038393383,40
4.194068049662567,3.478044114225982,3.38207924956575,2.477337702429082,0.7160239354365849,-0.9431234654151266,0.2210569521803255,8.530222967717657,12.67224284322037,7.1686022634012625,4670.61,1.2973916666666665,4.145938122861655,1.2273625166557471,00103.csv,B0047,102,103,4,1.1892563795455853,41
4.193464344236471,3.5094590191985695,3.3808097620789024,2.478325379623597,0.6840053250379015,-0.9364521415339061,0.2337010477888509,8.420605358837513,11.984785271459067,7.1465220860423955,4635.0,1.2875,4.081552686947711,1.209281897778048,00105.csv,B0047,104,105,4,1.167069685125939,42
4.192797311893991,3.523831972961057,3.382026759648077,2.494831087986124,0.6689653389329342,-0.9330135422416266,0.24032611518862582,8.51215713252602,12.101959002780742,7.757883744287325,4615.86,1.2821833333333332,4.049996171733383,1.1997966451615993,00107.csv,B0047,106,107,4,1.1615348403090369,43
4.193468094113346,3.51635574108424,3.376424700878435,2.4956781405402677,0.6771123530291057,-0.9354455085688509,0.2355963534375664,8.54602737861718,12.396974763839234,7.437403053147046,4580.75,1.2724305555555555,4.023469959807494,1.1938746929246713,00109.csv,B0047,108,109,4,1.1555563844349988,44
4.16991637056524,3.5144464699056024,3.3729563491800936,2.4729308126474736,0.6554699006596372,-0.9350017140200774,0.23640771280261816,8.4485741292899,11.455115215105929,6.30766842073731,4557.406,1.265946111111111,3.9967439384569268,1.1871701461160549,00113.csv,B0047,112,113,4,1.1488524666097713,45
4.192396921446495,3.5268870259917424,3.37864248825242,2.494578415325497,0.6655098954547523,-0.9345624675488318,0.23737812232379688,8.334392904335672,11.39345446641458,7.457408725116505,4524.0320000000065,1.2566755555555573,3.9718855598129394,1.1780263102321438,00115.csv,B0047,114,115,4,1.143572986788779,46
4.192623205881946,3.498931426932542,3.370172138170829,2.492546798627854,0.6936917789494044,-0.9405823229183861,0.22588613939033644,8.548983420432004,12.6352725981059,7.069448306910599,4502.938,1.2508161111111111,3.97092469447478,1.1803440003886885,00117.csv,B0047,116,117,4,1.1418015379428537,47
4.1933895299679325,3.4983119317914344,3.367920943746027,2.4752083843332136,0.6950775981764981,-0.940166082376245,0.2267170894522368,8.545644001542279,12.45444631401429,7.30887586115927,4483.094,1.245303888888889,3.9491762065216625,1.1746688793073021,00119.csv,B0047,118,119,4,1.136058647502255,48
4.192510832064287,3.5110021651084087,3.3731133787458685,2.4974098896142385,0.6815086669558785,-0.9385550163357156,0.22966915864031245,8.530684068571667,12.18400994607025,7.495438571816253,4448.36,1.2356555555555555,3.9129645439161207,1.1632553688835032,00121.csv,B0047,120,121,4,1.1236364680969286,49
4.1689267149519535,3.467446039936088,3.3570684734893477,2.470530852621601,0.7014806750158655,-0.9458548848985765,0.21495570482077583,8.5880890540764,12.849012968534735,7.35148768925649,4440.531,1.2334808333333334,3.92419482246007,1.1707548247896828,00125.csv,B0047,124,125,4,1.1320498900328944,50
4.191753022543457,3.509096311319358,3.3691516897861753,2.480060412530898,0.6826567112240993,-0.9389122330771017,0.22889493172857928,8.520717953543993,11.44307926801482,6.096017574821557,4416.547,1.226818611111111,3.8861668888818586,1.1557056003379855,00127.csv,B0047,126,127,4,1.117010176215815,51
4.192116566565046,3.46467879035011,3.3578225461504885,2.482310382215253,0.727437776214936,-0.9483861774789661,0.20976839206152106,8.509426489984776,12.895633770945397,7.771730187482156,4382.937,1.2174825,3.885206841818043,1.1589066184592065,00129.csv,B0047,128,129,4,1.120043039721982,52
4.192241727517348,3.5074830754383517,3.3676285575809373,2.499914991218416,0.6847586520789961,-0.9414049088928775,0.22442590227740364,8.454153696786289,11.573902587010837,6.964154614557398,4347.453,1.2076258333333334,3.8340982765770697,1.1408248352146786,00131.csv,B0047,130,131,4,1.1059773445917065,53
4.192932934065261,2.9946951355251095,3.449492446913663,2.9946951355251095,1.1982377985401511,-0.9867055393374604,0.08960900476023077,8.047459499367323,10.553052640742196,5.182978109514467,3581.188,0.9947744444444445,3.391807718109667,0.9849039662868909,00133.csv,B0047,132,133,4,0.0,54
4.151696493245396,3.4982675194968915,3.372493003925355,2.47468810834507,0.6534289737485044,-0.9331169601303769,0.23957458384935962,8.476574571858773,11.984288635557064,8.101775612048593,4746.5,1.3184722222222223,4.155085227124393,1.2339057499004729,00137.csv,B0047,136,137,4,1.1907902374762016,55
4.1736256040616375,3.4525558254032793,3.382136756328252,2.4936019875098454,0.7210697786583582,-0.9478477265636571,0.21080243893717954,8.567006275916873,12.836265571184011,7.446598468197589,4679.156,1.2997655555555556,4.176770357722922,1.236197039951197,00141.csv,B0047,140,141,4,1.2012387088454022,56
4.194390827243979,3.40723398630424,3.383822718764627,2.4794043785439617,0.7871568409397396,-0.956443523785203,0.1911769096972139,8.607327084258758,12.655987301395294,7.005940022524309,4596.578,1.2768272222222223,4.144342891126707,1.2257395906954462,00143.csv,B0047,142,143,4,1.1906909549024802,57
4.194161811786053,3.438465020597029,3.3860339727551585,2.495823360233662,0.755696791189024,-0.9528668500629852,0.19997155885200238,8.707959029152644,12.20963360823446,6.445965365840569,4544.641,1.2624002777777776,4.0840047562958866,1.2073574320161247,00145.csv,B0047,144,145,4,1.1764375730308343,58
4.194190653204952,3.435754173705419,3.3841395923852935,2.4834980820953168,0.7584364794995331,-0.9523529313575727,0.2004708697045603,9.003534328496398,12.780134013784457,7.084453431386641,4526.938,1.2574827777777777,4.063996118091832,1.2021002149164135,00147.csv,B0047,146,147,4,1.1628110372792353,59
4.194292935889806,3.4443815553851276,3.3827771801616175,2.4920392941768497,0.749911380504678,-0.9518066439769568,0.20145528266983814,9.02852617906244,12.658108002877777,7.212092109410009,4487.438,1.2465105555555556,4.024152145256463,1.1909467689430313,00149.csv,B0047,148,149,4,1.1516152840582583,60
4.146356741131726,3.4258324018323396,3.364536091766799,2.488243242390158,0.7205243392993861,-0.9517057744990748,0.20104472563134193,9.027729535660669,13.24936801902594,7.4276869580709945,4513.312,1.2536977777777778,4.025782962171218,1.1978008520410302,00153.csv,B0047,152,153,4,1.1583673498348623,61
4.172368631167838,3.4661204268370387,3.3787603150369994,2.498187334581169,0.7062482043307989,-0.9457722537487265,0.21430530493640423,9.071608131387514,13.102537521023756,7.252246361737442,4568.438,1.2690105555555555,4.064930675020715,1.204570098801115,00157.csv,B0047,156,157,4,1.1692285288386206,62
4.193697451503613,3.4446132424186633,3.38042492580436,2.4982213366801296,0.7490842090849501,-0.9517682668620395,0.20166054745187945,9.050284055951,13.019156020970016,7.20570107658858,4499.656,1.2499044444444445,4.032402266208717,1.194231174285528,00159.csv,B0047,158,159,4,1.1588148476218465,63
4.193432136090228,3.4103729051603433,3.3757552328187086,2.4715997205282143,0.7830592309298843,-0.9577750037054298,0.1878394071811764,8.986064263951343,12.612257184300963,7.042188874917429,4430.984,1.230828888888889,3.9912121800867384,1.183540181416373,00161.csv,B0047,160,161,4,1.1439588147705455,64
4.193707973256604,3.4358247775121717,3.3744651760728988,2.4972991957929973,0.7578831957444323,-0.9541869981546398,0.19641372726719414,9.036875447987502,12.968805846071126,7.002084603853636,4411.141,1.2253169444444443,3.9565963116150704,1.1739495608589763,00163.csv,B0047,162,163,4,1.1383941068159398,65
4.193728328919069,3.4270575222731954,3.6287077311529012,3.4270575222731954,0.7666708066458736,-0.9792035664803379,0.12245843381625332,7.698431744424151,9.05446951177611,3.754632567159214,1991.531,0.5532030555555555,1.9723187991140085,0.5453200095310401,00165.csv,B0047,164,165,4,0.0,66
4.166980224197571,3.5106107478750306,3.3850807989789566,2.475863858583421,0.6563694763225407,-0.9269695970852067,0.24969369445325132,9.095394308322597,13.123905320087225,7.20627888739228,4883.312,1.3564755555555554,4.263222730425775,1.2611900832703808,00169.csv,B0047,168,169,4,1.2213102850395667,67
4.1751120424901105,3.4214066417633813,3.3900890450634233,2.482088014003299,0.7537054007267292,-0.9526683776410486,0.19913034535695295,9.009063913586548,13.179418154583676,7.330492563239509,4663.907,1.2955297222222222,4.196941664910836,1.2388289835633437,00173.csv,B0047,172,173,4,1.2031062978889062,68
4.195168632438667,3.3951588495296066,3.3919885847746993,2.484545959502679,0.80000978290906,-0.9591403423116251,0.18572622296962701,8.958051495293551,12.742282067813369,7.682381133151716,4581.328,1.2725911111111112,4.153751480711932,1.225510619174348,00175.csv,B0047,174,175,4,1.1897147112197684,69
4.19482784099826,3.417243809422241,3.3862399608298266,2.4817240149799855,0.7775840315760187,-0.9554277687381623,0.1943298107542679,8.972563208541265,13.23162562344335,7.979345566701819,4553.031,1.2647308333333334,4.104697344638633,1.213219721770526,00177.csv,B0047,176,177,4,1.177422568842014,70
4.194470276921028,3.406567642998465,3.383817098626054,2.475682459777723,0.7879026339225632,-0.9577201485364993,0.1876484049828698,9.037146843138395,12.857920538298638,6.946010396092981,4486.5,1.24625,4.051745529584168,1.1985503359136358,00179.csv,B0047,178,179,4,1.158443027293818,71
4.194180006661532,3.4146895251408456,3.3818846696550433,2.4992087242533025,0.7794904815206865,-0.9573123780210179,0.18865171164480396,9.009035929017505,12.67528068575023,7.309354332507813,4450.625,1.2362847222222222,4.014765260913163,1.1884531616634397,00181.csv,B0047,180,181,4,1.1567087516841796,72
4.202937200343293,3.678452965469899,3.3507147228969534,1.990881848788414,0.5244842348733942,-0.6795680439600006,0.4709086225675265,9.485217152757082,15.71039018923076,10.403766368461213,6436.141,1.7878169444444443,3.9162220133643757,1.2128022183668825,00185.csv,B0045,0,185,4,1.0819793880779518,1
4.1669008679698605,3.663097390180859,3.343710562419324,1.987597263698,0.5038034777890017,-0.6847946624076122,0.4688662501485914,9.412485833762908,16.327881769438125,11.237715687235951,5650.265,1.5695180555555557,3.465636899218773,1.073882002366448,00189.csv,B0045,4,189,4,0.927952404748273,2
4.187652780308948,3.674371007397814,3.357113032625278,1.9885380767186824,0.5132817729111339,-0.6646163130202214,0.4763092167102513,9.14441346005273,16.190453016227536,11.220409626873064,5590.907,1.5530297222222222,3.328953235269964,1.0312660192261873,00191.csv,B0045,6,191,4,0.885193608411576,3
4.188401226248918,3.6817897500731527,3.358646172572514,1.969241613952096,0.5066114761757654,-0.6509315601298676,0.48076992050578465,9.074180330499932,16.44564599364816,11.674583943777996,5543.61,1.5398916666666667,3.221570203777947,1.0009278888010236,00193.csv,B0045,8,193,4,0.8581010699478283,4
4.188303916193977,3.688499142654617,3.3660643885240518,1.9830542841988097,0.4998047735393598,-0.6402275004489041,0.483985227324104,9.063698357219925,16.652821920677077,11.930303643996712,5499.046,1.527512777777778,3.143913761639466,0.9765239851939248,00195.csv,B0045,10,195,4,0.8409352213456689,5
4.18828020412361,3.6948450418453898,3.367910347978234,1.980464521626357,0.4934351622782205,-0.6317025380405665,0.4862605528227397,9.076577071060372,16.626045153527933,11.920909512664565,5461.219,1.5170052777777778,3.0740008030225137,0.9568339226672333,00197.csv,B0045,12,197,4,0.8245471942901911,6
4.115206177316684,3.7010520128314486,3.357745333360116,1.9822192378370669,0.4141541644852351,-0.6176226155232352,0.48978886732539484,9.265023738219778,16.231693733501764,11.620350877507068,5451.281,1.5142447222222222,2.970677517448366,0.9337346551339416,00201.csv,B0045,16,201,4,0.7935960418803983,7
4.166213617468092,3.69898995831713,3.3696607473704705,1.9987122390470569,0.46722365915096153,-0.627554191403777,0.48739130422396426,9.339350112299787,16.185673883928935,10.910301994366845,5468.062,1.518906111111111,3.0536033614634923,0.9515514914534959,00205.csv,B0045,20,205,4,0.8183676087159205,8
4.188858082816243,3.70244357387636,3.3747312015520436,1.97927314966301,0.48641450893988347,-0.6227956362441027,0.4886004403514843,9.308634523153344,16.52621032903044,11.432263016951175,5411.297,1.5031380555555554,3.0016799414433293,0.9348358541352806,00207.csv,B0045,22,207,4,0.7977644276409412,9
4.189052979187811,3.704020503426279,3.381799182114607,1.9640518711887227,0.48503247576153186,-0.6164358149352739,0.4900880896858556,9.254145206672922,15.196414604557985,9.617841260425607,5369.703,1.4915841666666667,2.9534843568581435,0.9180568154220528,00209.csv,B0045,24,209,4,0.7993777411831636,10
4.189280705297697,3.7078446962381064,3.385176591409285,1.9965583229383297,0.4814360090595904,-0.6124951744838439,0.4910475561774714,9.291749311540086,16.354435553014117,11.261279216098824,5327.406,1.479835,2.9084277764283057,0.9046016061544673,00211.csv,B0045,26,211,4,0.7783107440628891,11
4.189527524041756,3.706347835294092,3.3813096388474886,1.9676140964966768,0.4831796887476636,-0.6120748119063896,0.4910958019749209,9.310447961834724,15.57016420519042,10.063414486604335,5299.266,1.4720183333333332,2.888614814262913,0.899460272468918,00213.csv,B0045,28,213,4,0.7803738231239117,12
4.096886292796828,3.7008319877296514,3.3490369985986668,1.98770164017674,0.39605430506717676,-0.6158982943710155,0.49022105726068954,9.29775486780575,16.481904111846188,11.271483318954957,5367.172,1.490881111111111,2.90336393765247,0.9171042156644478,00217.csv,B0045,32,217,4,0.7713058245640294,13
4.165741464264874,3.704404289307393,3.3694542187312684,1.99572402940065,0.4613371749574813,-0.625377064856349,0.4877759796268495,9.245632947295453,16.686364651804713,11.936751917785037,5406.812,1.5018922222222222,3.0016978544503896,0.937598187647872,00221.csv,B0045,36,221,4,0.795279016979026,14
4.189116912804917,3.705075889530729,3.3771129586319466,1.9723902186883997,0.4840410232741883,-0.6180221346577055,0.4896087497095646,9.21860683892004,16.527315358470222,11.511902702885745,5353.094,1.4869705555555555,2.9437846169055613,0.9175910201211444,00223.csv,B0045,38,223,4,0.7824128169919247,15
4.189394418073402,3.7080145188067903,3.382104218416538,1.976007577264544,0.4813798992666114,-0.6121745879630046,0.49096772180088016,9.19413015419709,16.325076195754107,11.58041299003693,5280.031,1.4666752777777778,2.8773385187070533,0.8965712660816026,00225.csv,B0045,40,225,4,0.7649414992231182,16
4.189251613691141,3.7103292795390734,3.3859954600090036,1.9786838559411903,0.47892233415206764,-0.6064321892488668,0.49229865653085625,9.188267060937262,16.18780234880546,11.182821322159265,5248.593,1.4579425,2.831983093296051,0.8824972412677623,00227.csv,B0045,42,227,4,0.7544899426779375,17
4.18999236240837,3.710136582658889,3.3830345538672018,1.9866467601774969,0.4798557797494811,-0.6063996219926951,0.49243513795509547,9.211910760834266,16.54868871782283,11.521485204541301,5203.375,1.4453819444444445,2.8044332245556167,0.8749430564871185,00229.csv,B0045,44,229,4,0.7504048978314295,18
4.165973150657214,3.7108957795935584,3.37881379914347,1.9915335628511552,0.45507737106365553,-0.6022530715841198,0.49315165917011455,9.15685740939557,15.893386512216576,10.554770087293834,5166.812,1.4352255555555555,2.753905669298891,0.8622476679056045,00233.csv,B0045,48,233,4,0.7407258109620256,19
4.1894414322262765,2.942421777794815,3.406714657706338,2.942421777794815,1.2470196544314613,-0.9941901888810815,0.10720130260718394,8.865755104549711,11.62448622814209,6.4809916186045236,2384.094,0.6622483333333333,2.2478048247598332,0.6613523832548287,00235.csv,B0045,50,235,4,0.0,20
4.195641973763218,3.72048442804489,3.389059266953008,1.9935644864605024,0.4751575457183277,-0.5861859230293525,0.4961015167504016,9.104538013834128,16.273556126855052,11.409281076799466,5340.281,1.483411388888889,2.7653398332474395,0.8676977964263624,00237.csv,B0045,52,237,4,0.7308525593793626,21
4.189381114418313,3.71321400681084,3.3783919657677504,1.9937078109097683,0.47616710760747294,-0.6037251705699035,0.49288338074389093,9.196243634400288,16.57769275391533,11.661765466966415,5103.0,1.4175,2.728497566342504,0.8543321440659496,00239.csv,B0045,54,239,4,0.7287255851177903,22
4.189726548094093,3.713750450899932,3.377934624269061,1.9840988185168291,0.4759760971941609,-0.6039804007945984,0.49293116450534197,9.224293881462565,16.451931737613187,11.380379330869118,5051.172,1.4031033333333331,2.7008532801591265,0.8460947337304512,00241.csv,B0045,56,241,4,0.7161023377036263,23
4.166113676768846,3.7127031451411376,3.3727225247575885,1.9818309446595743,0.45341053162770795,-0.6017545658130975,0.49336255206803853,9.239291915944644,16.660404158556567,11.462492941228852,5027.563,1.3965452777777778,2.6716462171213995,0.8392317095199604,00245.csv,B0045,60,245,4,0.7129204834988017,24
4.189756191273931,3.714311138945114,3.380735960428841,1.9984963466197732,0.47544505232881695,-0.6038091172028306,0.49294762156630717,9.220514425854448,16.192781213892964,11.207957504262874,4993.765,1.3871569444444445,2.674409195425929,0.8366760241642746,00247.csv,B0045,62,247,4,0.7141991829499618,25
4.1890449974281685,3.7154129272265513,3.3889133424072204,1.9886589228929203,0.47363207020161724,-0.6004829437675547,0.49363174722627573,9.140591023627803,14.742856005940368,9.336060425969091,4962.469,1.378463611111111,2.6491336376052184,0.8264122469632,00249.csv,B0045,64,249,4,0.7190570819844222,26
4.189274783071479,3.716384100528091,3.3855430731736647,1.983664414073366,0.47289068254338806,-0.6033075067931543,0.49303353778407133,9.05273466167465,14.693521549329,9.23604327086369,4907.859,1.3632941666666667,2.6284771940307845,0.8210877207955983,00251.csv,B0045,66,251,4,0.7173975428775917,27
4.189518201774546,3.715242850218056,3.375688256474184,1.9705703151314151,0.47427535155649014,-0.6065620900458145,0.4922877337593462,9.311519157220646,15.86983818237976,11.169828713549872,4888.656,1.35796,2.6241361767184452,0.8225520449650956,00253.csv,B0045,68,253,4,0.7071027496463946,28
4.166301702021804,3.716189989859948,3.37794278508875,1.971779249329659,0.45011171216185586,-0.601440239072105,0.49335894405240655,9.167853966731156,14.829662137922766,9.248087246277532,4866.25,1.351736111111111,2.5867566318483686,0.8113760512283277,00257.csv,B0045,72,257,4,0.703531206505542,29
4.19002918934191,3.715704598052087,3.373558298075209,1.9938420365930107,0.47432459128982307,-0.6098007335968902,0.4915016872800436,9.287848514483294,15.906462051621896,10.817811816720258,4836.125,1.3433680555555556,2.608958165491513,0.818153552025326,00259.csv,B0045,74,259,4,0.6941108278958862,30
4.1895524054233135,3.714616483624382,3.368742642573582,1.9993629637641337,0.47493592179893174,-0.6120661413012833,0.4911212286556692,9.322184761530549,16.353770501511462,11.164873811076795,4801.485,1.3337458333333332,2.597311617953136,0.8155401711889894,00261.csv,B0045,76,261,4,0.6914114388869608,31
4.189008492340535,3.714262676835134,3.3718000664169727,1.9932756058141663,0.47474581550540096,-0.6132829070943792,0.49077886948394683,9.289681276195049,15.076528277493722,9.426116104841107,4760.938,1.322482777777778,2.5844998478084467,0.8099687976403923,00263.csv,B0045,78,263,4,0.6971551798505504,32
4.189696962609597,3.714403829962072,3.366360304166582,1.9801057444800896,0.47529313264752515,-0.6139518980958842,0.49066392240823736,9.365909184464234,16.045850353764667,10.757884886842625,4740.907,1.316918611111111,2.571169204254496,0.8078976204819196,00265.csv,B0045,80,265,4,0.6832460217432723,33
4.089724777212303,3.712721112010587,3.342277843498783,1.9944009127947364,0.3770036652017157,-0.6004805193877815,0.4935811221420622,9.328022708662925,16.24823467681854,11.306140300251627,4914.532,1.3651477777777778,2.566229527491437,0.819351267275212,00269.csv,B0045,84,269,4,0.6822029317493292,34
4.165986533295463,3.7153780330420183,3.3722684174392836,1.9913126738513705,0.4506085002534448,-0.6129419979147948,0.4909005802848438,9.373114023056761,15.761879553141288,10.068645663261655,4998.656,1.3885155555555555,2.708955221208445,0.8500918362741616,00273.csv,B0045,88,273,4,0.7289529213213379,35
4.188598948796885,3.711495480121666,3.357634548884028,1.9818085465777888,0.47710346867521913,-0.6242152942509949,0.4881625695224866,9.306835708093752,16.349393593197068,11.219634628602225,4890.015,1.3583375000000002,2.6933888110607045,0.8471337462371367,00275.csv,B0045,90,275,4,0.7139321758287004,36
4.188722662834883,3.7148856086306696,3.3697954619483568,1.999993313622792,0.4738370542042136,-0.6139171694764338,0.49076800859306174,9.339526786032339,16.22246271510604,11.04208063575011,4842.11,1.3450305555555555,2.628692879662383,0.8251184221641767,00277.csv,B0045,92,277,4,0.6957731747455482,37
4.188652677315742,3.716394120696523,3.3766733742445987,1.97465958029416,0.4722585566192192,-0.6092419901647167,0.4917377119068585,9.1327535688995,14.780023826016944,9.163686087530355,4798.281,1.3328558333333334,2.591200270574664,0.811960086088675,00279.csv,B0045,94,279,4,0.7018312962317095,38
4.1894790557667125,3.712423044727602,3.356692310359256,1.978180955008712,0.47705601103911066,-0.6214369612467493,0.48906210255686383,9.343849839453913,16.357147782799643,11.00479100679271,4739.188,1.3164411111111112,2.595500545657148,0.817367712553027,00281.csv,B0045,96,281,4,0.6911808244378487,39
4.165284595300714,3.717582613624396,3.3716599583869122,1.9845097801200728,0.44770198167631836,-0.6049628311237817,0.49260937466557053,9.257582649630315,15.304013119865168,9.819786391378102,4733.156,1.3147655555555555,2.52605831435863,0.794637355373946,00285.csv,B0045,100,285,4,0.6843279752855028,40
4.189848639216605,3.7152243853973026,3.358461612325261,1.992166497202334,0.47462425381930284,-0.620638817556179,0.4891848552713747,9.38425161776499,16.298057069520368,11.246766413398824,4670.61,1.2973916666666665,2.5545386041358102,0.8047276941940891,00287.csv,B0045,102,287,4,0.6741394908812485,41
4.165425573897933,3.718067406495371,3.3733153872943236,1.9991203083414104,0.4473581674025615,-0.6013875939812509,0.4933925716263481,9.144982402264807,15.088230300481198,10.064613155464873,4635.0,1.2875,2.4591156465104884,0.773719368090881,00289.csv,B0045,104,289,4,0.6670070174301739,42
4.188987638858462,3.7173141911938457,3.367632771675607,1.9790832878431537,0.4716734476646165,-0.6146269558442435,0.49051516443029824,9.26257479341655,15.201775291002932,10.416451503590899,4615.86,1.2821833333333332,2.5058255488381587,0.7876492414399753,00291.csv,B0045,106,291,4,0.6804085117374855,43
4.1895804149451985,3.71691203309215,3.363321307304569,1.9986367632788744,0.4726683818530484,-0.6171094630530605,0.49012020332404654,9.40011028670591,15.820509282900383,10.675248304222224,4580.75,1.2724305555555555,2.493498457603701,0.7848625122010218,00293.csv,B0045,108,293,4,0.6617864063235485,44
4.165726010477988,3.7145612024997487,3.346491714827562,1.971372324589047,0.4511648079782389,-0.6209228615247188,0.48917804370853557,9.419332811255556,15.58071439830652,10.166127529660455,4557.406,1.265946111111111,2.4814041393404103,0.7857271921048166,00297.csv,B0045,112,297,4,0.6623168733492338,45
4.188826402459722,3.71758038160168,3.3599039237162853,1.9843056004522797,0.47124602085804224,-0.6204303388657685,0.4893291758248713,9.207828068558017,14.525034072927795,10.03008801294872,4524.0320000000065,1.2566755555555573,2.474672407179205,0.7793223757297073,00299.csv,B0045,114,299,4,0.6679358357181778,46
4.189296725569063,3.715840088088744,3.349639562276425,1.9946795397137125,0.4734566374803193,-0.6244948594173985,0.48816352011293673,9.478974220669317,16.256345838594637,10.480505088316768,4502.938,1.2508161111111111,2.47165112564205,0.7811886492230384,00301.csv,B0045,116,301,4,0.6488990885270688,47
4.189791506946971,3.716260669858614,3.352423027875088,1.9789936656967484,0.4735308370883571,-0.6219881914832105,0.48876587655172593,9.37536325812961,15.916519503570711,10.523668544403776,4483.094,1.245303888888889,2.4516701838977766,0.7745041075561339,00303.csv,B0045,118,303,4,0.6503639129625527,48
4.189224626327275,3.717175991704089,3.3563090390508155,1.9690947658783289,0.4720486346231856,-0.6249048536030644,0.4882287311799085,9.348977069227304,15.322696472607957,10.333780537953714,4448.36,1.2356555555555555,2.4338385030251746,0.7680682014640418,00305.csv,B0045,120,305,4,0.6572077690202801,49
4.165215565897099,3.715827934222603,3.340602870094091,1.9951107736579323,0.449387631674496,-0.6235638134980177,0.4885975143935363,9.539830147989116,16.435471374813734,11.32070187628552,4440.531,1.2334808333333334,2.4222886862282076,0.7692118485234384,00309.csv,B0045,124,309,4,0.6363517458476216,50
4.188761935596181,3.715152561832933,3.348511229053965,1.965197509539028,0.4736093737632485,-0.627718646983615,0.4874665205122714,9.436879605277216,14.7528730574534,9.322672712421202,4416.547,1.226818611111111,2.439128915122498,0.7702463385827432,00311.csv,B0045,126,311,4,0.6536449360948587,51
4.188802708146619,3.713217742985668,3.3328844784891074,1.9820270227741772,0.4755849651609507,-0.6340722598435242,0.48569428810927634,9.4879310296259,16.57328291132994,11.355937564468412,4382.937,1.2174825,2.4321384070498877,0.7722547371249688,00313.csv,B0045,128,313,4,0.6391428272150887,52
4.18882331762149,3.717993419303729,3.3518219079975298,1.9731005832473112,0.47082989831776123,-0.626972097350462,0.4876530209253673,9.300314416191522,14.528444176948046,9.708135894440083,4347.453,1.2076258333333334,2.3996730172248366,0.7573680142365171,00315.csv,B0045,130,315,4,0.6482206049496236,53
4.189177173035626,3.696749648236704,3.2683273500289816,1.9974420919351863,0.4924275247989218,-0.7596521990041524,0.43292211845717754,10.076022301978172,15.828293567742277,10.272451270920111,3581.188,0.9947744444444445,2.3937540377853197,0.7581106988767381,00317.csv,B0045,132,317,4,0.6287957471922729,54
4.0872023413860825,3.7160972305125295,3.3368580984170784,1.9759474231215743,0.371105110873553,-0.5857626315966499,0.496285742528061,9.254842453288928,15.05093934814998,10.77166719242744,4746.5,1.3184722222222223,2.3982732011956607,0.7720259268267413,00321.csv,B0045,136,321,4,0.6380571850193401,55
4.164517478268349,3.7163563542691977,3.339305489603821,1.9944210992064384,0.44816112399915164,-0.6234849422351091,0.4885744602290706,9.58411609363967,16.878888140585346,11.399800338688713,4679.156,1.2997655555555556,2.5465184020066576,0.8100889821766183,00325.csv,B0045,140,325,4,0.6554825047832906,56
4.1883794105875705,3.714955821201089,3.339570448565296,1.972391693643957,0.4734235893864813,-0.625755737381111,0.4880219498520563,9.566905713744635,16.752865016509336,11.86699170852346,4596.578,1.2768272222222223,2.5165585097631595,0.7991821304699638,00327.csv,B0045,142,327,4,0.6484934835397033,57
4.188367290905127,3.715784593198778,3.3451677206996573,1.9932621672542288,0.4725826977063492,-0.6206303941303277,0.4894362241256608,9.486246140892044,16.630725230629476,11.358594096497452,4544.641,1.2624002777777776,2.4715596375369753,0.78396245964016,00329.csv,B0045,144,329,4,0.6454071687844921,58
4.189241965038727,3.7167229763182954,3.3544794166161487,1.9848873247448808,0.47251898872043174,-0.6149058946531849,0.4905691574628382,9.492943245052498,15.270710849004711,9.369620967593914,4526.938,1.2574827777777777,2.4452488570454705,0.7734492665896294,00331.csv,B0045,146,331,4,0.6427008031845645,59
4.189229122156955,3.714388789780833,3.3411905698302573,1.9683654551310577,0.47484033237612167,-0.6208754134190153,0.48920875141857717,9.621291466671476,16.438070093673065,10.805011622488383,4487.438,1.2465105555555556,2.438284630809383,0.7742790059433127,00333.csv,B0045,148,333,4,0.6352454880802477,60
4.106079484073849,3.7198421765926537,3.3372444928972818,1.9924043536128275,0.3862373074811951,-0.5953707956325988,0.49451502854983537,9.480811280043975,15.659914658719188,10.294586432457127,4513.312,1.2536977777777778,2.3241208285199613,0.7467410407470682,00337.csv,B0045,152,337,4,0.6156760019587869,61
4.132422979505627,3.717171800752999,3.3510332188429146,1.9776141524479487,0.41525117875262785,-0.5897510821772117,0.49557443330039486,9.448949676434,15.265721279585906,9.184176986641098,4568.438,1.2690105555555555,2.3441444863145637,0.7485153234018784,00341.csv,B0045,156,341,4,0.6170833682807023,62
4.18912672162077,3.719304997626814,3.3573066817086326,1.996982635601323,0.46982172399395594,-0.612901822920554,0.4910305033243829,9.522656892771677,15.459947276103474,9.450041015203176,4499.656,1.2499044444444445,2.422879991854705,0.7666623097027808,00343.csv,B0045,158,343,4,0.6434227390858672,63
4.1893708877050795,3.716123038638658,3.3367004271481884,1.9822999400765693,0.47324784906642137,-0.6232202673264151,0.4886917095549094,9.570096566546104,16.472719613709117,10.750013368641667,4430.984,1.230828888888889,2.4120170190443764,0.7676713276255542,00345.csv,B0045,160,345,4,0.6278124433742752,64
4.189359078886884,3.718936541406787,3.3507625069372007,1.9703495135592828,0.470422537480097,-0.6137007803105949,0.4907820426797052,9.488568418373822,15.321947787344948,9.15211262490505,4411.141,1.2253169444444443,2.3725244281043154,0.752568904246578,00347.csv,B0045,162,347,4,0.6290078315253372,65
4.1893540752465075,2.9329708174243927,3.3925513327274577,2.9329708174243927,1.2563832578221148,-0.9901523172837655,0.12351722298157436,8.948370017570232,11.709111497619928,6.222827605980451,1991.531,0.5532030555555555,1.8601768634524452,0.5513955825712318,00349.csv,B0045,164,349,4,0.0,66
4.106980966416932,3.721153344360381,3.3452602996349197,1.980504790064301,0.3858276220565515,-0.5721341781091527,0.49819938486931425,9.378195494421618,15.469187485474004,10.120631492549057,4883.312,1.3564755555555554,2.4061056387407245,0.7759812097348777,00353.csv,B0045,168,353,4,0.6266355568292261,67
4.165436559350493,3.720884786235493,3.3478192813331984,1.9754246490329657,0.4445517731149997,-0.6067408181545574,0.49200658915849876,9.495184531517388,15.90915813248566,10.653980176096368,4663.907,1.2955297222222222,2.4680430880388786,0.7865150837648469,00357.csv,B0045,172,357,4,0.6495813516716594,68
4.189250217496488,3.7201977043603742,3.3500352436555985,1.9843068510361204,0.4690525131361136,-0.6091205801279866,0.4917570118008163,9.474914433741436,16.128312311530546,10.795779440706532,4581.328,1.2725911111111112,2.4377722626047693,0.7753624877007114,00359.csv,B0045,174,359,4,0.6337485177966306,69
4.189075663187289,3.7209700450881633,3.3590566596536764,1.9881721268958945,0.46810561809912565,-0.5996804433722752,0.4939309754305879,9.411639640493867,15.803292200329722,10.186272672944812,4553.031,1.2647308333333334,2.389798295501456,0.7589768442629012,00361.csv,B0045,176,361,4,0.6298550929085645,70
4.189728966453982,3.719263297090984,3.3495911750877263,1.9809529177782503,0.4704656693629983,-0.6062605227298314,0.4923019638155643,9.476832839675836,15.46350630780127,9.566640975680567,4486.5,1.24625,2.3767907094214666,0.7562396439146417,00363.csv,B0045,178,363,4,0.6183063778386736,71
4.1890724171726745,3.719865383776973,3.3462597198775272,1.9697892783360584,0.4692070333957017,-0.6055249640579493,0.4926159794839872,9.49822266009937,16.26952559815265,10.958224911245292,4450.625,1.2362847222222222,2.3495407994178836,0.7491616159482564,00365.csv,B0045,180,365,4,0.6069476168507777,72
4.223690952621402,3.472282086194371,3.4658606296374312,2.6876065414465464,0.7514088664270306,-0.9275960004271296,0.25327787170988963,7.9114909421254485,10.85194413164328,6.0228093332951484,6436.141,1.7878169444444443,5.756352421800361,1.660100520386815,00369.csv,B0048,0,369,4,1.6579955793677608,1
4.161851896835355,3.3843177878784885,3.4593246298099665,2.6835427959445024,0.7775341089568664,-0.95963764625613,0.18880344923880502,7.958927971485882,10.829468947828506,5.057240473390265,5650.265,1.5695180555555557,5.224072277146356,1.5096729705996987,00373.csv,B0048,4,373,4,1.5076933476098775,2
4.175466417206107,3.3712998717915488,3.4552294701778714,2.6769979855651793,0.8041665454145583,-0.9640819411783536,0.1779521735717097,7.708927821830712,11.053444137693344,6.456610869554258,5590.907,1.5530297222222222,5.186644817819353,1.5008903285707391,00375.csv,B0048,6,375,4,1.4989223343608031,3
4.174693750587349,3.4134542776865877,3.4575807060974952,2.6934384147921953,0.7612394729007614,-0.9590403279797144,0.19090580346319175,7.711890755969547,10.582379295049948,5.839296404019783,5543.61,1.5398916666666667,5.118125472491694,1.4803002351015344,00377.csv,B0048,8,377,4,1.4782919502497789,4
4.174741021763634,3.4407406799760074,3.4576403855897397,2.6967591738883163,0.7340003417876262,-0.9561581387967848,0.19750907760944017,7.733691649876036,10.227762694291696,5.137306073020586,5499.046,1.527512777777778,5.0605702737713685,1.4638488769174072,00379.csv,B0048,10,379,4,1.461856891390611,5
4.174511213058054,3.444141576376391,3.4540569996464043,2.6855475478766424,0.7303696366816625,-0.95562492940014,0.19834739069464222,7.713793706750157,10.448166696977866,5.395703690763681,5461.219,1.5170052777777778,5.01744262448878,1.4529456672109071,00381.csv,B0048,12,381,4,1.4509592706473475,6
4.141019898259104,3.416103079724194,3.436367401137892,2.6917502037421612,0.7249168185349104,-0.9577937939731281,0.19312075371317386,7.8513931260036465,11.087645565750543,7.155222438821644,5451.281,1.5142447222222222,4.994783380477559,1.4537296239841713,00385.csv,B0048,16,385,4,1.451746997147108,7
4.158004815622747,3.4607544010115348,3.4466304878843594,2.689384375743919,0.6972504146112124,-0.9502347980955429,0.2098007206025278,7.905320525605018,10.331525897326843,4.793673906990975,5468.062,1.518906111111111,4.9836570312693835,1.4463824321551688,00389.csv,B0048,20,389,4,1.444392866287476,8
4.173957792716822,3.456445474072732,3.4469353939775913,2.6855540838129546,0.7175123186440895,-0.95236200437101,0.20582971840427322,7.847675607740912,10.695473118282326,5.852307403150473,5411.297,1.5031380555555554,4.943866212614181,1.4347231770549405,00391.csv,B0048,22,391,4,1.432738323965376,9
4.173757067290182,3.4736422959401874,3.4438356242957933,2.689152622424136,0.7001147713499942,-0.9494102232020358,0.21206391187591123,7.926506175979814,10.588614300598088,5.075368066966802,5369.703,1.4915841666666667,4.885320049397578,1.4192437176921546,00393.csv,B0048,24,393,4,1.417241201438662,10
4.172904801080625,3.4739813813144704,3.4417182002819104,2.678956108681276,0.6989234197661545,-0.9492095088363941,0.21321472468095284,7.937097401174621,10.7107611721746,5.966782870286974,5327.406,1.479835,4.842510892885038,1.407720865777498,00395.csv,B0048,26,395,4,1.4057559944573452,11
4.173032965850683,3.50011120811147,3.439456123966976,2.688287422782237,0.6729217577392133,-0.9438502376761829,0.22433205465301886,7.9661274485105595,10.52686289722462,4.956963984798156,5299.266,1.4720183333333332,4.785051930806761,1.392286351869802,00397.csv,B0048,28,397,4,1.3902706269897065,12
4.1332844161551865,3.442563792741048,3.4300387550398135,2.680621623320638,0.6907206234141383,-0.9514090951270098,0.20723941002173946,7.886742523689043,10.680714357791624,6.5432711368491505,5367.172,1.490881111111111,4.8750515777419245,1.4217028139200776,00401.csv,B0048,32,401,4,1.4196659307880326,13
4.1566553119964516,3.4839781880410294,3.442487347026378,2.693587841641054,0.6726771239554221,-0.9441558237541219,0.22267914726596647,7.810373532807223,10.479304841863389,6.486851095458061,5406.812,1.5018922222222222,4.889351797768081,1.4210755268640967,00405.csv,B0048,36,405,4,1.4190563985232272,14
4.172913024979518,3.4936197447589277,3.443450036715218,2.6905447145318244,0.6792932802205907,-0.943749133811343,0.22396559073876146,7.869709498966687,10.378581035006627,5.816881590887779,5353.094,1.4869705555555555,4.839266619932458,1.4062775428955643,00407.csv,B0048,38,407,4,1.404272356704056,15
4.172334722190024,3.4801792910636653,3.4369770767738053,2.6889512479861937,0.6921554311263591,-0.948030574788209,0.2151793037861018,7.873285917762758,10.851484720266557,6.862144204648775,5280.031,1.4666752777777778,4.786799509104409,1.3936169461388428,00409.csv,B0048,40,409,4,1.3916140490958342,16
4.171533861821569,3.501249681415178,3.4351167375068576,2.6767423992621824,0.6702841804063908,-0.9424402883201639,0.2265055817316393,7.888295790156799,10.70498211965856,6.384124126300589,5248.593,1.4579425,4.725971266022117,1.3769943044038495,00411.csv,B0048,42,411,4,1.3749618350294734,17
4.172113180559959,3.5322167430398976,3.4352880614818906,2.692752260117709,0.6398964375200618,-0.936561624298611,0.23788899699697827,7.90514873318139,10.26828159930382,5.3164865337243095,5203.375,1.4453819444444445,4.654059053640754,1.3565407853521172,00413.csv,B0048,44,413,4,1.3545155713071164,18
4.152547964911409,3.534968564740955,3.426473499744202,2.69610071870072,0.6175794001704538,-0.9359740520534714,0.23908047727147577,7.9278743808781424,10.42028909453994,4.966908779779306,5166.812,1.4352255555555555,4.605212746614256,1.3460645880164352,00417.csv,B0048,48,417,4,1.3440223073315984,19
4.171642845757827,3.4429735829245125,3.6332673475295345,3.4429735829245125,0.7286692628333142,-0.9854751233942511,0.10629008508341334,7.084065434295192,8.382812028066311,3.244836904349097,2384.094,0.6622483333333333,2.378017530385092,0.6555552888931893,00419.csv,B0048,50,419,4,0.0,20
4.1766644930032495,3.5525521282978603,3.4231723044699156,2.6813752744142234,0.6241123647053892,-0.9249433480673207,0.258310368939546,7.950376644939932,11.025933551300648,5.95926310165347,5340.281,1.483411388888889,4.696330313358122,1.3744584940464464,00421.csv,B0048,52,421,4,1.372384475860572,21
4.171686901258687,3.5598794872131627,3.428797713311107,2.6946752970811247,0.6118074140455239,-0.9296783941589581,0.25047538219191096,7.891054732187375,10.196289899952207,4.663071699124401,5103.0,1.4175,4.518947433321346,1.3204708672123342,00423.csv,B0048,54,423,4,1.318410575267441,22
4.172000465131976,3.547612453624492,3.4246615589655964,2.6954700046169733,0.624388011507484,-0.9340469067277114,0.2425103313800676,7.911933312913009,10.67776116366158,5.229477055068411,5051.172,1.4031033333333331,4.489940962506668,1.313381261166544,00425.csv,B0048,56,425,4,1.3112727599578604,23
4.150939254828758,3.5660999613662216,3.420260120001828,2.696945913635699,0.5848392934625366,-0.9282929869770825,0.25271220942756756,7.9731250548171255,10.197605675555666,4.6345830128059475,5027.563,1.3965452777777778,4.433682068621725,1.2991162399166145,00429.csv,B0048,60,429,4,1.2970172419001187,24
4.171107672675929,3.5380254986159865,3.4176468335228454,2.678219557836974,0.6330821740599428,-0.9361639727698597,0.23902664150431654,7.988820643678426,10.817583822184044,5.5122868457875205,4993.765,1.3871569444444445,4.441095679205919,1.3016151046440354,00431.csv,B0048,62,431,4,1.2995219526631718,25
4.170406220123355,3.5629135484227303,3.4172601086559014,2.6929901554909765,0.6074926717006246,-0.9299928998106647,0.24981721597972836,7.990220402102304,10.516072793190034,5.133862397346612,4962.469,1.378463611111111,4.380551074736058,1.2847079185589771,00433.csv,B0048,64,433,4,1.2826154066729571,26
4.169460748536267,3.5512780093003813,3.4115448650857543,2.6849697818820895,0.6181827392358854,-0.934806579329965,0.2414929966073137,7.882690956878554,10.549697060839051,6.225755638351025,4907.859,1.3632941666666667,4.348848524361624,1.2773727677235294,00435.csv,B0048,66,435,4,1.2752890152407,27
4.170165006607723,3.5396408376560102,3.4065891490442124,2.6836073579697186,0.6305241689517129,-0.9370645194852636,0.23703345271446652,8.054682377673142,11.262651366620426,7.315300101334252,4888.656,1.35796,4.337242618330728,1.2756298002771975,00437.csv,B0048,68,437,4,1.2735572473264072,28
4.148906074950599,3.5615297314630223,3.404850768576602,2.6880496504528555,0.5873763434875765,-0.9310772172053213,0.24793431027140464,7.989516678064296,10.67022537319244,5.858668891229884,4866.25,1.351736111111111,4.284940939721871,1.2615056295753138,00441.csv,B0048,72,441,4,1.2594114333938535,29
4.170272562112315,3.53722237539844,3.4037388246513496,2.6866245843324728,0.6330501867138745,-0.9394586031577282,0.23328767732457542,8.031961049301984,11.290252755528313,6.068007090518063,4836.125,1.3433680555555556,4.298267141079565,1.2652590791233238,00443.csv,B0048,74,443,4,1.2631632585495876,30
4.170271899546104,3.5496811764510317,3.4068285577090975,2.698617918096401,0.6205907230950722,-0.9358379166065879,0.23965062329791603,8.043229181254354,10.973350060572036,5.295489008322056,4801.485,1.3337458333333332,4.253758790206857,1.2512713415680163,00445.csv,B0048,76,445,4,1.2491717310136363,31
4.1694521749389235,3.569510253850017,3.4086789774100317,2.699107325579607,0.5999419210889063,-0.9322392887454545,0.2463182031151368,8.03181115051043,10.3391489283262,5.1787248096768925,4760.938,1.322482777777778,4.203018327826415,1.236102233620763,00447.csv,B0048,78,447,4,1.233984347835307,32
4.170146996930818,3.5359903310504452,3.3973450050321667,2.6835548325191994,0.6341566658803726,-0.9406998132859437,0.23040883361870534,8.097013437245893,11.22843469416495,5.958057132776801,4740.907,1.316918611111111,4.211572188146293,1.2421589936730353,00449.csv,B0048,80,449,4,1.240031992028868,33
4.12494331073437,3.458324598835496,3.3993392010348766,2.681569834191177,0.6666187118988738,-0.9537093572867028,0.20304574630930244,8.022533123805395,11.142187018109254,6.412846247701139,4914.532,1.3651477777777778,4.434265672931174,1.305767250425275,00453.csv,B0048,84,453,4,1.30370857198071,34
4.151287967783268,3.5001428321460777,3.4116534333763227,2.683679055503892,0.65114513563719,-0.9460022622334843,0.21959175693865884,8.108172025448226,11.266783334689707,6.158777024078931,4998.656,1.3885155555555555,4.488052987885396,1.3171857435424772,00457.csv,B0048,88,457,4,1.315055963470538,35
4.170265534323388,3.513422953465616,3.417645007960136,2.682654869893668,0.6568425808577718,-0.9477332619889278,0.21605195224589466,7.8977220071348055,10.42585253276335,5.263559427577311,4890.015,1.3583375000000002,4.4057693980640185,1.2909671667129277,00459.csv,B0048,90,459,4,1.2888738300982074,36
4.1709795561538705,3.471075221902585,3.4079105797438367,2.6823844675903756,0.6999043342512854,-0.955996398502354,0.19799087633964266,8.04149350152151,11.216029100406416,5.766315113382461,4842.11,1.3450305555555555,4.390386213206206,1.2897848219423516,00461.csv,B0048,92,461,4,1.2877137595885193,37
4.169424514471797,3.5075032151188377,3.407164499269472,2.686240486840372,0.6619212993529593,-0.9495988780290303,0.21221449626411665,7.954120438181095,10.782099455149345,6.23537657057071,4798.281,1.3328558333333334,4.318838702795709,1.2694454309750303,00463.csv,B0048,94,463,4,1.2673379985315465,38
4.170624380836064,3.5204478581250704,3.411264697940678,2.6969281633328235,0.6501765227109937,-0.9487217927497306,0.213748588156227,7.997450587692992,10.321202935071105,4.818192077218325,4739.188,1.3164411111111112,4.2661549965082965,1.2526910553890116,00465.csv,B0048,96,465,4,1.250594345697306,39
4.149740744130536,3.5140131665479344,3.399055092260418,2.697244348677796,0.6357275775826019,-0.9484783034454789,0.21404457703719473,8.033089769228212,10.97070399517944,6.4877422150723,4733.156,1.3147655555555555,4.24443314683835,1.2508656512570802,00469.csv,B0048,100,469,4,1.2487131179395878,40
4.170538290499679,3.459150098165392,3.397998613644679,2.682663772646134,0.7113881923342871,-0.960288282497019,0.18801623825695132,8.032822875095608,11.121182366824469,5.498779497291698,4670.61,1.2973916666666665,4.242131161018293,1.2500860482002163,00471.csv,B0048,102,471,4,1.248002326082933,41
4.170102316006519,3.4987236862330846,3.3968749308721438,2.6897565950033164,0.6713786297734341,-0.9538841832821683,0.2032917749548563,7.971994643634386,10.805368665446066,5.73925583210223,4635.0,1.2875,4.1787184193327835,1.232187514831649,00473.csv,B0048,104,473,4,1.2300895244599586,42
4.169002458595089,3.4974998330965534,3.3949285391136215,2.6851150517360427,0.6715026254985355,-0.9534653843148169,0.20386991586284756,7.985840586212385,10.90427632418744,6.889477655871552,4615.86,1.2821833333333332,4.1570966648159375,1.2265269324534311,00475.csv,B0048,106,475,4,1.2244197121500937,43
4.169722967056448,3.4873190160461673,3.3923053503439844,2.691698678764574,0.6824039510102811,-0.9561814714709561,0.19764219330673874,8.055923800450703,11.177549576040898,6.0314636779647515,4580.75,1.2724305555555555,4.1345108630197345,1.220761980590189,00477.csv,B0048,108,477,4,1.2186682845116386,44
4.147796072295514,3.5199348591591537,3.393507466288284,2.688395997689043,0.6278612131363603,-0.949495711589349,0.21224684775495334,7.982156595851859,10.375532122783676,5.602260785371462,4557.406,1.265946111111111,4.084468734288096,1.2059094764755243,00481.csv,B0048,112,481,4,1.2037865236033616,45
4.16937546220786,3.5294379761355064,3.397997936501643,2.696650926823416,0.6399374860723537,-0.9491950189128958,0.21341542209438938,7.842796481143621,10.314092555911314,6.678285684749268,4524.0320000000065,1.2566755555555573,4.05886328370494,1.1968950323511882,00483.csv,B0048,114,483,4,1.1947642300832226,46
4.170164354666364,3.461041958212736,3.3882925257712984,2.6969697387700067,0.7091223964536275,-0.9617018565505489,0.18438020969957125,8.079939832789865,11.367431862943256,5.966919498976694,4502.938,1.2508161111111111,4.084321978308674,1.2073036016378003,00485.csv,B0048,116,485,4,1.2052091893871495,47
4.169926901474105,3.480442952102829,3.3877256181336417,2.6967087456075824,0.6894839493712763,-0.9582791920312705,0.1929748361644375,8.064765751727982,11.06954549641082,5.704560265534757,4483.094,1.245303888888889,4.050632145161377,1.1976817721689499,00487.csv,B0048,118,487,4,1.1955746593628465,48
4.169479557902343,3.46905153420119,3.3892443793813447,2.6919470298999473,0.7004280237011531,-0.9604573336465301,0.18708009287075986,8.047690080561159,10.977331626368253,6.140028997020718,4448.36,1.2356555555555555,4.027265344884256,1.1910400632990092,00489.csv,B0048,120,489,4,1.1888497102149884,49
4.1465630797524256,3.438014252495993,3.379247569665043,2.686563173222129,0.7085488272564326,-0.964049565042912,0.17773625878182267,8.077528255423264,11.25041370680882,5.676850756467001,4440.531,1.2334808333333334,4.027642889461615,1.1936628244687886,00493.csv,B0048,124,493,4,1.1915605250807406,50
4.168333177873153,3.5077982319522176,3.3916390352444328,2.6961737443762415,0.6605349459209355,-0.954156405475968,0.20224344087016005,7.993540199499143,10.261913330935936,5.315851337760862,4416.547,1.226818611111111,3.9769319625888957,1.1747773478722996,00495.csv,B0048,126,495,4,1.1726587153109655,51
4.1690272272079385,3.399511239083487,3.3795641863547807,2.687805922420921,0.7695159881244513,-0.9703946548779708,0.16091909203576352,7.973181959906695,11.209451387068038,6.505464763256384,4382.937,1.2174825,4.003194974192422,1.1862255603118084,00497.csv,B0048,128,497,4,1.1841133872494156,52
4.169215137661718,3.500460198210737,3.3905357196785717,2.6954427225266566,0.6687549394509809,-0.9568118198331175,0.19662478168597097,7.915947250994455,10.39465598668322,5.67514895908986,4347.453,1.2076258333333334,3.9251801263787334,1.1598313486855099,00499.csv,B0048,130,499,4,1.1576825122317769,53
4.1701191621232025,3.078111316923791,3.4657216656737035,3.078111316923791,1.0920078451994115,-0.9887316907290912,0.08983257797410317,7.631644271961187,9.73523495959482,4.346318360069101,3581.188,0.9947744444444445,3.414965793709929,0.9869211675096192,00501.csv,B0048,132,501,4,0.0,54
4.135364610542779,3.4768581146611233,3.3909861606032004,2.6861121256233056,0.6585064958816558,-0.9536560997964092,0.20313757310587321,7.938268366482139,10.71880829888557,7.078029966489579,4746.5,1.3184722222222223,4.2717848724037655,1.26150204683908,00505.csv,B0048,136,505,4,1.259355851168598,55
4.1506494675081695,3.374017323363964,3.3970417211274984,2.6816961536149058,0.7766321441442057,-0.9718532283937391,0.15625930624706955,8.024531067354474,11.267543040114028,5.98675711309316,4679.156,1.2997655555555556,4.3026630216077555,1.2679914242027865,00509.csv,B0048,140,509,4,1.265883375278026,56
4.1705945560509186,3.367229119214674,3.4053897793262036,2.693526088631363,0.8033654368362444,-0.9745908346175696,0.1478408452351438,8.026701986317695,10.977215485451683,5.538087686976725,4596.578,1.2768272222222223,4.249585135150717,1.2493651075648007,00511.csv,B0048,142,511,4,1.247259867318412,57
4.170902199360611,3.3721992572024773,3.4044637089502996,2.6819098951639786,0.7987029421581333,-0.9743182693533817,0.14875073740034178,8.083086131954136,10.698980931953203,5.122885150909822,4544.641,1.2624002777777776,4.199233996560265,1.2349380825158554,00513.csv,B0048,144,513,4,1.232808747256218,58
4.1707733769162845,3.3331905350817066,3.40066115678775,2.6836569825858465,0.8375828418345779,-0.9773202136961056,0.138489490209124,8.282945581406354,11.200778779435032,5.32312195251972,4526.938,1.2574827777777777,4.191422348721591,1.234089090333127,00515.csv,B0048,146,515,4,1.2319592783041904,59
4.170606882649154,3.338878087772158,3.399557901522936,2.686405541586876,0.8317287948769958,-0.9769934301900784,0.1389261331055714,8.296254318972048,11.067122162658642,5.541618582537869,4487.438,1.2465105555555556,4.151986707120686,1.222904103794904,00517.csv,B0048,148,517,4,1.220785786262778,60
4.1280471381711665,3.3222976568922302,3.3869933616946555,2.685608364298082,0.8057494812789363,-0.9767440428637847,0.1386990103774671,8.280354632475289,11.217197558663642,5.804068104990401,4513.312,1.2536977777777778,4.159784505004403,1.2296675166128683,00521.csv,B0048,152,521,4,1.2275441303266783,61
4.150268203613492,3.362198958177995,3.3947531020283486,2.685972991906515,0.788069245435497,-0.9738169504529767,0.14902934549311242,8.346898191755683,11.59325762914515,5.604207157949489,4568.438,1.2690105555555555,4.207110214349493,1.2408253517056693,00525.csv,B0048,156,525,4,1.2386788414290355,62
4.1705243721131415,3.2954911896042596,3.3979955411966936,2.689198249643033,0.875033182508882,-0.9802233649908892,0.12750689992333988,8.337878264565942,11.534047303435644,5.556067195976106,4499.656,1.2499044444444445,4.17560903891518,1.230496879176286,00527.csv,B0048,158,527,4,1.2283577755407058,63
4.170294880009359,3.3092881713990305,3.399587991995103,2.6983204775942364,0.8610067086103284,-0.9801797978590467,0.12835329710188526,8.259622932500356,10.92572543982624,5.2394480377443795,4430.984,1.230828888888889,4.113609905538883,1.2116880522361329,00529.csv,B0048,160,529,4,1.2095481507570451,64
4.170568686817898,3.2466652213085228,3.395118621843109,2.693240203211685,0.9239034655093752,-0.9833769221524863,0.11543107552003957,8.290496900072908,11.346378697595553,5.576519859573002,4411.141,1.2253169444444443,4.103120503384337,1.2103464601800829,00531.csv,B0048,162,531,4,1.2082142070681048,65
4.170160404909495,3.441548920019712,3.6274300474413557,3.441548920019712,0.7286114848897833,-0.9815143614251551,0.12233193172728664,7.381556529300557,8.56828741399406,3.2818963508196903,1991.531,0.5532030555555555,1.9765302222863383,0.5465858880758346,00533.csv,B0048,164,533,4,0.0,66
4.152589435404936,3.460696060949822,3.402660754515897,2.6866110987705887,0.6918933744551139,-0.9565798060844432,0.195515384170801,8.321321846834685,11.439171740202124,5.600698555643784,4883.312,1.3564755555555554,4.4254484463072945,1.3020650221278935,00537.csv,B0048,168,537,4,1.2998734542832149,67
4.151836918495948,3.330409297613938,3.409317486730915,2.699083135691788,0.8214276208820102,-0.9772401913298513,0.1375940030441256,8.23807744072398,11.147240167890732,5.737624200543394,4663.907,1.2955297222222222,4.3294347502631005,1.2712908332866721,00541.csv,B0048,172,541,4,1.2691220651743778,68
4.170962379739071,3.2468563261867365,3.4133709426845633,2.6907134698484554,0.9241060535523342,-0.9839943201059,0.11361732170860699,8.189029507624946,10.831285577855546,6.113357885564315,4581.328,1.2725911111111112,4.287018611642605,1.2576714205068007,00543.csv,B0048,174,543,4,1.2555144634690785,69
4.171135033653532,3.1409210078563077,3.4068009615962724,2.684500860538322,1.0302140257972243,-0.9871874196801942,0.09902616248286937,8.234868029314756,11.236293148641268,6.327872152494931,4553.031,1.2647308333333334,4.265895703016643,1.2541212919071836,00545.csv,B0048,176,545,4,1.2519876926897655,70
4.1708733924683505,2.687835669252526,3.406169063274703,2.687835669252526,1.4830377232158245,-0.9901111158822024,0.08170742633920844,8.238279702155017,11.08616967823061,5.114701954124096,4486.5,1.24625,4.208744195490018,1.2374993449913083,00547.csv,B0048,178,547,4,1.2374982003019996,71
4.170920111392399,3.156989597876158,3.406745720524415,2.690437364566134,1.0139305135162409,-0.9865545525457216,0.10032406710115392,8.219372551773532,10.751912617606896,5.313416504918225,4450.625,1.2362847222222222,4.167378290847269,1.2252805362982344,00549.csv,B0048,180,549,4,1.2231273969878986,72
4.237702541731068,2.1792997733612083,3.4409645322869102,2.1792997733612083,2.0584027683698594,-1.0031661082518326,0.06413893909154736,9.035891964302168,13.880080551261509,8.37935209509812,6436.141,1.7878169444444443,6.173574636861542,1.796246533691884,00553.csv,B0046,0,553,4,1.7282392323598248,1
4.1621898468680545,2.1744736968146285,3.4252545586780085,2.1744736968146285,1.987716150053426,-1.0024459582241103,0.06866756022994971,8.872109574065124,12.941526372487642,7.336460768576002,5650.265,1.5695180555555557,5.393424043850431,1.5761614507666688,00557.csv,B0046,4,557,4,1.5161488467923143,2
4.180873304847234,2.195666899317151,3.425904453303529,2.195666899317151,1.9852064055300827,-1.0023572232862559,0.0690922240326618,8.6284456728549,13.359691095670462,7.990388026448217,5590.907,1.5530297222222222,5.3372633521978345,1.559493482312426,00559.csv,B0046,6,559,4,1.503121190703977,3
4.182266567788393,2.1796283675041006,3.423608435843718,2.1796283675041006,2.002638200284292,-1.0022919216677797,0.06946080397493305,8.63136091760955,12.683911154117247,7.899396462339398,5543.61,1.5398916666666667,5.288060220535966,1.5462330507733308,00561.csv,B0046,8,561,4,1.48586566102824,4
4.180656549578995,2.1952581561866973,3.4211455348547464,2.1952581561866973,1.9853983933922974,-1.0022939530561292,0.06977802043199789,8.67696820980418,13.065399804685724,8.005527476677784,5499.046,1.527512777777778,5.241610501055796,1.533826059989014,00563.csv,B0046,10,563,4,1.4694562316392716,5
4.180899052149243,2.1940346005371705,3.418211640329191,2.1940346005371705,1.9868644516120728,-1.0024377453810243,0.07005820126808798,8.714755394110101,12.802479603911388,7.515855438663681,5461.219,1.5170052777777778,5.2019061578058565,1.523514975459512,00565.csv,B0046,12,565,4,1.458955459264481,6
4.120992799547824,2.1978529182010296,3.3913871477101263,2.1978529182010296,1.9231398813467941,-1.0021665244093547,0.07034570166788807,8.941517894800649,13.585554405586658,9.044841991412792,5451.281,1.5142447222222222,5.150651671149019,1.5203712548377248,00569.csv,B0046,16,569,4,1.4556853555098297,7
4.158094572470294,2.190965071547283,3.405195390316552,2.190965071547283,1.9671295009230105,-1.002235007588667,0.07031099612973535,8.956808204433376,13.94301293338268,8.443811826738017,5468.062,1.518906111111111,5.187399426106502,1.5251596851963685,00573.csv,B0046,20,573,4,1.456232262380321,8
4.180141305155931,2.1866396618663058,3.4089875975783017,2.1866396618663058,1.9935016432896249,-1.0021923537852624,0.0706954598905031,8.857079944726477,13.134169173843691,8.06628674251391,5411.297,1.5031380555555554,5.139255440833135,1.5093185543527134,00575.csv,B0046,22,575,4,1.4440592236675138,9
4.179370029585307,2.183328288428697,3.405344636824463,2.183328288428697,1.9960417411566103,-1.002036442615774,0.07097168339471431,8.951187295260016,14.086951683642924,8.242975026602661,5369.703,1.4915841666666667,5.093442675345866,1.4975086365568138,00577.csv,B0046,24,577,4,1.428294264765868,10
4.178701514525068,2.169516718963703,3.4032461605763142,2.169516718963703,2.009184795561365,-1.0019449254309927,0.07138218919696751,8.966158040889411,13.314723048488911,8.296797084853452,5327.406,1.479835,5.049556745292273,1.485600106241552,00579.csv,B0046,26,579,4,1.4199848948034668,11
4.178686122362143,2.1506636217123933,3.3967709514446076,2.1506636217123933,2.02802250064975,-1.0019368953910395,0.07162416677861991,8.972930848723113,14.173291675329546,8.370106703712374,5299.266,1.4720183333333332,5.013389613834574,1.4777651934397706,00581.csv,B0046,28,581,4,1.4043226018516568,12
4.104102047327936,2.1813781395662764,3.3721964614287634,2.1813781395662764,1.92272390776166,-1.0020744940471753,0.0712489419844622,9.032800036514974,13.959348125513564,9.036394803037332,5367.172,1.490881111111111,5.042140557322854,1.4968828957539437,00585.csv,B0046,32,585,4,1.4234351301615986,13
4.155413180529303,2.1971149516601716,3.3962096829403037,2.1971149516601716,1.9582982288691313,-1.0019365649129635,0.07108402856895002,8.8666091485246,13.523198161538613,8.860866030773593,5406.812,1.5018922222222222,5.114446410385341,1.5077536922625194,00589.csv,B0046,36,589,4,1.4339948857967295,14
4.17891702072451,2.157995006136477,3.3989726713804767,2.157995006136477,2.020922014588033,-1.0017349404979956,0.07163237002750375,8.91721938287038,13.750234723504356,8.80144023223334,5353.094,1.4869705555555555,5.066727499280464,1.4925081995564466,00591.csv,B0046,38,591,4,1.4185177047756572,15
4.178285871350945,2.198419108542039,3.39769311615204,2.198419108542039,1.9798667628089062,-1.001588196535767,0.07221054759052473,8.923958703020183,13.400973711086476,8.657410987220956,5280.031,1.4666752777777778,4.995159570563386,1.4719929241891894,00593.csv,B0046,40,593,4,1.4056313337829422,16
4.1780747638293185,2.151164339585934,3.3923860221630204,2.151164339585934,2.0269104242433844,-1.0016469274447983,0.07255186373956755,8.991317663963024,13.648707282364962,8.623020508170288,5248.593,1.4579425,4.957666244888975,1.463350028747107,00595.csv,B0046,42,595,4,1.3890214025155618,17
4.177918597629585,2.152208745567858,3.387564802409393,2.152208745567858,2.025709852061727,-1.0017210974492488,0.07282207501978942,9.016720196858456,13.959820884900516,8.872123713099874,5203.375,1.4453819444444445,4.908349301016229,1.450873008718538,00597.csv,B0046,44,597,4,1.3723339082737365,18
4.150975215166189,2.165968185309718,3.3755889260430436,2.165968185309718,1.9850070298564706,-1.0015714385037338,0.07325730412095806,8.999593683204713,14.349640095291218,8.688162001730284,5166.812,1.4352255555555555,4.855679637129988,1.440512765451563,00601.csv,B0046,48,601,4,1.3615778905990563,19
4.177351418157289,3.4709356617126152,3.651052971550194,3.4709356617126152,0.7064157564446738,-0.9957188795918821,0.10716174052507879,7.549065028670864,8.96387999471909,3.8315138506538204,2384.094,0.6622483333333333,2.414519229382134,0.6623565707474797,00603.csv,B0046,50,603,4,0.0,20
4.178758227714876,2.199378116446157,3.3771442240108183,2.199378116446157,1.9793801112687186,-1.0017131896387048,0.07211448226749688,9.073580268946476,13.720010432160604,8.699809002378185,5340.281,1.483411388888889,5.021496056886685,1.488982364812498,00605.csv,B0046,52,605,4,1.4100282016237429,21
4.177296277706522,2.1709534591124666,3.3739069772216053,2.1709534591124666,2.0063428185940553,-1.0014759387718013,0.07384765949431793,9.035703497783533,14.214578668306734,8.47170033454628,5103.0,1.4175,4.79301518859134,1.4226434973030004,00607.csv,B0046,54,607,4,1.3395671374926488,22
4.176859724330072,2.1705625280743464,3.3730377771688125,2.1705625280743464,2.0062971962557254,-1.001751590105337,0.07432888943983192,9.0428494070086,13.7206185074268,8.280490065375812,5051.172,1.4031033333333331,4.744563621380778,1.408614502080047,00609.csv,B0046,56,609,4,1.3291515487117478,23
4.148811503971785,2.1762627754763426,3.361814920655554,2.1762627754763426,1.9725487284954428,-1.0013919768296455,0.07464701313110839,9.103478864398264,14.307049577086085,8.856348701412879,5027.563,1.3965452777777778,4.7052207385506915,1.401564043266911,00613.csv,B0046,60,613,4,1.3181687033905718,24
4.17607839536505,2.16031962283908,3.36759601245628,2.16031962283908,2.0157587725259702,-1.0012785845104528,0.07489506087783239,9.08626820310501,13.73206507015365,8.425880670036296,4993.765,1.3871569444444445,4.68121061129143,1.392011395135036,00615.csv,B0046,62,615,4,1.312423708466101,25
4.175479903911147,2.1449047324556036,3.3619567307164724,2.1449047324556036,2.0305751714555433,-1.0011100184599881,0.07522353132758992,9.113491912356011,14.550153842364988,8.508137346905343,4962.469,1.378463611111111,4.6428571469729745,1.3830837741247244,00617.csv,B0046,64,617,4,1.2993237532162487,26
4.175276949812811,2.196218583907234,3.360770876263507,2.196218583907234,1.9790583659055767,-1.0010016783342919,0.07561609739513132,8.977476169539525,14.437029519118854,9.283268826347175,4907.859,1.3632941666666667,4.589758229860416,1.3677657118290683,00619.csv,B0046,66,619,4,1.2877483042174591,27
4.175506752243359,2.169183841274847,3.3581255157395584,2.169183841274847,2.0063229109685117,-1.0011852000845294,0.07592957463752227,9.205520238536874,14.364000921258654,9.68122260138229,4888.656,1.35796,4.5692498275809665,1.3626682564848398,00621.csv,B0046,68,621,4,1.2865282739749122,28
4.145965438635247,2.1947559967284405,3.347714666699619,2.1947559967284405,1.9512094419068062,-1.0010003485675925,0.07615356107132927,9.14555330973735,14.693349843683665,8.993560293518446,4866.25,1.351736111111111,4.533207364642603,1.356207845172129,00625.csv,B0046,72,625,4,1.2719636386987183,29
4.174989626740224,2.1877179876194033,3.353800882166825,2.1877179876194033,1.987271639120821,-1.0010290829534054,0.0764455780028607,9.111354213090989,14.058016587648105,8.884202753259796,4836.125,1.3433680555555556,4.513675195005084,1.3478873139318932,00627.csv,B0046,74,627,4,1.2714495345417192,30
4.175655686812431,2.1508230766314127,3.350657273692142,2.1508230766314127,2.024832610181018,-1.0009585460015413,0.07677179205956652,9.163824507961877,13.779152574880364,8.198671733801035,4801.485,1.3337458333333332,4.476854217584236,1.3381518716854715,00629.csv,B0046,76,629,4,1.2615423884659074,31
4.174757798171361,2.190167787518222,3.349047830330531,2.190167787518222,1.9845900106531387,-1.0009004370775454,0.07725965039396587,9.165326915001913,14.383739114376208,8.312486694926317,4760.938,1.322482777777778,4.436880303488341,1.3268593252269263,00631.csv,B0046,78,631,4,1.2421201619204132,32
4.175734259626989,2.18851427579806,3.3446343037059103,2.18851427579806,1.9872199838289286,-1.0008534371371294,0.0774916059141573,9.179753755489338,14.589504036127655,9.30880586015818,4740.907,1.316918611111111,4.412225586355628,1.321228865341709,00633.csv,B0046,80,633,4,1.2402537441669796,33
4.086997909095507,2.1637485824862837,3.3205030122204913,2.1637485824862837,1.923249326609223,-1.0011746350209894,0.07629648459593957,9.27415763140438,13.891154624298236,9.0034143004865,4914.532,1.3651477777777778,4.5428960906416656,1.3699657528861091,00637.csv,B0046,84,637,4,1.2851130012242886,34
4.1471218794503475,2.153820870810703,3.349264182688189,2.153820870810703,1.9933010086396443,-1.0011690143333174,0.075600097375196,9.271981913108279,14.673096336965486,8.758961035787845,4998.656,1.3885155555555555,4.660057918410699,1.3933418172827392,00641.csv,B0046,88,641,4,1.3043327841699193,35
4.17500990248918,2.1856873619664867,3.3574536928825296,2.1856873619664867,1.9893225405226929,-1.0009996740645901,0.07643725609662333,9.033984664610193,13.896967367053858,7.936039262552428,4890.015,1.3583375000000002,4.569171126013995,1.3628987707652402,00643.csv,B0046,90,643,4,1.2778639041619957,36
4.175207914830006,2.1586585951828057,3.3535254761184166,2.1586585951828057,2.0165493196472,-1.0008611138640546,0.07686754696718796,9.172120651818531,13.908543615362126,8.53708203462974,4842.11,1.3450305555555555,4.518812854056453,1.3494042190197648,00645.csv,B0046,92,645,4,1.272346459165154,37
4.174827125492382,2.1497344671215517,3.347073227310051,2.1497344671215517,2.0250926583708306,-1.000811467966266,0.07730551770541885,9.093365400458568,14.617560660341365,9.224166343381286,4798.281,1.3328558333333334,4.469174813628255,1.337171048188234,00647.csv,B0046,94,647,4,1.2477883952768762,38
4.1748101416565255,2.180494984747436,3.348504626898048,2.180494984747436,1.9943151569090896,-1.000971558605881,0.07785751154656331,9.119927887302934,14.288124170416689,8.493596852234688,4739.188,1.3164411111111112,4.41648710234727,1.320960257257565,00649.csv,B0046,96,649,4,1.2352499196655526,39
4.144890688492612,2.1583931144361963,3.332816913331474,2.1583931144361963,1.9864975740564161,-1.0007926094103774,0.07803310391296932,9.185345552194319,14.875868929885128,9.62196702319352,4733.156,1.3147655555555555,4.389582366259367,1.3190736912594878,00653.csv,B0046,100,653,4,1.229251291851949,40
4.174530382960434,2.1973084174346607,3.343773088070051,2.1973084174346607,1.9772219655257732,-1.0006667122739987,0.07854943570032238,9.156968538676207,13.880179808466218,8.26466295369675,4670.61,1.2973916666666665,4.345410578402171,1.3015227577803865,00655.csv,B0046,102,655,4,1.223890910501634,41
4.1743300924480256,2.1948349231295037,3.33676988143417,2.1948349231295037,1.9794951693185219,-1.0004434396725717,0.07903894399265589,9.08775088318824,14.631961684725407,9.631751846332815,4635.0,1.2875,4.302259310876366,1.291356857190985,00657.csv,B0046,104,657,4,1.205423323571373,42
4.173688629517977,2.153169565361056,3.333058450714012,2.153169565361056,2.020519064156921,-1.0004321685718414,0.07924927981620071,9.184456763175827,14.768164211079869,10.00888571524917,4615.86,1.2821833333333332,4.2796353504050515,1.2860342415471577,00659.csv,B0046,106,659,4,1.1957824090008151,43
4.174343502341572,2.1789077465484965,3.330716899309493,2.1789077465484965,1.9954357557930757,-1.0004986868063772,0.07977665390129918,9.215049403610458,15.037938036453404,9.88841204693285,4580.75,1.2724305555555555,4.24449453776705,1.2763721410131108,00661.csv,B0046,108,661,4,1.190072949669846,44
4.14222437268915,2.16713614374112,3.3218468956700393,2.16713614374112,1.9750882289480303,-1.000373674220122,0.07995874963553497,9.185331012909922,14.290141125898849,8.626231254756153,4557.406,1.265946111111111,4.211202639737614,1.269733184255902,00665.csv,B0046,112,665,4,1.179201763233652,45
4.173393414123743,2.175632256591337,3.327359417043662,2.175632256591337,1.9977611575324064,-1.0001870072907715,0.0803263718231286,9.046655941616262,13.996450231420782,9.586530947417305,4524.0320000000065,1.2566755555555573,4.186449739188587,1.2602510717083562,00667.csv,B0046,114,667,4,1.169504032514554,46
4.173536996898156,2.1992835564527877,3.3259632346577273,2.1992835564527877,1.9742534404453687,-1.0001225394585929,0.08055203619341957,9.26195924957788,14.935082428364884,9.174002167739484,4502.938,1.2508161111111111,4.1649308253401,1.2542828515189715,00669.csv,B0046,116,669,4,1.16772376849918,47
4.174582549013794,2.176786994904175,3.322240958381916,2.176786994904175,1.9977955541096195,-1.0001481029921278,0.08074202940811677,9.252994157098664,14.99164974108056,9.59696410956779,4483.094,1.245303888888889,4.142133024185538,1.2488199239495175,00671.csv,B0046,118,671,4,1.1579256145829042,48
4.174588307825947,2.1988382142547396,3.325985699672719,2.1988382142547396,1.9757500935712073,-0.9999638117239763,0.08198570958849184,9.26310734626783,14.811846373564524,9.81019684035809,4448.36,1.2356555555555555,4.110772536354486,1.2391100859396955,00673.csv,B0046,120,673,4,1.1499812813376982,49
4.140409334076233,2.165246924019346,3.3114789937571287,2.165246924019346,1.9751624100568872,-1.0003136352879307,0.08133507354713293,9.331127163327569,14.247555903096725,8.568462254778227,4440.531,1.2334808333333334,4.090601118497475,1.2372322669200564,00677.csv,B0046,124,677,4,1.150285902223034,50
4.1724288341154105,2.1595222389378317,3.3170441017303047,2.1595222389378317,2.012906595177579,-1.0001598810351362,0.0815890133825872,9.266824205941363,14.332240013732582,8.449650213613289,4416.547,1.226818611111111,4.074538307716137,1.2303958963195105,00679.csv,B0046,126,679,4,1.1349452274085248,51
4.172310550176221,2.1831972567411246,3.314496922697215,2.1831972567411246,1.9891132934350968,-1.0002538884639347,0.08197374553541624,9.20992133972331,14.276871638701772,8.570798724140992,4382.937,1.2174825,4.041118992702281,1.221183409725997,00681.csv,B0046,128,681,4,1.1380960963513609,52
4.1745648072291,2.191895759269081,3.315933995614132,2.191895759269081,1.9826690479600186,-1.0001281764463046,0.0823773550588342,9.1721362476023,13.777310967702926,8.929255041924005,4347.453,1.2076258333333334,4.0094913885128305,1.2111856655084314,00683.csv,B0046,130,683,4,1.123711172150547,53
4.1730486061960095,2.957668027855621,3.4426193474976627,2.957668027855621,1.2153805783403886,-0.9990527044797731,0.09051873892061768,8.57217147461004,11.441352869995514,5.903554941714076,3581.188,0.9947744444444445,3.4274505065675984,0.9972093881065762,00685.csv,B0046,132,685,4,0.0,54
4.101490888057319,2.1989086411312972,3.2963331961890048,2.1989086411312972,1.902582246926022,-1.0007810921100906,0.07901951863218941,9.25834987796474,14.96165525093106,10.753760971670612,4746.5,1.3184722222222223,4.3541946628445345,1.322913457859971,00689.csv,B0046,136,689,4,1.214119211354098,55
4.143239194674257,2.1759612427269523,3.3205927834140843,2.1759612427269523,1.9672779519473043,-1.0005274848759138,0.07961852869080463,9.311634785976043,14.622124863653871,9.144040336146384,4679.156,1.2997655555555556,4.3231724333740065,1.3038853086061017,00693.csv,B0046,140,693,4,1.211944797522819,56
4.174381858889519,2.1740843812957524,3.3321448974569696,2.1740843812957524,2.0002974775937665,-1.0003494909916653,0.08039939677452175,9.306501252940654,14.181162993443126,8.414881412545128,4596.578,1.2768272222222223,4.261290376967816,1.280714682270642,00695.csv,B0046,142,695,4,1.1971248679331925,57
4.173792780760516,2.1699286892596934,3.3300589536831566,2.1699286892596934,2.003864091500823,-1.0001304668043078,0.0808489406773457,9.361883663268088,13.989284902759552,7.9845247398656785,4544.641,1.2624002777777776,4.209550466007114,1.2659989025655412,00697.csv,B0046,144,697,4,1.1822892151870987,58
4.174292933831419,2.15658205310809,3.326398154149516,2.15658205310809,2.0177108807233286,-0.9999751500715209,0.0811842958806919,9.565977385225588,15.042601535042603,9.12757211198333,4526.938,1.2574827777777777,4.187912176107168,1.2609210969072997,00699.csv,B0046,146,699,4,1.1645336676778395,59
4.174080626824366,2.159229413482601,3.324081152870965,2.159229413482601,2.014851213341765,-1.0001108627417226,0.08156395790179273,9.613253810213061,15.027421071078606,9.350422718476047,4487.438,1.2465105555555556,4.149056838791255,1.2501094306944316,00701.csv,B0046,148,701,4,1.1535559567518647,60
4.089380393518967,2.1981836512730997,3.2901896835135895,2.1981836512730997,1.8911967422458673,-0.9997380074680035,0.08143343521609728,9.659706152498446,14.577396723095212,8.480932965421369,4513.312,1.2536977777777778,4.129192875746924,1.2568504002929046,00705.csv,B0046,152,705,4,1.1601987101282063,61
4.142442473931475,2.172247401410494,3.3123680120679446,2.172247401410494,1.9701950725209811,-0.999942885934547,0.0810633302758852,9.660074492266734,15.36587842843583,9.322127978677653,4568.438,1.2690105555555555,4.208309558565795,1.272416957843642,00709.csv,B0046,156,709,4,1.1711716308206082,62
4.174041322689958,2.167855497701561,3.320267294029527,2.167855497701561,2.006185824988397,-0.9999545027275712,0.08169918615541961,9.610732084606383,15.29268403662172,9.29680774099901,4499.656,1.2499044444444445,4.155168931559211,1.2533558292377798,00711.csv,B0046,158,711,4,1.1563410270783216,63
4.174154842675988,2.197413864039741,3.3220005581957603,2.197413864039741,1.976740978636247,-0.9997765998111345,0.08232467328307036,9.509606751933422,14.698902260428524,8.975450640886372,4430.984,1.230828888888889,4.093214323522736,1.2340512353582334,00713.csv,B0046,160,713,4,1.141082456193516,64
4.173817719824036,2.1808859045895868,3.316995919062792,2.1808859045895868,1.9929318152344488,-0.9995908082297772,0.08267641491289368,9.55376799961061,15.066788669768552,8.921814894450147,4411.141,1.2253169444444443,4.068109267248104,1.228351796363281,00715.csv,B0046,162,715,4,1.1352383596118123,65
4.174508000036821,3.4276877712777214,3.6155991581342013,3.4276877712777214,0.7468202287590993,-0.9914201446967897,0.12378726705883765,7.9488520188669245,9.413942588565495,3.9084770794250403,1991.531,0.5532030555555555,1.9897833640894949,0.5521109587072375,00717.csv,B0046,164,717,4,0.0,66
4.122425499351743,2.1634350552847827,3.304824958917925,2.1634350552847827,1.95899044406696,-0.9999417105324964,0.0787805248242312,9.689325427035971,14.884443210062466,8.808054638254733,4883.312,1.3564755555555554,4.487665825272263,1.3599470641363047,00721.csv,B0046,168,721,4,1.2530847858282803,67
4.143823070139112,2.1839323108066178,3.3235919579934095,2.1839323108066178,1.959890759332494,-0.9998017376659812,0.08071492117357269,9.54652406934783,14.454392118638458,8.257515735376945,4663.907,1.2955297222222222,4.310653541197047,1.2988208615742076,00725.csv,B0046,172,725,4,1.2050453590356518,68
4.173823759594136,2.196284886273677,3.3336764636844887,2.196284886273677,1.9775388733204586,-1.000249176467669,0.08154813988245604,9.486110245180768,14.172939173239188,8.80397755340124,4581.328,1.2725911111111112,4.249125386899836,1.2764665828878237,00727.csv,B0046,174,727,4,1.19119860196273,69
4.174042864835579,2.1526544597098902,3.32512940887575,2.1526544597098902,2.021388405125689,-1.0000755059089512,0.08174257497333057,9.528985199683015,14.797843662102167,9.223075079283266,4553.031,1.2647308333333334,4.2114690925291525,1.268405529019817,00729.csv,B0046,176,729,4,1.17463817374538,70
4.173923325104936,2.1963314779954723,3.3265245824041667,2.1963314779954723,1.9775918471094638,-0.9996836231447859,0.0823480531768004,9.519831150565885,14.86814851282613,8.691361413738694,4486.5,1.24625,4.15001847096653,1.2494425085489491,00731.csv,B0046,178,731,4,1.1555432048235512,71
4.174510564064746,2.189500804437932,3.325662411014798,2.189500804437932,1.9850097596268137,-0.9996591394483646,0.08274577942989426,9.50863223906921,14.051631055988958,8.539143671482977,4450.625,1.2362847222222222,4.115675224073774,1.2394701313441618,00733.csv,B0046,180,733,4,1.1538041170229467,72
4.204104775621549,3.204081094339968,3.475911687674208,2.421307986424623,1.0000236812815815,-1.8551004388985552,0.4977349328291732,30.907894474048284,36.84241052511593,14.09389762980469,3360.922,0.9335894444444445,6.054605300154338,1.7323021228168936,00739.csv,B0043,2,739,22,1.713782642126885,1
4.2050537738824865,3.2433377641104455,3.4897388185035,2.4612810169393184,0.961716009772041,-1.868889923378281,0.4740013137630311,30.363796429604484,36.2511342416132,13.878184906744202,3289.406,0.9137238888888889,5.990554716424627,1.708909120213395,00741.csv,B0043,4,741,22,1.6955681658647108,2
4.204535477626144,3.245359315246295,3.4901234321768033,2.3997609695216755,0.9591761623798489,-1.8840563804062687,0.4450061095752385,30.07611798184701,36.12855723169499,14.00752627891908,3244.797,0.9013325,5.956497018261155,1.700248869898417,00743.csv,B0043,6,743,22,1.6814906372051954,3
4.2047112831069455,3.2523728974260666,3.4940185374934947,2.399740066713552,0.9523383856808789,-1.89408796703159,0.4237674561702285,30.05896964075817,36.352517880569266,14.272939861704657,3211.438,0.8920661111111111,5.931035478780313,1.6921397076172067,00745.csv,B0043,8,745,22,1.6786372409532953,4
4.204750835132976,3.228423385496171,3.5005489873453817,2.3786378834863195,0.9763274496368051,-1.9103670337506284,0.38712992093347154,30.417149405736243,36.75256708066779,14.204498507818894,3175.594,0.8821094444444445,5.92531996170564,1.6883942951664666,00747.csv,B0043,10,747,22,1.6694168550864992,5
4.203363159265162,3.3579241790202077,3.579339612317741,3.3579241790202077,0.8454389802449547,-1.9739982626160064,0.16932075686412779,29.92385834200675,34.26334191029433,11.151651073054012,2646.625,0.7351736111111111,5.197675491905169,1.4538247634716357,00751.csv,B0043,14,751,22,0.0,6
4.204901465726193,3.216279655197696,3.507465391169604,2.416288536712014,0.988621810528497,-1.9268034708959647,0.3457672922612873,30.617574721987218,36.83142721849718,13.542018520583241,3121.672,0.8671311111111111,5.884102522619381,1.6749036409883897,00753.csv,B0043,16,753,22,1.6611938521224778,7
4.205123789023272,3.201236919258978,3.5054667200956016,2.3791815969853816,1.003886869764294,-1.9324769674832156,0.33051462401076487,30.258236869364143,36.54735803665934,13.721706109009826,3102.937,0.8619269444444444,5.8618302044012625,1.6698994882758407,00755.csv,B0043,18,755,22,1.6506423382064332,8
4.204720843069481,3.2585215034877906,3.505146635224542,2.4666546752460183,0.9461993395816903,-1.9255143226505498,0.3494979236591094,29.936684037867014,36.223678523702304,13.937713759936763,3089.437,0.8581769444444444,5.813197958057716,1.656250726670978,00757.csv,B0043,20,757,22,1.6424273190907783,9
4.204351643955918,3.2626183270532367,3.5024428414174498,2.429311406516166,0.9417333169026811,-1.924996304077744,0.35095926206107075,29.74762436888935,36.16960256825446,14.12184237417895,3077.75,0.8549305555555555,5.784659317985172,1.6494660594913269,00759.csv,B0043,22,759,22,1.6353664801041328,10
4.2032409826342265,3.264515030519969,3.5007336141613488,2.4024069940444392,0.9387259521142575,-1.9244448695912972,0.35209227331094245,29.699035458962353,36.19613432531801,14.163797662511474,3074.875,0.8541319444444444,5.774802278236099,1.6475025688290712,00763.csv,B0043,26,763,22,1.633232875930849,11
4.204165543883836,3.273206102844367,3.501947249481621,2.406157541131262,0.9309594410394695,-1.9239340941617735,0.35373238537466306,29.746622188626663,36.217566438813456,14.079621652094144,3061.891,0.8505252777777778,5.751012546822011,1.640206409469766,00765.csv,B0043,28,765,22,1.6258840554387932,12
4.204061240829561,3.3029284326039754,3.5002499918856302,2.415785415380386,0.9011328082255856,-1.916896100852633,0.3715301331726989,29.642987306218718,36.09047688646367,14.15982943785539,3058.469,0.8495747222222222,5.721351022973041,1.6323860996430712,00767.csv,B0043,30,767,22,1.617976174654771,13
4.204423283955662,3.288477903245001,3.5007698538114447,2.400209592232293,0.915945380710661,-1.9227329924422065,0.35675513246139157,29.6639395578783,36.148984496134304,14.075317847991318,3040.75,0.8446527777777778,5.706041159984983,1.6281249605219812,00769.csv,B0043,32,769,22,1.6136652707273988,14
4.204478391263469,3.32416622056104,3.5004947608560313,2.4374747406672226,0.8803121707024286,-1.9157256805286993,0.3745807269972325,29.637650852441404,36.15795969792578,14.108957300455174,3037.641,0.8437891666666667,5.678511500136638,1.6202948958657681,00771.csv,B0043,34,771,22,1.605821026619692,15
4.202477824031488,3.3374378000402216,3.4961700451758575,2.3865949081957893,0.8650400239912668,-1.9087255587088567,0.3911716567549528,29.593597067401642,36.16956081888435,14.375321160536732,3044.828,0.8457855555555556,5.664242946054269,1.6179708056424515,00775.csv,B0043,38,775,22,1.6033527961961531,16
4.204489330076927,3.355340292726982,3.4993157107183803,2.4489169685849195,0.8491490373499451,-1.9078668399519791,0.3930713755582708,29.63922727943674,36.13182777424954,14.092286389027926,3030.25,0.8417361111111111,5.639947729073433,1.6097967661268893,00777.csv,B0043,40,777,22,1.5951342406182645,17
4.204953662033176,3.3712246034870534,3.50080829213355,2.4933649317176108,0.833729058546123,-1.907455457642798,0.3942467659594344,29.666195384468185,36.12995412374782,13.911346539952685,3017.578,0.838216111111111,5.616178037597995,1.6025995466463392,00779.csv,B0043,42,779,22,1.5878135544728509,18
4.204018303566451,3.3899921844878613,3.497552326899387,2.473993010608268,0.8140261190785893,-1.9000139238260703,0.41109412374602117,29.635949832755518,36.115379230424814,14.235324639615452,3015.0,0.8375,5.584499009314624,1.5948615566095006,00781.csv,B0043,44,781,22,1.5800601969084245,19
4.20390099564762,3.380000252402088,3.4969748978677377,2.4568566798816054,0.8239007432455323,-1.904134059211754,0.40180402242360075,29.671876354508125,36.260266208231016,14.165349283530148,2999.454,0.8331816666666667,5.568264804865665,1.5907003578348369,00783.csv,B0043,46,783,22,1.575565087879128,20
4.196687996525494,3.3739830537666076,3.4931433851686124,2.389783772934692,0.8227049427588864,-1.8929472665362916,0.4251608695312492,29.993152820136338,36.73407518988127,14.79429762062275,3054.859,0.8485719444444444,5.632457792763159,1.6099376275275232,00787.csv,B0043,50,787,22,1.5950169012164208,21
4.202479371762253,3.3625397662192924,3.500270597096414,2.3834815017568327,0.8399396055429609,-1.8991542942688262,0.41235851081519265,30.681276254794994,37.354359945059734,14.56425980198652,3034.875,0.8430208333333333,5.625859204211968,1.6047788678437787,00791.csv,B0043,54,791,22,1.5898075522577595,22
4.204284851556785,3.3915389616997453,3.5026578112869,2.427559147580718,0.8127458898570401,-1.8917722041126424,0.4285496097497634,30.871236598447616,37.40944456827136,14.261956485642173,3030.0,0.8416666666666667,5.598393433441229,1.5958678807480653,00793.csv,B0043,56,793,22,1.5807953202097411,23
4.20378732342866,3.40742753044283,3.5018704137639554,2.458384607788224,0.7963597929858302,-1.8907827482284796,0.43087797084246365,30.779999574712413,37.26366414928814,14.081699255607237,3011.781,0.8366058333333333,5.559896525485522,1.5855415877433927,00795.csv,B0043,58,795,22,1.5704333289187615,24
4.204330620589128,3.394170836257207,3.4967579517606566,2.394787213470724,0.8101597843319213,-1.8968520026147064,0.41798208579224577,30.581480715523952,37.270027909781355,14.441566996371812,2990.25,0.830625,5.530187797563292,1.5795669733199764,00797.csv,B0043,60,797,22,1.5643368431897875,25
4.2038717516378,3.397190502146639,3.4938467732797593,2.365525236922006,0.8066812494911613,-1.8960710046785778,0.41944098507497185,30.546605962885614,37.37612563137064,14.762646635021994,2980.234,0.8278427777777777,5.504585065058782,1.5735949471687374,00799.csv,B0043,62,799,22,1.558307017802491,26
4.202475048160179,3.438104365597662,3.498085824975237,2.4742728824322295,0.7643706825625167,-1.8818174142025106,0.4487934139286465,30.92329503843904,37.57568180724724,14.599324717386601,2994.844,0.8319011111111111,5.495529566994758,1.569113769562414,00803.csv,B0043,66,803,22,1.5537149289772467,27
4.203857283529741,3.440530948971132,3.499824440494276,2.4720598546819113,0.763326334558609,-1.8812480163452203,0.45034846031513337,31.225884514077716,37.80943515485114,14.34327643886007,2987.672,0.8299088888888889,5.483646835321328,1.5649309937030853,00805.csv,B0043,68,805,22,1.549528250585513,28
4.203991230539982,3.4491981537188745,3.4987433448544607,2.4838780206846622,0.7547930768211075,-1.8805764098134792,0.4519066011115377,31.163201064541546,37.69836973093635,14.163127648817895,2975.1100000000006,0.8264194444444446,5.456624310742519,1.5579073730977742,00807.csv,B0043,70,807,22,1.5424430535161062,29
4.205957997721127,3.41965905291312,3.496873891743175,2.4291754256355516,0.7862989448080069,-1.8940750825904094,0.42443485748021614,31.130645067035932,37.67202323454292,13.605570882234975,2953.219,0.8203386111111112,5.453904951478599,1.558081949642053,00809.csv,B0043,72,809,22,1.54256227031715,30
4.203785685934744,3.4521446589237397,3.4895372240361704,2.397532773087188,0.7516410270110048,-1.8790362639465747,0.4550020381905942,30.837232735283838,37.5846177818102,14.3740385075801,2955.484,0.8209677777777777,5.402352757576647,1.5465174201698813,00811.csv,B0043,74,811,22,1.5309356452520158,31
4.202092597438291,3.472264481187912,3.4871652344467075,2.435189655089205,0.729828116250379,-1.8710836448265253,0.46971111610248173,30.641318807832377,37.57163850758581,14.971100001365912,2957.016,0.8213933333333333,5.376546022668178,1.540461384328907,00815.csv,B0043,78,815,22,1.5247733176952427,32
4.203512527913386,3.4743731103606423,3.4906015804101496,2.4649257198080514,0.7291394175527435,-1.870200423494746,0.47139337639843715,31.01732542847249,37.83811660125229,14.793485279339041,2948.219,0.8189497222222223,5.364527549234125,1.5354468590995818,00817.csv,B0043,80,817,22,1.5196742408779502,33
4.202980736321343,3.479094024946813,3.4876146185117345,2.4457109146915506,0.7238867113745298,-1.8695581981674536,0.4730970300634733,30.93897323974993,37.76120652410461,14.60367283234643,2935.5,0.8154166666666667,5.333907588812559,1.5281785977085327,00819.csv,B0043,82,819,22,1.5123696925788683,34
4.202914530590183,3.491743344276155,3.4842857075179094,2.4807762094187127,0.711171186314028,-1.8681373339121092,0.47582205217266543,30.585360437692223,37.43416840833683,14.67821146416318,2913.797000000006,0.8093880555555572,5.2841759040955205,1.5157679266554704,00821.csv,B0043,84,821,22,1.499914486202397,35
4.203399051569862,3.497194864452038,3.4811070895804797,2.482626305221594,0.7062041871178244,-1.8672666650634016,0.47730410164837395,30.3648233882985,37.31899313705125,14.82685581016926,2900.703,0.8057508333333333,5.252713663712421,1.5082917067856059,00823.csv,B0043,86,823,22,1.492410627118825,36
4.2008898664224255,3.49761559974561,3.475104459646633,2.397470273055264,0.7032742666768153,-1.8594886102216435,0.49116550639916534,30.432401864910737,37.58604736335072,15.390678540646931,2914.031,0.8094530555555556,5.245437554968066,1.5086071787415436,00827.csv,B0043,90,827,22,1.492624987952706,37
4.2034382985534515,3.4806464468636285,3.4772044059441,2.370171214445116,0.7227918516898231,-1.8662699457286136,0.4791716715399122,30.831835959630617,38.06717620893625,15.383476857079717,2901.968,0.8061022222222222,5.248963615557652,1.5084077998668897,00829.csv,B0043,92,829,22,1.4924024018806028,38
4.2030964882591135,3.5033130087257733,3.4821729368749876,2.4670029904490636,0.6997834795333402,-1.8580509519301622,0.4938700380862485,31.094991080529404,38.034298138732915,14.96213996720228,2901.734,0.8060372222222222,5.230825024531655,1.5013396278809847,00831.csv,B0043,94,831,22,1.4853020201751674,39
4.203051054659131,3.509651444994056,3.4803385610467843,2.476788514821077,0.6933996096650747,-1.8570868946683126,0.49556929642633624,31.038470618761803,37.8850432804777,14.809701815993833,2887.407,0.8020575000000001,5.199286670507717,1.4933193546850654,00833.csv,B0043,96,833,22,1.477208127101587,40
4.203121514305449,3.4975881973722727,3.4714831954460226,2.4014857684023228,0.7055333169331766,-1.8634355664455717,0.4844516397744743,30.652253424171764,37.72173567628911,15.048164947876739,2861.937,0.7949824999999999,5.159227661729298,1.4855766257101584,00835.csv,B0043,98,835,22,1.4694738525181406,41
4.199278377795993,4.15295040664797,4.05715902963358,2.4576176811598773,0.04632797114802312,-0.26538241903639787,0.99132218665478,7.628394260109583,10.169699784021772,4.475537962801801,1055.25,0.293125,0.22933240906071164,0.07722660019570067,00839.csv,B0043,102,839,4,0.0570343910426537,42
4.197486385695169,4.149666070212488,4.049827246639277,2.427637650375664,0.04782031548268062,-0.27790699151072973,1.0122862402967194,7.4649167649876285,10.073103559906276,4.308041422945545,1012.187,0.28116305555555554,0.23040639453615272,0.07752460284706478,00843.csv,B0043,106,843,4,0.0571536334895882,43
4.198105245504659,4.149769149776234,4.049066061935538,2.4427831763874552,0.04833609572842512,-0.2845068500189359,1.0232120462973544,7.503302872635532,9.363713069880482,3.291590342447824,991.172,0.27532555555555555,0.23247390197916207,0.07774049494419037,00845.csv,B0043,108,845,4,0.0572936600593766,44
4.1979080059363705,4.149919938301318,4.044551430084685,2.3604432554634345,0.04798806763505237,-0.28818241995759014,1.0289532460269644,7.637968852421283,9.49837575629517,4.670979976767239,982.094,0.2728038888888889,0.23075995646425373,0.07818961052079225,00847.csv,B0043,110,847,4,0.0574420318527805,45
4.1944764420212435,4.142740599728889,4.035830307373486,2.381932819122213,0.05173584229235484,-0.29738235564582266,1.0430217535999102,7.608951449591351,9.502985965829737,4.855888094333895,1063.609,0.2954469444444444,0.2573016925018316,0.08708775221965073,00849.csv,B0043,112,849,4,0.0671306210772112,46
4.197722277687073,4.14533930956595,4.044589005651629,2.484673285435373,0.05238296812112342,-0.29734862514364657,1.0428319484042203,7.076698354969239,8.979535773958249,2.858415301054287,1067.641,0.2965669444444445,0.2640176864690505,0.08697653834094093,00852.csv,B0043,115,852,4,0.0671478192023473,47
4.198544270753814,4.145728666173205,4.04142282173358,2.4449132183808,0.05281560458060941,-0.3034723285432027,1.0533210267534743,7.203287534892745,10.239009824535197,4.775792547115169,1048.687,0.2913019444444444,0.26301234868321394,0.08734340136803626,00854.csv,B0043,117,854,4,0.0673200121169029,48
4.1988415529393635,4.145932805429382,4.038238044394062,2.3975988971956834,0.052908747509981424,-0.30667044923216635,1.0585843068927339,7.515405447362731,10.120757638084276,4.811559844091663,1039.984,0.28888444444444444,0.2626637493280018,0.08794594248005064,00856.csv,B0043,119,856,4,0.0678403805161331,49
4.199385029561721,4.142484968834445,3.9848046527051646,2.3944641668469124,0.05690006072727627,-0.4602932757726641,1.2763403203356416,8.284967270173246,10.16908687877008,4.7207401491943495,687.328,0.19092444444444442,0.26143979962281294,0.08764164726043057,00858.csv,B0043,121,858,4,0.0679960492721063,50
4.198496000290906,4.151604020544192,4.061944839809303,2.484746371426068,0.04689197974671444,-0.26354071255954314,0.985748456423341,6.857064194557378,7.981964148617724,3.745038171023096,1047.531,0.2909808333333333,0.2323947546858664,0.0758847543523629,00860.csv,B0043,123,860,4,0.0682801114788655,51
4.198662948375451,4.144987642807811,4.0390164727182745,2.439654912409003,0.053675305567639775,-0.30982094892471246,1.0641152742725273,7.332807580550581,9.50679606348134,3.428013204473557,1038.375,0.2884375,0.26742743685824544,0.08864648892746999,00864.csv,B0043,127,864,4,0.0684463294312597,52
4.197798424948824,4.143971418672154,4.0361346398417846,2.4090725568197633,0.05382700627666992,-0.31356071971779864,1.0696487869811695,7.093409222592422,8.947219582076908,2.7928548466816574,1030.703,0.2863063888888889,0.2676062286943482,0.0889138178919172,00866.csv,B0043,129,866,4,0.0685136191478808,53
4.197881021158161,4.151150127208954,4.057393658498293,2.4859989490669228,0.046730893949207264,-0.27513448834106563,1.006636290742111,7.192057776504479,9.048570192927317,4.660299890680692,1010.765,0.28076805555555556,0.2336089825980254,0.07645497814629404,00868.csv,B0043,131,868,4,0.0688740243561668,54
4.198733839270603,4.151009265780341,4.057321348653442,2.4347562857307143,0.047724573490262046,-0.27166833180337746,1.0014295871901273,7.020826540727179,8.214832927581378,4.14207931333889,1025.719,0.28492194444444446,0.23349452512370594,0.07688371041684688,00870.csv,B0043,133,870,4,0.0565443893216957,55
4.198110326587282,4.143628414480655,4.033634353087378,2.406517387646374,0.05448191210662756,-0.320196095157037,1.080993165801703,7.160800567147388,9.472969870923514,3.3420379340272257,1016.859,0.2824608333333333,0.26909405988891055,0.0895814301201697,00872.csv,B0043,135,872,4,0.0691835316418984,56
4.197869647773584,4.14943501955066,4.051793890502685,2.451707097247213,0.04843462822292377,-0.2847656836072143,1.02333798797077,7.125807255445201,9.447247671252793,5.117572077623795,1021.079,0.28363305555555557,0.24421380350879676,0.08036389349304572,00876.csv,B0043,139,876,4,0.0591220864554366,57
4.197177533832938,4.142974147312575,4.030996821807475,2.381706206862016,0.054203386520362606,-0.32388066907637447,1.0865876798510041,7.276161437071745,10.624675414528705,4.69331119484725,1010.562,0.2807116666666667,0.26925805960463256,0.09006819960953423,00878.csv,B0043,141,878,4,0.0695612008414022,58
4.197964103178539,4.15028374432697,4.055018337093391,2.474242037374171,0.047680358851569515,-0.2817775211607147,1.0175279157584745,7.0723476874628055,9.289965371994612,4.736061096685327,1003.313,0.27869805555555555,0.23832436716192867,0.07794584017794057,00880.csv,B0043,143,880,4,0.0701789780437661,59
4.1984290827154815,4.1435421596576845,4.030113750605147,2.376406799368078,0.05488692305779708,-0.3276464138855827,1.0921730102877851,7.211729709283271,10.405043941704964,4.360530298517433,1006.187,0.2794963888888889,0.2717739274523844,0.09094145028337475,00882.csv,B0043,145,882,4,0.0702814818386252,60
4.197776325811346,4.149891109043192,4.052423434416539,2.444206792905019,0.04788521676815449,-0.28464369596708916,1.0234736910782727,7.126821145688813,9.269985860917538,4.9054764480061275,996.765,0.2768791666666667,0.23885200260813116,0.07853206471878,00884.csv,B0043,147,884,4,0.0578736420287837,61
4.196940755223824,4.142100171174317,4.027129856353761,2.3625240054533236,0.05484058404950698,-0.33136519430479083,1.0980968103856144,7.168249960966138,10.696409617431332,4.619333826703149,999.422,0.27761722222222224,0.2721150484715333,0.09128820844075182,00888.csv,B0043,151,888,4,0.0705661855429337,62
4.19797990922366,4.149241842089052,4.048117106628375,2.3656545996286327,0.048738067134608265,-0.2883666373154701,1.0291974347675878,7.434058256465138,8.841145903774922,4.287338053261562,990.234,0.275065,0.23698687091570156,0.07891054988729371,00890.csv,B0043,153,890,4,0.057989410208958,63
4.198154349205609,4.14498866813725,3.9942812603304247,2.4649338982361098,0.05316568106835895,-0.4625693034020785,1.2812149026866488,7.930969485581617,9.601778804173833,4.1864612255940425,608.953,0.1691536111111111,0.23972708724572908,0.07860081838307126,00892.csv,B0043,155,892,4,0.0712926644680078,64
4.197870451831717,4.144207456044692,3.989213116660272,2.4780138487049133,0.05366299578702449,-0.4810643118406535,1.3036937594962632,7.59327498772461,9.775871193110238,4.351768575780751,586.719,0.16297750000000003,0.24086092538229975,0.07876795539192397,00894.csv,B0043,157,894,4,0.0714654655766428,65
4.198411457661763,4.144347719537672,3.985650654864829,2.467345657591589,0.05406373812409093,-0.49057535200097985,1.3155531937639675,7.6206831277866485,9.77507439966935,4.425996110694009,575.922,0.15997833333333333,0.24080166134500455,0.07889680728388015,00896.csv,B0043,159,896,4,0.0716254973792324,66
4.194430059860958,4.145817103565623,4.052984666529467,2.453991394977099,0.0486129562953348,-0.2752743573987098,1.0066051504721811,6.882286937183749,7.9530776238610095,3.4785010844655453,1050.406,0.2917794444444444,0.24376296268495523,0.07986311641832002,00900.csv,B0043,163,900,4,0.0719259635627201,67
4.197497159574681,4.148654676236493,4.051719519499582,2.3794329527267557,0.04884248333818775,-0.2783809790794886,1.0120122624785697,7.3351511578492685,8.70377999346024,4.549901294742912,1040.75,0.2890972222222222,0.2410774312254353,0.08006714201531041,00904.csv,B0043,167,904,4,0.0588400951113647,68
4.1973835054560045,4.141517472080457,4.026760095683099,2.3452670801496267,0.05586603337554763,-0.33153563906515443,1.0981265715724136,7.3668189489801215,10.861930060972163,4.846382116999119,1019.125,0.2830902777777778,0.27811751023013426,0.09333984378907509,00906.csv,B0043,169,906,4,0.0721385348010396,69
4.196870024472014,4.143542544449258,3.9942222633789237,2.474574662858291,0.05332748002275611,-0.46262938548539395,1.281410322597886,7.9936664890195335,9.628805360691263,4.109314578210626,618.844,0.17190111111111112,0.24398198043778396,0.07971484757202177,00908.csv,B0043,171,908,4,0.0723183571187791,70
4.198079959089733,4.148578020633061,4.049966366718909,2.3452420900020043,0.049501938456671724,-0.28159998506577094,1.0177211063065366,7.296477939821086,8.740129795491647,4.687909261314161,1039.547,0.28876305555555554,0.2427808913408419,0.08087481661356453,00910.csv,B0043,173,910,4,0.0593817062666809,71
4.196857869022103,4.147126445698275,4.051191449078818,2.4837961610187183,0.04973142332382796,-0.2915968889897802,1.0344945952061428,6.946289418376631,9.890833414808087,3.8854720535159615,1004.328,0.27898,0.2488191124733922,0.08092695786933553,00912.csv,B0043,175,912,4,0.0729448848562527,72
4.197040748347509,4.147247347359353,4.0502554179984545,2.45187326606884,0.04979340098815577,-0.2912181433078147,1.0345186133330775,6.902633045655659,8.123599018265942,2.6905740474336195,1005.75,0.279375,0.2480435476518765,0.08097084727923715,00916.csv,B0043,179,916,4,0.0730691773407958,73
4.196682246183551,4.146824217087633,4.049866693334642,2.481690176251403,0.04985802909591808,-0.2948913004839586,1.0406846792255895,6.896174405116905,9.54039758015595,3.505421162240852,995.797,0.2766102777777778,0.2492908853237392,0.08112994958830888,00918.csv,B0043,181,918,4,0.0731705412812827,74
4.19696998692681,4.1469366889807535,4.04947173354325,2.469341225978269,0.050033297946056265,-0.29521769894931627,1.0404335984325142,7.035611200131563,8.68981677408595,2.5154396104785164,998.921,0.27747805555555555,0.2504323379133292,0.08152210697209009,00920.csv,B0043,183,920,4,0.0734743029330489,75
4.197583527373011,4.147715699837339,4.043702193909917,2.3359478200885606,0.04986782753567187,-0.2989974183048041,1.0464891763132667,7.22435677434366,8.648121468375715,4.547428318150625,989.141,0.2747613888888889,0.2456627557905777,0.08168638577215812,00922.csv,B0043,185,922,4,0.0601069759183187,76
4.1970633301567934,4.14671803349143,4.04662199809222,2.455991331590063,0.05034529666536347,-0.3025440962097056,1.0525557210796936,6.990028087646541,8.766749021949757,2.618920857451789,979.203,0.2720008333333333,0.25109813676993914,0.08189052712118298,00924.csv,B0043,187,924,4,0.0738316250995573,77
4.197323566834658,4.147001991978145,4.0478344519741825,2.446533765156367,0.050321574856512896,-0.2990404522680274,1.0464356683999334,7.072814815985095,8.697295284987012,2.525137618888306,994.031,0.2761197222222222,0.2524083344870883,0.0824067483668382,00928.csv,B0043,191,928,4,0.0604952153074282,78
4.197136062671134,4.146542323410636,4.045020633492667,2.4401050698854356,0.05059373926049737,-0.3062477823294265,1.0585780617249305,7.152123066131912,10.097658187656732,4.142179645805925,971.516,0.2698655555555555,0.25176665750279675,0.08239736553034858,00930.csv,B0043,193,930,4,0.0606040102376181,79
4.196810616000894,4.145027391388894,4.0242391243497195,2.426379928299938,0.05178322461199958,-0.36568183307963065,1.150535970149636,7.40243656537614,10.08193635042433,4.1480130859312805,810.563,0.2251563888888889,0.2509004827556493,0.08236920437820545,00932.csv,B0043,195,932,4,0.0607343843223521,80
4.19749831364625,4.142240861125706,3.980071334963229,2.3818713355998336,0.055257452520543815,-0.4905340051010038,1.3149589465593825,8.281671008133785,9.867385484495305,4.204620821748974,599.047,0.16640194444444445,0.24858790655618365,0.08235056714812078,00934.csv,B0043,197,934,4,0.0609965304823779,81
4.197443547761606,3.98267434261784,3.3967939181762525,2.259462555169981,0.21476920514376552,-2.3863012371136616,2.051869563462806,5.990209166830171,8.668191215610703,4.369764080856453,109.078,0.030299444444444445,0.2415377045284576,0.08196468628337274,00936.csv,B0043,199,936,4,0.0611304592598731,82
4.197249677217233,3.982572626603354,3.4366476653788816,2.3642680452849265,0.21467705061387887,-2.3869789597180757,2.0503760954303365,6.4435194897145704,8.230234796537065,2.794504466404338,109.171,0.03032527777777778,0.24749052628475668,0.0821104886163216,00940.csv,B0043,203,940,4,0.0612912441098759,83
4.199324238157774,3.902172130448984,3.3244665701392724,2.2200788093903734,0.2971521077087904,-2.6498487159567716,1.9874543272782894,5.804997367748431,8.3473989032227,3.903591298301315,96.484,0.02680111111111111,0.24098020722637753,0.08210971269998704,00942.csv,B0043,205,942,4,0.0613032906580409,84
4.20125127915007,3.983966194936945,3.4223166127184776,2.3089650825269894,0.2172850842131253,-2.387047276888483,2.052368805055762,7.064649745993309,9.566970302021362,4.008155404480936,109.094,0.030303888888888887,0.24485740363967107,0.08194971136872986,00944.csv,B0043,207,944,4,0.0611516615740909,85
4.201927103230439,4.000254033936515,3.517134909435146,2.4643253089090313,0.20167306929392392,-2.209874839881083,2.093819024163091,4.857763577409316,7.155555764844436,3.780139763113991,96.906,0.026918333333333336,0.20972552386818183,0.06841127945463968,00946.csv,B0043,209,946,4,0.0614053871920573,86
4.201871725413588,3.9035705684571935,3.3308466979658498,2.227174478989743,0.2983011569563949,-2.651553384507515,1.9867860348750093,6.365147956644147,8.849096539219643,3.823477333179807,97.015,0.02694861111111111,0.24327670586061187,0.08262877283911259,00948.csv,B0043,211,948,4,0.0617578076594285,87
4.151713316448254,2.487710804240493,3.4693912792577155,2.487710804240493,1.664002512207761,-0.9908307773272774,0.06553129675232891,7.784854957371514,11.059155779143234,6.226786542219134,5608.781,1.5579947222222221,5.358821524060959,1.5460934613143638,00952.csv,B0043,215,952,4,1.5250840516518187,88
4.1860990142535135,2.4700528908595785,3.4896631252373917,2.4700528908595785,1.716046123393935,-0.9917840133525034,0.06539985174509774,7.677310156075022,10.464754894665266,6.132130904012929,5703.296,1.584248888888889,5.486116396020315,1.5736555561088028,00956.csv,B0043,219,956,4,1.552568811301301,89
4.20024763178396,2.4917865311625422,3.4883481289690543,2.4917865311625422,1.708461100621418,-0.9917267979357509,0.06558329345794274,7.720355963617298,11.117824082083432,5.600546058456676,5668.032,1.5744533333333335,5.449855329244993,1.5638541725664505,00958.csv,B0043,221,958,4,1.5427752626774387,90
4.199618145627328,2.4681420264399123,3.4828518772266346,2.4681420264399123,1.7314761191874157,-0.9915700758751732,0.06574634959601766,7.795012554263815,11.465947003288688,6.175192857446193,5634.047,1.5650130555555555,5.407777328122096,1.5542389689934357,00960.csv,B0043,223,960,4,1.533193283126468,91
4.1989206972349695,2.983258556105931,3.4797712380230035,2.4840346404021036,1.2156621411290387,-0.9892746508058018,0.08108213476706347,7.802002705131443,10.672391649812306,6.730452162313295,5582.375,1.5506597222222223,5.346780478085368,1.5381592482417983,00962.csv,B0043,225,962,4,1.515272194917202,92
4.1989096150494385,3.0654385352990348,3.4723642645257145,2.4820985064146877,1.1334710797504037,-0.9870448856228408,0.0936946393737183,7.8854226977198625,11.55324188297086,6.148893387026559,5567.329,1.5464802777777777,5.309948121283936,1.5304300357995744,00964.csv,B0043,227,964,4,1.5074989761997712,93
4.182123550892078,3.1770320631633036,3.465591847973898,2.4995448861629077,1.0050914877287749,-0.982521155601079,0.1151040068664233,7.865599621307659,10.678188237457311,6.666061405998306,5528.453,1.535681388888889,5.24004618573386,1.5126888548427408,00968.csv,B0043,231,968,4,1.4896288908647644,94
4.198072340064109,3.2002175433147166,3.4621709600387423,2.4624361945446704,0.9978547967493925,-0.9800816231955619,0.12448489583918683,7.840911830800532,10.67885056037868,5.871149743635242,5513.39,1.5314972222222223,5.20829312099956,1.5047156033609768,00970.csv,B0043,233,970,4,1.4780778852088083,95
4.19729618680157,3.234320092485432,3.4569777103220325,2.4931009972754072,0.9629760943161383,-0.9774850815985034,0.13398492466692477,7.866129688953066,11.249497515672802,7.497328855718534,5486.187,1.5239408333333333,5.161657276006492,1.4933666458672565,00972.csv,B0043,235,972,4,1.4700035345334466,96
4.196562826262564,3.2509925266263773,3.449217752251389,2.462787320418678,0.945570299636187,-0.9753322406906505,0.14200465145911195,7.9393273558149495,11.637480263714384,6.77047909214726,5461.922,1.5172005555555554,5.1162923483001626,1.483322285109685,00974.csv,B0043,237,974,4,1.4565623180137075,97
4.1961404278065615,3.3057968122822254,3.447579855504856,2.497516098993309,0.890343615524336,-0.970424713185739,0.15708358690165,8.020423171340544,11.797524620709758,6.738293370636515,5438.157,1.5105991666666667,5.065979506983816,1.469283511152344,00976.csv,B0043,239,976,4,1.445976962830235,98
4.178175250938716,3.3037265459148224,3.4358831885309766,2.472999574663348,0.8744487050238932,-0.970256674882607,0.15771028019213484,7.909281139740462,11.717322041018162,7.972910291752965,5402.875,1.5007986111111111,5.0149979335182735,1.459560159955167,00980.csv,B0043,243,980,4,1.4325855992469252,99
4.195619110791885,3.3469521161485076,3.4393737351491587,2.4798848457409326,0.8486669946433771,-0.9652466121144252,0.1716836925939314,7.9764627392531535,11.400146543773252,6.2301899060519235,5384.438,1.4956772222222223,4.976733574013817,1.4467845814475662,00982.csv,B0043,245,982,4,1.4197344854662963,100
4.195354802720307,3.3683277295498315,3.4371630389916628,2.483308761917933,0.8270270731704756,-0.9624204407769305,0.17880461524399713,7.975220288628877,11.27412857657329,5.943427257701372,5344.859,1.4846830555555557,4.922208204179986,1.4319520816225122,00984.csv,B0043,247,984,4,1.401262575071573,101
4.195137899317883,3.3871003527565025,3.432715938014848,2.4722726688004673,0.8080375465613807,-0.959579561659367,0.1856993299500598,7.919276364601211,10.939205926809544,5.84984812748936,5305.156,1.4736544444444444,4.864906413839718,1.417061212308126,00986.csv,B0043,249,986,4,1.3862945308535968,102
4.195919647393222,3.400755964918155,3.4312793781460638,2.4995232811069013,0.7951636824750667,-0.9569605305508407,0.19208889898681358,8.087848756281263,11.469256268063758,6.552766532352762,5284.547,1.467929722222222,4.831018803687632,1.4077746513684026,00988.csv,B0043,251,988,4,1.384130256052478,103
4.176270279535014,3.4311538925988954,3.423768606452633,2.492874341811692,0.745116386936119,-0.9522133825707907,0.20388311603830608,8.02258709983945,11.07680003582411,6.0356302559632,5267.843,1.463289722222222,4.780313618919374,1.396198638151325,00992.csv,B0043,255,992,4,1.3651743201871416,104
4.195157601948688,3.4143992754562658,3.425776013992083,2.466722917823166,0.7807583264924225,-0.9541332483411131,0.19921409190703915,8.12948679263687,11.26155378961363,6.102109347018934,5229.688,1.4526911111111112,4.758502937236589,1.3889437739396753,00994.csv,B0043,257,994,4,1.361508332192898,105
4.195480097537295,3.4243437362881983,3.4199159770745933,2.470780211742849,0.7711363612490962,-0.951277080781025,0.2054496177200656,8.089656475775936,11.576966830401837,6.714548910215753,5206.954,1.446376111111111,4.714298998593134,1.378538197875261,00996.csv,B0043,259,996,4,1.351001663879717,106
4.1943133355165845,3.4679419643714557,3.419545032162598,2.4848489819284896,0.7263713711451287,-0.9432133015363675,0.2217468873350725,8.144440591218109,11.16400609714747,5.479567657363763,5179.062,1.4386283333333334,4.647381821655824,1.359418288407161,00998.csv,B0043,261,998,4,1.3282588067265129,107
4.194450936586587,3.439152359487331,3.4121967412564467,2.4661345187240347,0.7552985770992557,-0.9477871437594549,0.21256469407215087,8.231983414070719,11.988971088033123,7.852026953954388,5144.109,1.4289191666666667,4.629861873326424,1.3570240728486516,01000.csv,B0043,263,1000,4,1.3257206687421472,108
4.173215087704208,3.474860622515832,3.407362058046422,2.4725812888729317,0.6983544651883764,-0.9403317488154684,0.22815789019769153,8.207473278156359,11.73519417014362,7.193816018928053,5142.891,1.4285808333333332,4.583289914542675,1.345732706915285,01004.csv,B0043,267,1004,4,1.314290971597844,109
4.193501778898149,3.496291034217844,3.4128712396915972,2.4919564449811342,0.6972107446803051,-0.9372882788479067,0.23393950788390344,8.189312466474624,11.299125699617386,6.236400432687718,5109.734,1.4193705555555556,4.5424476003101,1.3318597993215995,01006.csv,B0043,269,1006,4,1.300326009481109,110
4.193305249397542,3.5046240715866355,3.408624211537015,2.485517355170574,0.6886811778109068,-0.9340008362934733,0.23947499292837904,8.139466322876048,11.376911439849154,6.438692207697518,5078.937,1.4108158333333334,4.494729701705882,1.319785481015241,01008.csv,B0043,271,1008,4,1.2881071401556836,111
4.192997819348426,3.516838011917968,3.405803295662315,2.499796953515674,0.6761598074304578,-0.9308225674416871,0.24510435103326936,8.11394700059043,11.488807348025915,7.182187863663712,5051.672,1.403242222222222,4.451177855812199,1.3083609678187895,01010.csv,B0043,273,1010,4,1.2767801501201566,112
4.087016142066692,3.2505285064740668,3.31356881404843,2.62709691854036,0.8364876355926252,-3.895034492956119,0.608051199531419,52.14812251926887,59.47600707924567,16.21917532020902,1572.359,0.43676638888888886,5.652485056851267,1.7102678224838375,01013.csv,B0032,1,1013,43,1.704864107351214,1
4.187844886919987,2.6672646952717707,3.360932103985418,2.6672646952717707,1.5205801916482167,-3.9466385151298375,0.4149848024335193,53.49862731805315,60.121290886265,15.742172383949672,1723.281,0.47868916666666667,6.351010860639848,1.8940362206449968,01015.csv,B0032,3,1015,43,1.8940319526948572,2
4.1876971887724,2.653980741191812,3.362818742242725,2.653980741191812,1.5337164475805882,-3.9459503925460986,0.41818539146982536,53.56355547229223,60.28987126771494,15.864958949347155,1705.906,0.47386277777777774,6.289932697446055,1.8747756140559004,01017.csv,B0032,5,1017,43,1.8747686491853095,3
4.187956631748198,2.614778884516638,3.3620666570592657,2.614778884516638,1.5731777472315605,-3.945374357087773,0.42050475802447956,53.636497641934646,60.570618627724706,16.147162296981534,1697.688,0.47158000000000005,6.257486786995318,1.8655040887565797,01019.csv,B0032,7,1019,43,1.8654947184112376,4
4.187837270519941,2.611753951946988,3.362352506750974,2.611753951946988,1.5760833185729526,-3.9451013111259323,0.42297238701774714,53.66821955000141,60.444872622429784,16.027753357862245,1686.094,0.46835944444444444,6.215037089577001,1.8527400130269882,01021.csv,B0032,9,1021,43,1.8527398169018068,5
4.176580463554566,2.6899647104301128,3.3539141264171213,2.6899647104301128,1.486615753124453,-3.9441329415172497,0.4253845693648264,53.78514931831166,60.80514996345169,16.42573703901546,1678.563,0.4662675,6.170354900653767,1.8441744853531687,01025.csv,B0032,13,1025,43,1.844174397003866,6
4.187717629562103,2.6352220172441965,3.359881578137895,2.6352220172441965,1.5524956123179066,-3.944073053011351,0.42643736373199503,53.80370465565283,60.791314861400984,16.369052320584856,1677.469,0.4659636111111111,6.177903752906102,1.8430291739832898,01027.csv,B0032,15,1027,43,1.8430238477512753,7
4.1875582845369195,2.616116680441599,3.358862190732693,2.616116680441599,1.5714416040953205,-3.943421894744355,0.42894875064937227,53.860865202701575,60.824534439051064,16.426447561491052,1666.093,0.4628036111111111,6.13333314420445,1.8302851659469872,01029.csv,B0032,17,1029,43,1.8302818174911863,8
4.1878149871796655,2.6377575512804055,3.3601097902247443,2.6377575512804055,1.55005743589926,-3.9431707154426765,0.4311401823051378,53.86937461780675,60.93844327722512,16.541311128702013,1654.328,0.45953555555555553,6.091960849131281,1.8173838456081812,01031.csv,B0032,19,1031,43,1.8173838456081817,9
4.1878814798124315,2.6425811435343314,3.3601434422461938,2.6425811435343314,1.5453003362781002,-3.9427909793014866,0.43392303202425375,53.919241142689074,61.056928797496845,16.632526991726337,1643.812,0.45661444444444443,6.053158895007462,1.8058067136694294,01033.csv,B0032,21,1033,43,1.805799298110468,10
4.180429711622443,2.6868552360676885,3.355149818972587,2.6868552360676885,1.4935744755547544,-3.942681377393959,0.4338637353111127,54.04736439027926,61.26264235870029,16.858893883314096,1652.266,0.4589627777777778,6.074603642175018,1.8149829605049188,01037.csv,B0032,25,1037,43,1.8149829605049184,11
4.187435297570574,3.2661019116261025,3.3593418283288132,2.6740516269543457,0.9213333859444717,-3.9184845032163937,0.5314258717289723,54.07432799473692,61.30909593373104,16.9110395434518,1648.672,0.45796444444444445,6.0468333790559665,1.805274450796254,01039.csv,B0032,27,1039,43,1.7995150369321795,12
4.187467933100937,3.2621905709241212,3.358629751735543,2.6712280977184064,0.9252773621768156,-3.9177419538846427,0.5349868946169266,54.13198237630402,61.35860964032413,16.93518624621597,1636.969,0.45471361111111114,6.002450273212183,1.7924355451200733,01041.csv,B0032,29,1041,43,1.7866516942518147,13
4.187491241001438,3.2713115762151967,3.3590704748251823,2.6834486699239664,0.9161796647862412,-3.916992039332035,0.5380074438983674,54.1706485784692,61.482188769123354,17.07689233675508,1625.187,0.4514408333333333,5.958935256076549,1.7793395659736282,01043.csv,B0032,31,1043,43,1.7735550719416031,14
4.1874322769983605,3.2615739067935388,3.3579238322389635,2.670098200587867,0.9258583702048218,-3.9165301686540293,0.5396501128298057,54.230275057026425,61.55806089309811,17.124220146442482,1622.016,0.45056,5.945277119302475,1.775800216176592,01045.csv,B0032,33,1045,43,1.769995333364443,15
4.174006876397771,2.6512994484308834,3.346388148340216,2.6512994484308834,1.5227074279668873,-3.941133829882486,0.4407527062115301,54.344649105313806,61.75555924618304,17.3653560630164,1638.422,0.45511722222222223,6.0066018738209515,1.799527014001117,01049.csv,B0032,37,1049,43,1.799526080374287,16
4.186855719668648,3.243773736993998,3.3534652549262995,2.625703438629486,0.9430819826746499,-3.9168961856121998,0.5379929595204344,54.34024033975075,61.788148736083365,17.401921053581006,1646.438,0.45734388888888894,6.027384546497736,1.802718276719495,01051.csv,B0032,39,1051,43,1.7968530684449833,17
4.187205947419154,3.248116311605556,3.3539379658636705,2.6363985091733704,0.9390896358135983,-3.9161279657117896,0.5411270964921422,54.383818324015124,62.026796878552666,17.621669964551366,1634.765,0.4541013888888889,5.984507268135139,1.789712043501059,01053.csv,B0032,41,1053,43,1.7838265504081745,18
4.187348698823322,3.233936782683162,3.352033498067153,2.6091385279000474,0.9534119161401597,-3.9150746408037618,0.5445937902506172,54.44223460892958,62.05922080379437,17.63752538194573,1622.016,0.45056,5.933358836705101,1.77554335965285,01055.csv,B0032,43,1055,43,1.7696444491040102,19
4.187381851252573,3.370046246482991,3.356088193037498,2.6928273258727593,0.8173356047695819,-3.8893700702054987,0.628545663846189,54.47793957059441,61.81678431928173,17.4018839074021,1616.25,0.44895833333333335,5.878700525006682,1.7572383941871546,01057.csv,B0032,45,1057,43,1.7512940457049684,20
4.180200303700577,3.2711060176079623,3.3485978246821815,2.6580053475407666,0.9090942860926146,-3.914545791564824,0.5464050114333066,54.522884319691855,62.13034562682843,17.75060847372871,1622.218,0.4506161111111111,5.927307809538398,1.7756814985417742,01061.csv,B0032,49,1061,43,1.7697554297961993,21
4.187278944270903,3.341668001410156,3.350888760453381,2.622656733898926,0.8456109428607474,-3.88872960338246,0.6304656957519488,54.63737439274004,62.20855323363066,17.773502176602577,1619.656,0.44990444444444444,5.881692719527514,1.7607816051835319,01063.csv,B0032,51,1063,43,1.7547726933914918,22
4.186771025203198,3.357580003320334,3.351949039148667,2.6579673401898325,0.8291910218828642,-3.887437874711392,0.6344083243543543,54.626766126568995,62.27936068413306,17.828616805748872,1605.484,0.44596777777777774,5.830156783900783,1.7449864708296652,01065.csv,B0032,53,1065,43,1.7389166355812984,23
4.1871365908002,3.3424185942990423,3.349297591300232,2.62449780009349,0.8447179965011573,-3.8867994146602536,0.636254128119382,54.64310926864166,62.40536913200032,17.957780201508015,1600.75,0.4446527777777778,5.808250271325297,1.7397545465444653,01067.csv,B0032,55,1067,43,1.7337200518764075,24
4.187171328295389,3.417264130427884,3.351231111091802,2.6693549937573904,0.7699071978675054,-3.8600791350059627,0.7116283818721478,54.70581681215588,62.216007793788314,17.773682473695516,1595.0,0.44305555555555554,5.747974483716776,1.721150647519695,01069.csv,B0032,57,1069,43,1.7150972597500092,25
4.179483481777926,3.3493351406479275,3.3435018088780115,2.6245992054256915,0.8301483411299988,-3.8867131837578937,0.6364379469664357,54.73634803491553,62.6157960112704,18.202726506559237,1612.422,0.447895,5.839969876562678,1.7523775813175886,01073.csv,B0032,61,1073,43,1.7462926148815636,26
4.187057003834118,3.430927872366103,3.3521161040604457,2.6829848740711117,0.7561291314680152,-3.859329219112499,0.7138266105694623,54.729006905014316,62.26360588854172,17.83634302366989,1598.969,0.44415805555555554,5.762885644963296,1.725269028478666,01075.csv,B0032,63,1075,43,1.719149261914565,27
4.186996418231206,3.4200085858461637,3.3500497479561155,2.6671246169170018,0.7669878323850421,-3.858428126429743,0.7163465358686759,54.73589338579687,62.42580063958537,17.9984003356888,1592.187,0.44227416666666663,5.734274943351252,1.717707220861374,01077.csv,B0032,65,1077,43,1.711582246191498,28
4.1871621368173555,3.411908994388453,3.346822633241171,2.6334454972272856,0.7752531424289026,-3.8566873181204584,0.7209036919981643,54.73540508711326,62.5594040849182,18.15460128723477,1577.484,0.43818999999999997,5.673713126303328,1.7012525490410073,01079.csv,B0032,67,1079,43,1.69510511952259,29
4.18701131088953,3.3408236307147847,3.3445668126766406,2.6133538721871226,0.8461876801747454,-3.8827695760741974,0.6489136023031378,54.748659992092946,62.582629376324434,18.184091749881404,1571.547,0.4365408333333333,5.689261725749094,1.70670915534348,01081.csv,B0032,69,1081,43,1.7005124371100973,30
4.181856074494181,3.3589122104028566,3.3426166901503263,2.647938106735209,0.8229438640913247,-3.882600911283088,0.6490762665720794,54.78747299373422,62.57090441669303,18.217708219971925,1578.484,0.43846777777777773,5.710736736309036,1.7143584113928028,01085.csv,B0032,73,1085,43,1.7080989351250158,31
4.18690867607217,3.426145804697182,3.34732439121854,2.6715941703662405,0.7607628713749874,-3.854937565206465,0.7256203626881594,54.781382520592445,62.42898686923908,18.036570791705863,1574.469,0.43735250000000003,5.6615494567656395,1.6976346075864048,01087.csv,B0032,75,1087,43,1.691435430587127,32
4.186684521219286,3.4162949734345394,3.3453547357724522,2.6462614968063676,0.7703895477847467,-3.854046236326502,0.7279361269799706,54.78435229628446,62.43152363917722,18.042114019836312,1568.281,0.4356336111111111,5.635176058030668,1.6906810883831387,01089.csv,B0032,77,1089,43,1.6844494328889932,33
4.186961283097403,3.4644317504208755,3.346646262078225,2.6718636231921065,0.7225295326765271,-3.825515955469031,0.7972049762219308,54.845012944023324,62.5729328576623,18.168363087602373,1561.422,0.4337283333333333,5.5675145725628274,1.6703127054669218,01091.csv,B0032,79,1091,43,1.664037581688075,34
4.186553418814557,3.410759984120558,3.3430379418002483,2.6372752376377897,0.7757934346939992,-3.852185223644289,0.7325832091950333,54.84412055277582,62.57967644827836,18.168900207332122,1554.234,0.4317316666666666,5.578754719508921,1.6749433506249085,01093.csv,B0032,81,1093,43,1.6686372014231974,35
4.180871809929545,3.402720338253019,3.3373798184076695,2.6027515790201994,0.7781514716765265,-3.8529024760904163,0.7303279575810526,54.916794359881244,62.96996562520999,18.62396966241171,1573.734,0.4371483333333333,5.640558871617236,1.6962382539274916,01097.csv,B0032,85,1097,43,1.6899344075625968,36
4.186876840985748,3.455017706668503,3.343534769020288,2.634449644633184,0.7318591343172454,-3.824369401335111,0.8002272365744196,54.90429470994109,62.75574288944966,18.35366236463981,1566.578,0.43516055555555555,5.580895443113898,1.6757061428709603,01099.csv,B0032,87,1099,43,1.669431712846442,37
4.186533464625853,3.4030066966677173,3.3406975425250534,2.612265282912701,0.7835267679581359,-3.850082677405248,0.7377247983901916,54.85304065526831,62.70443033939053,18.323648986834385,1550.047,0.4305686111111111,5.557828361101393,1.6697499027332845,01101.csv,B0032,89,1101,43,1.6634226761839213,38
4.186615243243429,3.476214392039967,3.3456376475453258,2.6874948249577777,0.7104008512034619,-3.820950546148158,0.8082301715801611,54.870101858468004,62.46020747529598,18.03536065085222,1543.64,0.42878888888888894,5.496799750125068,1.6499759130649598,01103.csv,B0032,91,1103,43,1.643615219594737,39
4.186758471539941,3.4481169561463685,3.33983349960651,2.6076358711453813,0.7386415153935721,-3.8197049752589796,0.8109123103580228,54.91521152058179,62.78975435716677,18.377700865351358,1536.781,0.4268836111111111,5.46262352552257,1.64215658709948,01105.csv,B0032,93,1105,43,1.6358000873538243,40
4.078134998132295,3.859776699654301,3.3780267772090253,2.4897962179516666,0.2183582984779946,-1.7216522308231414,1.9789410010354245,34.70141183965182,41.68577610887712,17.061696129295782,982.938,0.2730383333333333,1.2975922184985231,0.4657437864991359,01109.csv,B0039,0,1109,24,0.1190383185934176,1
4.201355916493729,3.9180747536229807,3.5388339739777925,2.4756646285889476,0.28328116287074856,-1.3777686088249814,1.8969388188878327,34.602296282226774,42.96184230643531,17.0587343318409,1489.953,0.41387583333333333,1.6175150158475866,0.5620765965688379,01113.csv,B0039,4,1113,24,0.4729861500927512,2
4.202305315856042,3.91622923424304,3.5283987355327224,2.497942856856816,0.2860760816130017,-1.3955410359909974,1.9027184940397268,34.706915531211784,43.606076550083,18.68136116296732,1479.703,0.4110286111111111,1.6222129877090876,0.5663444822567717,01115.csv,B0039,6,1115,24,0.1628079382920206,3
4.202793289604713,3.915299991881755,3.523734020299432,2.480114715641411,0.2874932977229583,-1.414099580611061,1.908604602711483,34.771517765327,43.90627471664096,18.50540737033493,1468.172,0.40782555555555555,1.6306912763012678,0.5689226903732507,01117.csv,B0039,8,1117,24,0.4787632853388766,4
4.203125866428561,3.91784116271529,3.5290210250014034,2.4872303300157066,0.2852847037132711,-1.4062420604723467,1.9062491810204543,34.709560141583104,44.013774813837145,18.52211238959115,1457.0,0.4047222222222222,1.6130409028999484,0.5617620012070608,01119.csv,B0039,10,1119,24,0.4711383364607152,5
4.203130606417118,3.918345474193499,3.528853302126734,2.489183697067473,0.284785132223619,-1.417553449529416,1.9099434998159188,34.65890294500357,42.922031048645835,17.252068143958468,1437.047,0.39917972222222226,1.6075393420665192,0.5585541985649938,01121.csv,B0039,12,1121,24,0.4668172561120673,6
4.199225453541231,3.917046052537541,3.4540436783572668,2.498492440398465,0.28217940100368955,-1.705386422586468,1.975341653368674,35.44499437757343,43.24542727979999,17.886738459456616,1170.531,0.3251475,1.591083367982601,0.5512517414940765,01125.csv,B0039,16,1125,24,0.4699932676625547,7
4.201734819728371,3.91949735990479,3.53257704827921,2.4971812527928607,0.2822374598235804,-1.409614813413039,1.907475357571867,34.6176662375867,43.86578283702087,18.532129379101878,1436.141,0.39892805555555555,1.601128498146227,0.5558970128630558,01129.csv,B0039,20,1129,24,0.4627052684317185,8
4.202672121596153,3.920380450058402,3.5299976922060075,2.4988010332333745,0.2822916715377515,-1.4193953971803481,1.9106251544856414,34.65017232704175,43.67270130471354,18.27629399244695,1420.172,0.39449222222222224,1.592237586606428,0.5530613240919068,01131.csv,B0039,22,1131,24,0.4604944782656097,9
4.202779797627703,3.9193561226894182,3.5156652919077627,2.487295552712161,0.2834236749382848,-1.4499971979709174,1.9198022390467022,34.822277873738145,43.79137016976176,18.44333496359408,1397.0,0.38805555555555554,1.5924483273534387,0.5560639278063122,01133.csv,B0039,24,1133,24,0.4412227248835694,10
4.202689684084776,3.921788597535509,3.5295294248045366,2.4958019219001284,0.28090108654926693,-1.4318958455799566,1.9143824060074148,34.67233382014022,43.92654641714406,18.312729953767896,1393.25,0.3870138888888889,1.5811676591123303,0.5480981793578881,01135.csv,B0039,26,1135,24,0.4435442194396584,11
4.202868370613372,3.924639829274924,3.52826089394077,2.498934011647546,0.27822854133844777,-1.4237231581935579,1.9119252146021595,34.74469432520436,43.36143647499468,17.3907652224433,1380.938,0.3835938888888889,1.5494782584250786,0.5398311019893661,01137.csv,B0039,28,1137,24,0.4126655541164234,12
4.197294023274615,2.498706230452002,3.6461406726770127,2.498706230452002,1.6985877928226136,-0.9931771469825759,0.05568371282475593,44.007524345018545,48.10057733769074,18.260905479248624,6375.828,1.7710633333333334,6.415438341925068,1.7604453874387518,01141.csv,B0039,32,1141,44,1.7461791006389626,13
4.204972433209606,2.8644920136636296,3.64392186740937,2.473002904156423,1.340480419545976,-0.9751829593896583,0.14399517337804468,46.67611297517316,48.36094927051516,3.1404277077373877,6574.671,1.8262975000000001,6.518895374965222,1.7824024371434204,01145.csv,B0039,36,1145,44,1.7695250734505363,14
4.208448210539393,2.870544179259461,3.6463500592094675,2.4894344650176916,1.337904031279932,-0.9751939760319923,0.14447558338462754,46.6383045331837,48.205077970133914,3.032331719061659,6571.156000000003,1.8253211111111118,6.520285910648541,1.7815876608447059,01147.csv,B0039,38,1147,44,1.7715391419501945,15
4.206863314961524,2.86545803047679,3.645585479395615,2.473981445559395,1.341405284484734,-0.9750119009804336,0.14485222156858277,46.624310116631904,48.181498766889746,3.0306538852147185,6569.11,1.8247527777777777,6.516183279911379,1.7807155529193714,01149.csv,B0039,40,1149,44,1.770625483958279,16
4.207946244454896,2.8583062890881923,3.6468115454863126,2.4673788761032256,1.3496399553667038,-0.9763225329640914,0.14010263170598272,46.60181681852236,48.22285805925047,3.1036613737241723,6558.75,1.821875,6.515642791450525,1.7805156088262684,01151.csv,B0039,42,1151,44,1.7704040639447296,17
4.2072244946063195,2.862622669369267,3.6451349051966417,2.458737817987512,1.3446018252370524,-0.9746122484452725,0.14559173792694058,46.64079559317347,48.311132730789595,3.143823202280693,6567.516,1.8243099999999999,6.512154820817226,1.779727309635981,01153.csv,B0039,44,1153,44,1.769508178880176,18
4.197666044398925,2.690217181001389,3.6561026070574316,2.4562277920171924,1.5074488633975363,-0.991639778772074,0.0688890159498084,46.65269866016946,48.31988246057892,3.1615548331901593,6430.172,1.7861588888888889,6.485181376866009,1.774177927822219,01157.csv,B0039,48,1157,44,1.7638356274269416,19
4.204483150939521,2.838804697287841,3.6458870173477007,2.4379313646643412,1.3656784536516802,-0.9776620652375614,0.13571242809567546,46.637301691869546,48.191612511475654,3.016597631845393,6554.327999999994,1.820646666666665,6.517420779508841,1.7818906686017537,01161.csv,B0039,52,1161,44,1.7715725869786123,20
4.208084129481043,2.851983687433126,3.645766068703999,2.4476008226100348,1.356100442047917,-0.97593374546125,0.1413814025154582,46.62385161772923,48.22746339794149,3.0679224752676717,6560.922,1.8224783333333332,6.514218797107626,1.7804838165678167,01163.csv,B0039,54,1163,44,1.7701196454489685,21
4.207142953751636,2.868316381369703,3.6446971444609972,2.467377500135635,1.338826572381933,-0.9744225907364069,0.14696712834173573,46.59535143073503,48.171946839870586,3.040133513534812,6559.047,1.8219575,6.502337953346604,1.7771803763357834,01165.csv,B0039,56,1165,44,1.766756975286052,22
4.207099547920701,2.8685912823039703,3.6438349804131214,2.457416820096295,1.3385082656167309,-0.974188913140975,0.14730143072667756,46.59281927437506,48.20204512091098,3.0700674938301944,6553.781,1.8204947222222223,6.494195486594807,1.7753050418679,01167.csv,B0039,58,1167,44,1.7648743629092642,23
4.2078293027865055,2.870115708313202,3.6455211713700875,2.4702283951852175,1.3377135944733034,-0.975611434926553,0.14263266608558414,46.595538716376765,48.208085483124755,3.0949507700553127,6540.187,1.816718611111111,6.491066346643601,1.7742952163005983,01169.csv,B0039,60,1169,44,1.763838685943225,24
4.204100239019515,2.875330797466656,3.6442867502271574,2.47756542534469,1.3287694415528586,-0.9755764719558602,0.14303435699152828,46.61592285314662,48.216947901934525,3.0873958371498347,6535.922,1.8155338888888888,6.4852431612619466,1.7732664340246138,01173.csv,B0039,64,1173,44,1.7657225752056789,25
4.2074857099225,2.885695693382612,3.6438395995465793,2.480137502417058,1.3217900165398877,-0.9738254896234411,0.14842397883996053,46.61306744285817,48.23861432117145,3.069859156405684,6544.078,1.8177994444444445,6.482414551603577,1.7721564738184055,01175.csv,B0039,66,1175,44,1.7645632809383045,26
4.207164990362531,2.868451124114823,3.6432430775983096,2.4411463439008707,1.338713866247708,-0.9753455155568392,0.14355424258175803,46.60739102749507,48.2409468668017,3.0579964638072497,6531.187,1.8142186111111112,6.477274899339239,1.7714937956674137,01177.csv,B0039,68,1177,44,1.7608991948479125,27
4.207616345532635,2.871144340422436,3.6429596917730023,2.4393843779206725,1.336472005110199,-0.9751784320040705,0.14391685948971514,46.59731896053421,48.28638353591076,3.177879158764732,6528.562,1.8134894444444445,6.47326208328578,1.7705160759037855,01179.csv,B0039,70,1179,44,1.7598362095817717,28
4.2070664717956285,2.900332202781231,3.6431420009845095,2.49689484054888,1.3067342690143975,-0.973600435800719,0.14959525625712466,46.60563234024716,48.23633627651948,3.070866486568839,6525.187,1.8125519444444445,6.461375022353575,1.766747443427565,01181.csv,B0039,72,1181,44,1.7590955400143164,29
4.204165409407158,2.8866415669450323,3.6420393576004138,2.465533668800099,1.3175238424621254,-0.9749580537234221,0.144658944433307,46.62474216211915,48.268194411694395,3.133396123806648,6515.938,1.8099827777777777,6.458039481590596,1.7668500546240786,01185.csv,B0039,76,1185,44,1.7560495443976525,30
4.206316214831835,2.9079811204268897,3.6405822186622365,2.487866062972102,1.2983350944049454,-0.9716546701373575,0.15520367727282777,46.6386326424737,48.25892855404056,3.15078638265517,6532.015,1.814448611111111,6.452599308979953,1.7649578909950658,01187.csv,B0039,78,1187,44,1.7571677199949287,31
4.207136740728262,2.9086174173749444,3.640101281169697,2.480376897645346,1.2985193233533177,-0.9715222945577332,0.15553360433249566,46.624080824947505,48.27406092264485,3.069425897691559,6527.922,1.8133116666666667,6.447328878275638,1.76370378998732,01189.csv,B0039,80,1189,44,1.7558911269459976,32
4.207400407989978,2.8865299445557455,3.6389138404319183,2.4235129554433494,1.320870463434232,-0.9730192985244435,0.15090932840024712,46.6573959514452,48.37743085469793,3.2073429305588306,6519.328,1.8109244444444446,6.4458319750264375,1.7642148170611112,01191.csv,B0039,82,1191,44,1.7533419072229914,33
4.206904379532155,2.8962004017725365,3.6390963886375602,2.4421166575524973,1.3107039777596183,-0.9728763615065116,0.1512413007713083,46.69850634609825,48.34229218799801,3.0923117150261845,6510.063,1.8083508333333334,6.436205839504183,1.7615670428210854,01193.csv,B0039,84,1193,44,1.7506673845335168,34
4.203796739473216,2.9150472637269185,3.639310178523211,2.48916723023537,1.2887494757462972,-0.9727174864909479,0.15147973564522327,46.70366699259687,48.35205523072366,3.1487380052931755,6501.718,1.8060327777777778,6.426041826109723,1.7588629363922352,01197.csv,B0039,88,1197,44,1.7510006664162403,35
4.207405098710311,2.9238223514296955,3.6382966465278597,2.486277943958813,1.2835827472806152,-0.9708770463110533,0.15688238439295332,46.69858207228199,48.36227474052515,3.172732565726207,6509.047,1.808068611111111,6.4217494360724645,1.7575360614921522,01199.csv,B0039,90,1199,44,1.7496058853847871,36
4.2069497463433745,2.920966629071032,3.6368192187368806,2.4621592876012923,1.2859831172723424,-0.9707953984260251,0.15745207290832056,46.68478011498361,48.39407566049798,3.202164150887725,6502.438,1.8062327777777778,6.412508987501627,1.7556403279368489,01201.csv,B0039,92,1201,44,1.7477359172183355,37
4.20717367641765,2.912677181122868,3.634846725471178,2.419307605326947,1.2944964952947817,-0.9707512160925147,0.15762214446912595,46.691631182155156,48.40712816602448,3.186718377735943,6502.047,1.8061241666666665,6.409182909387727,1.7555179800919543,01203.csv,B0039,94,1203,44,1.7444225468099093,38
4.206902271296153,2.9491037723111546,3.635905813888798,2.498091152649448,1.2577984989849984,-0.9689523533406329,0.163115454840155,46.752413955353425,48.476824345274245,3.1150448403461866,6498.86,1.8052388888888888,6.396634974684466,1.7513069939525228,01205.csv,B0039,96,1205,44,1.743308366083936,39
4.196674813894532,3.2229625701172115,3.470841442961561,2.4729033909981424,0.9737122437773205,-1.897442497029331,0.41815884869327524,49.300859599002976,52.90221489344579,7.749395767680419,3162.047,0.8783463888888889,5.81763012337579,1.6714395781054283,01209.csv,B0039,100,1209,44,1.6556691733888471,40
4.204257320385259,3.2823518538359906,3.4717307267626065,2.482404434239833,0.9219054665492683,-1.8762389619942326,0.4613744686586946,49.34643167372232,53.04880173105535,7.873036937048738,3173.141,0.8814280555555556,5.777408297732444,1.658732090763702,01213.csv,B0039,104,1213,44,1.64297669457593,41
4.206474730273981,3.29761340757642,3.470065952813119,2.4529055944220666,0.908861322697561,-1.8688554169399538,0.4753899910047731,49.35236153077406,53.017440171542674,7.816812482995616,3169.844,0.8805122222222223,5.745973920627238,1.650264409268957,01215.csv,B0039,106,1215,44,1.6343822729361266,42
4.206865048530781,3.306955689071913,3.468937839466871,2.442965370421763,0.8999093594588676,-1.867958006398749,0.47677374935818106,49.34646841409122,53.07430485716129,7.909120527014572,3156.563,0.8768230555555556,5.716265160233898,1.6424642520958197,01217.csv,B0039,108,1217,44,1.62650670621656,43
4.20677067664984,3.3278987239349314,3.468115577491925,2.450251182214539,0.8788719527149085,-1.8602935835155212,0.49063810289934406,49.35565140520816,53.15177003577248,7.985780424814571,3155.047,0.8764019444444444,5.688006327696128,1.6347905350174976,01219.csv,B0039,110,1219,44,1.618865991735961,44
4.206575007421019,3.336319547616335,3.467077155738093,2.447037438010891,0.8702554598046843,-1.8593916153072554,0.4923758597064833,49.368284273788476,53.01718592680281,7.759691259096002,3142.312,0.8728644444444444,5.66037682466089,1.627497190513019,01221.csv,B0039,112,1221,44,1.6114968339209264,45
4.189131449421924,3.671589992954999,3.2199500199575746,2.4740907394153795,0.5175414564669252,-3.2987153931778748,1.5005971818862887,55.97390404609549,63.94078057196598,18.752755326134263,1485.047,0.41251305555555556,4.279423541671003,1.3692396796466466,01225.csv,B0039,116,1225,44,1.3240805773461226,46
4.204083091786472,3.672855900249019,3.22661988786129,2.442276380666166,0.5312271915374533,-3.2988222829259044,1.5006289213281416,55.95647115817562,64.14381595669508,18.929484450937366,1489.313,0.4136980555555556,4.3034544967526465,1.3735616418557772,01229.csv,B0039,120,1229,44,1.3153386221697692,47
4.068028641979544,3.792975166504296,3.2570770872838057,2.689034363728547,0.2750534754752483,-2.496194310605518,1.9414341435047784,34.520854008155766,40.67740211970284,16.056573397135722,982.938,0.2730383333333333,2.000587814147746,0.6790551184788367,01231.csv,B0040,0,1231,24,0.6734628137095633,1
4.181329419378459,3.8336226953244608,3.435168668765134,2.6944224499802396,0.34770672405399816,-1.9461397110184737,2.0010076331481046,34.02922924081149,41.121867004450536,15.127668006624884,1489.953,0.41387583333333333,2.418020453954667,0.7972142674298119,01235.csv,B0040,4,1235,24,0.7913062105760345,2
4.182169713231169,3.835347321199846,3.4309758033508495,2.6769978869674524,0.34682239203132337,-1.9452201291903763,2.0011227285863704,34.012090723638956,41.63283156392668,16.745543184989845,1479.703,0.4110286111111111,2.3963615000022287,0.7925529306729044,01237.csv,B0040,6,1237,24,0.7865824034601745,3
4.182036902955657,3.836668294613852,3.4348636528845424,2.675172001926867,0.34536860834180505,-1.9447435736678282,2.0011829538106514,33.978388906178346,41.715752737182754,16.295285253312304,1468.172,0.40782555555555555,2.379966114841976,0.7855195663007222,01239.csv,B0040,8,1239,24,0.7795871426061582,4
4.181546884384543,3.8404294513840487,3.445308801417867,2.69268420954805,0.3411174330004947,-1.9174672773069694,2.0002165680843107,33.83721613724266,41.61695629052659,16.040157217420752,1457.0,0.4047222222222222,2.334541844356217,0.7688336755335606,01241.csv,B0040,10,1241,24,0.7628241523125163,5
4.181800352927652,3.846210644620981,3.458759767508341,2.695919341909784,0.33558970830667123,-1.88809363687247,1.9990818516253295,33.67935609685469,40.41568117134027,14.646143291776259,1437.047,0.39917972222222226,2.2749746281586045,0.746599191798562,01243.csv,B0040,12,1243,24,0.7405021514606399,6
4.177655356656321,3.8298666311950966,3.344897364124835,2.6973035934049494,0.3477887254612244,-2.4160677054793758,1.9593364073953232,34.856675647434145,41.6427020562054,16.231106193660167,1170.531,0.3251475,2.3855468396821675,0.7841944738768709,01247.csv,B0040,16,1247,24,0.7783970881100656,7
4.181098481608027,3.8378442636894494,3.435394313904374,2.680482862570943,0.34325421791857735,-1.9695300241186464,2.001967317429247,33.93437846177736,41.666127528934624,16.34860131639908,1436.141,0.39892805555555555,2.369667577845767,0.7794288991642312,01251.csv,B0040,20,1251,24,0.7733165409025605,8
4.182275640250018,3.841585772820207,3.4407328862516335,2.686758150797836,0.3406898674298109,-1.9553056005388323,2.001781856796465,33.87341008861747,41.55823578501682,16.131726903428124,1420.172,0.39449222222222224,2.3270755434788613,0.764974530448911,01253.csv,B0040,22,1253,24,0.7589575236409498,9
4.181827468882669,3.846246172112236,3.4424940628831777,2.674688015022009,0.335581296770433,-1.9401168646905238,2.0015929624099753,33.801632457231946,41.25451200429936,15.83827990744717,1397.0,0.38805555555555554,2.2670366395417796,0.7467856584583821,01255.csv,B0040,24,1255,24,0.7407399462256391,10
4.181567286734688,3.844034277996795,3.4441875855764166,2.686289969564933,0.3375330087378927,-1.954173143017623,2.0020886221868968,33.841214598826475,40.054637074465475,14.367341146339694,1393.25,0.3870138888888889,2.2871370412416843,0.7507317373013173,01257.csv,B0040,26,1257,24,0.7446218752617147,11
4.181687067571135,3.8529279265802834,3.458256040593686,2.6945279873006065,0.32875914099085124,-1.8954416195145705,1.9998560338310143,33.68915739169769,40.76452850374992,14.684614077399885,1380.938,0.3835938888888889,2.1946342772117347,0.7211299463718642,01259.csv,B0040,28,1259,24,0.7149875629820736,12
4.175157078520594,2.993216568384737,3.624872673514505,2.682915069119874,1.181940510135857,-0.9641877110703866,0.18214812412599046,44.27504698193625,47.459255426003025,17.051316665984046,6375.828,1.7710633333333334,6.228323372191339,1.7090760444380104,01263.csv,B0040,32,1263,44,1.7075144448533202,13
4.183352956952291,3.014124920096288,3.6219123150772727,2.6893633842231073,1.169228036856003,-0.9482972559679383,0.21837553706658772,46.496780020843715,47.733284854985534,2.487808516748011,6574.671,1.8262975000000001,6.328135334583991,1.732537415309614,01267.csv,B0040,36,1267,44,1.730880859428193,14
4.185403574589526,2.9969357207923113,3.621615017492515,2.663011590614207,1.1884678537972149,-0.9497815137936721,0.21581029233603108,46.4678468881245,47.68533526444168,2.476803031024673,6571.156000000003,1.8253211111111118,6.33451271806985,1.734475374292745,01269.csv,B0040,38,1269,44,1.7328212845233328,15
4.185139783184118,3.010873172897443,3.622864388629409,2.6936866986118786,1.1742666102866748,-0.9494868615948265,0.2163287813128492,46.45190241544343,47.67231335727975,2.4804367135098886,6569.11,1.8247527777777777,6.332063646341632,1.733450894280863,01271.csv,B0040,40,1271,44,1.7317734323431513,16
4.18542596576727,2.983609475331021,3.6220494199910203,2.644136217828117,1.201816490436249,-0.9521447667439508,0.21037127972667732,46.440231939332925,47.70025798751115,2.540857279508238,6558.75,1.821875,6.337889624405817,1.7357924496202632,01273.csv,B0040,42,1273,44,1.7341296392350067,17
4.185427919430507,2.997213257676022,3.622162963654601,2.6743889241293513,1.1882146617544844,-0.9505422244648805,0.214252960160443,46.465222077063906,47.70250785089967,2.505070489234839,6567.516,1.8243099999999999,6.336725200502906,1.7351431460451,01275.csv,B0040,44,1275,44,1.7334756929990074,18
4.1761905648713675,2.978163569060557,3.629361907913309,2.6812131139529,1.1980269958108107,-0.9652916551188272,0.17974503287016644,46.49072067213048,47.775675904382155,2.593977458221282,6430.172,1.7861588888888889,6.298014510118076,1.725911825724235,01279.csv,B0040,48,1279,44,1.7243057179457877,19
4.182711714289401,3.008392196582726,3.6234871903936696,2.6999262584848243,1.1743195177066754,-0.9515172757333833,0.21209724003392422,46.47888431603475,47.68448077336878,2.4745994452455236,6554.327999999994,1.820646666666665,6.331057558404739,1.7335631071611277,01283.csv,B0040,52,1283,44,1.7318975861687205,20
4.185099587966287,2.994795269814554,3.6222932883799372,2.6709504481448794,1.1903043181517332,-0.9513915692974558,0.21237845181462175,46.45480276183313,47.66868390973605,2.475248746150797,6560.922,1.8224783333333332,6.335617484790178,1.7350602573646183,01285.csv,B0040,54,1285,44,1.7333691208377455,21
4.185322736341408,2.9970337067770996,3.622128684193048,2.677767553221005,1.188289029564308,-0.9510427335186784,0.21274113829528857,46.423098338329766,47.63553822379171,2.480080176797742,6559.047,1.8219575,6.3311103992804085,1.7338777625665633,01287.csv,B0040,56,1287,44,1.732175650153278,22
4.185032108356209,2.9818837126772384,3.6212784001178204,2.6464594317551624,1.2031483956789706,-0.9524743606309494,0.20988783326261057,46.417883981463206,47.64097688926351,2.4933345596458025,6553.781,1.8204947222222223,6.3339096461885465,1.7351744766264798,01289.csv,B0040,58,1289,44,1.7334832776102866,23
4.185544800435261,2.982762543084642,3.6222214851987244,2.654408689336339,1.2027822573506195,-0.95386146065853,0.2071033348755007,46.41962937983975,47.67660695857827,2.528002726833847,6540.187,1.816718611111111,6.329574763873024,1.7340690862554027,01291.csv,B0040,60,1291,44,1.732372495746513,24
4.182802335191351,2.9759360858434403,3.621600293236707,2.6386466599890395,1.2068662493479105,-0.9551274962002001,0.20399628961911173,46.437216774742105,47.670062907549664,2.5039547787220044,6535.922,1.8155338888888888,6.332857581480681,1.735546879994506,01295.csv,B0040,64,1295,44,1.7338175297202416,25
4.184911381575188,2.9834571538528856,3.621303558836112,2.650918288963567,1.2014542277223024,-0.9535557918067024,0.20790927608618967,46.44051551612336,47.67504818462313,2.4976735780065553,6544.078,1.8177994444444445,6.3306059924968725,1.7346662610369292,01297.csv,B0040,66,1297,44,1.7329630786357868,26
4.184781208186366,2.9798510123971393,3.6217314334668362,2.6471595195723987,1.2049301957892267,-0.9547864424869567,0.20490953461565006,46.438246093452804,47.662264804076635,2.4766030483469805,6531.187,1.8142186111111112,6.325882472518626,1.7335773690019602,01299.csv,B0040,68,1299,44,1.731883908457334,27
4.18487608899239,2.9902382833095764,3.6224802575418096,2.669669356026842,1.194637805682814,-0.9544935502891163,0.2054986427605927,46.419799968945064,47.65776484346084,2.507887413826566,6528.562,1.8134894444444445,6.322292461417154,1.732408618212244,01301.csv,B0040,70,1301,44,1.7306960059812662,28
4.184970988659253,2.998327434072224,3.6227913336348077,2.6833023579431665,1.1866435545870289,-0.95437046004151,0.20585647141355223,46.41925960985013,47.65588226485245,2.5146167806828146,6525.187,1.8125519444444445,6.318540475647186,1.731341357790844,01303.csv,B0040,72,1303,44,1.7296011601947467,29
4.182014111969684,2.9880112854316234,3.6219039988656228,2.664835318499988,1.1940028265380604,-0.9556526843949636,0.20280464462897282,46.442880190211326,47.68924379895171,2.4782960678980217,6515.938,1.8099827777777777,6.315982041820588,1.731319171256601,01307.csv,B0040,76,1307,44,1.7296187381064656,30
4.185145948405828,3.0068694413455375,3.6231487093600996,2.695190974478952,1.1782765070602905,-0.9540072055241993,0.20665143136278225,46.455010751151,47.68013294716548,2.387828700047791,6532.015,1.814448611111111,6.32285776268293,1.732416334648632,01309.csv,B0040,78,1309,44,1.7307198617163877,31
4.18476201200528,2.9894212784121983,3.620727454558004,2.659441128426158,1.1953407335930821,-0.9537643838011659,0.20704352932436956,46.42899601057107,47.69683888709109,2.553373222639067,6527.922,1.8133116666666667,6.315031331674911,1.7310171521295263,01311.csv,B0040,80,1311,44,1.729274556175907,32
4.184739647433647,2.982077662425949,3.620851281939705,2.645724055946119,1.2026619850076976,-0.9552956614335978,0.20372431901430582,46.4460831551733,47.68346890250753,2.5166278583295494,6519.328,1.8109244444444446,6.316046931387744,1.7315660951710639,01313.csv,B0040,82,1313,44,1.7297962212599596,33
4.184646274630554,3.0015848356307853,3.6223530356435982,2.686333486141192,1.1830614389997685,-0.9549687460528705,0.2041899260599097,46.477279245422224,47.72656082449746,2.53408163649857,6510.063,1.8083508333333334,6.30680745980883,1.728680946997134,01315.csv,B0040,84,1315,44,1.7268942069037494,34
4.182435522794885,2.993796577355216,3.621799074855713,2.67226557137279,1.1886389454396684,-0.9564508369268612,0.20091794138605726,46.50566493668475,47.7336433887077,2.502608685533417,6501.718,1.8060327777777778,6.305730143728855,1.7289920706575295,01319.csv,B0040,88,1319,44,1.7272191689306016,35
4.184902005772375,2.9811993606176106,3.620827200366945,2.6426430588133014,1.203702645154764,-0.9560639609053613,0.20134199629418317,46.489529302216496,47.73354479118836,2.5196215343204003,6509.047,1.808068611111111,6.310116001537319,1.7303195261628868,01321.csv,B0040,90,1321,44,1.7285674981160106,36
4.184398935059935,2.984838787479544,3.6206286090197306,2.6490836320353925,1.199560147580391,-0.9559267781293634,0.20180166030025765,46.47422502580763,47.74132595782936,2.567655551800108,6502.438,1.8062327777777778,6.30252911089433,1.72838128253695,01323.csv,B0040,92,1323,44,1.726636381605547,37
4.18444417328598,2.9869461375872044,3.620461858040284,2.65252579490315,1.1974980356987759,-0.955732355842102,0.20227345122395182,46.467598009037445,47.73740327080965,2.5445993936484896,6502.047,1.8061241666666665,6.300728559168371,1.7279324678875283,01325.csv,B0040,94,1325,44,1.7262424141835069,38
4.184083316080507,2.9950818839511077,3.6207850957418692,2.6675427612038987,1.1890014321293991,-0.9557348422192878,0.20264081535434025,46.50711933936233,47.780084445812335,2.575948377156273,6498.86,1.8052388888888888,6.297666927717157,1.7270923862535195,01327.csv,B0040,96,1327,44,1.72527259276029,39
4.176354102076632,3.259530895839563,3.4599911073457075,2.6781395492001447,0.9168232062370696,-1.8959184882594955,0.43451732026985446,48.821116047310866,51.74025766413764,6.565121844665242,3162.047,0.8783463888888889,5.790133421235113,1.6700219833964542,01331.csv,B0040,100,1331,44,1.666802687745505,40
4.1823021654099115,3.277466416724935,3.459413541721385,2.6375556284574677,0.9048357486849765,-1.888918960223662,0.4488464143753836,48.862739172817825,51.80596353207629,6.618560311197577,3173.141,0.8814280555555556,5.790342444311923,1.6700487254328749,01335.csv,B0040,104,1335,44,1.666754853762041,41
4.184674961031428,3.3088823835118792,3.4606411813742883,2.654677503869026,0.8757925775195488,-1.8816448898300142,0.46350715107344964,48.859668212563015,51.79140734732303,6.578851606075105,3169.844,0.8805122222222223,5.7624082684249425,1.6616216347232555,01337.csv,B0040,106,1337,44,1.6583274448761054,42
4.184754697602565,3.3314371078481813,3.4619795504624093,2.6785586854358763,0.8533175897543837,-1.8804793058771856,0.4652845575129536,48.84759659003841,51.7543308845732,6.570996829482048,3156.563,0.8768230555555556,5.735070679447897,1.6536231379213517,01339.csv,B0040,108,1339,44,1.65032263550715,43
4.184706989313181,3.3215007092513735,3.4582381856512225,2.619691419158041,0.8632062800618074,-1.8804459095886619,0.46580172335579006,48.86015453747502,51.86320043661648,6.695513308147206,3155.047,0.8764019444444444,5.726856433244803,1.6526921178587504,01341.csv,B0040,110,1341,44,1.6493406341242296,44
4.184343189730703,3.343120555558818,3.460434749861773,2.6631019561941023,0.8412226341718854,-1.8794616528353505,0.46751762290746657,48.85593683732135,51.81917888349145,6.635066157230845,3142.312,0.8728644444444444,5.702851068513064,1.645262082443089,01343.csv,B0040,112,1343,44,1.641919055037739,45
4.167896310569818,3.958456004633947,3.7482973521924325,1.7489828090032309,0.2094403059358707,-1.045884107237702,1.7565091637720887,49.04132294442338,53.95646661253941,8.758745160757478,1485.047,0.41251305555555556,1.3813073309765027,0.4314127743056604,01347.csv,B0040,116,1347,44,0.425812451177779,46
4.1824060069381375,3.909468754448681,3.653849277043623,2.535468112391112,0.27293725248945666,-1.3616845329264926,1.900244880452376,50.17313973556242,55.67880428959517,10.457401728962637,1489.313,0.4136980555555556,1.7901620651090195,0.5638265238724335,01351.csv,B0040,120,1351,44,0.5569902643736575,47
4.122635846291491,1.999936473158621,3.3651860477851834,1.999936473158621,2.12269937313287,-3.9753962170197243,0.43629440230402455,51.631545591665024,58.72626885895911,15.320003087190486,1572.359,0.43676638888888886,5.848769296073699,1.7410421311147735,01354.csv,B0029,1,1354,43,1.697507332205763,1
4.201233252636135,2.9335924364508292,3.3905928994464873,1.8520590925934357,1.267640816185306,-3.9342485526057955,0.5886285429117913,52.84944288631656,59.76796387174703,15.116668792964425,1723.281,0.47868916666666667,6.410081190434648,1.8924945720207345,01356.csv,B0029,3,1356,43,1.844701206961174,2
4.20059335047502,2.9710857404783844,3.3944582472061784,1.8857258246963948,1.2295076099966358,-3.9332952670181975,0.5932065805799005,52.905865867265994,59.844347317645614,15.140554308762269,1705.906,0.47386277777777774,6.351895206794312,1.8733722473184948,01358.csv,B0029,5,1358,43,1.8254376674722927,3
4.200991114400989,2.9766543603291193,3.394696317253661,1.8534777499421091,1.22433675407187,-3.932113456162452,0.5964453906082865,52.90438507577814,59.9199472840752,15.21710462518589,1697.688,0.47158000000000005,6.320175715434061,1.8638646872958327,01360.csv,B0029,7,1360,43,1.815750429913437,4
4.201296240053268,3.0091524136033923,3.398579443319999,1.913443763136564,1.1921438264498758,-3.931581069158435,0.5997865631547423,52.87534956891003,59.89475354681757,15.200033848994359,1686.094,0.46835944444444444,6.282936511870946,1.8510447986165413,01362.csv,B0029,9,1362,43,1.8132993337127028,5
4.190262887134144,1.9392366668780092,3.3970260675114696,1.9392366668780092,2.2510262202561346,-3.976472905870513,0.42904188647199765,52.762650424805656,59.588132364640614,14.931811570218308,1678.563,0.4662675,6.306216218051489,1.8594752806925032,01366.csv,B0029,13,1366,43,1.8151647619660576,6
4.20147284332843,2.8810174649563263,3.4017447799349796,1.926680416628282,1.3204553783721038,-3.953172457226365,0.52529211521216,52.78843384352056,59.81336613073259,15.125761261133796,1677.469,0.4659636111111111,6.289576394429485,1.8524518675409836,01368.csv,B0029,15,1368,43,1.8143317955190057,7
4.2011790172592045,2.8832234640330854,3.400790257856999,1.89070792341858,1.3179555532261191,-3.952037378872224,0.5283418296883389,52.7841972696045,59.75433532594285,15.078750873727849,1666.093,0.4628036111111111,6.243870041092172,1.8394463759473032,01370.csv,B0029,17,1370,43,1.801343601809866,8
4.201494746033988,2.9018204565557575,3.4030834056443755,1.93249158993614,1.2996742894782303,-3.951642628329456,0.5312312904771702,52.751738383515125,59.7737242563152,15.119929161565445,1654.328,0.45953555555555553,6.203573630748431,1.8265591637921779,01372.csv,B0029,19,1372,43,1.7881558802945825,9
4.201381743397299,2.9194257800468835,3.4052467951556413,1.9713665258317912,1.2819559633504154,-3.9514812160488924,0.5345653131595759,52.7506031720156,59.800107348599425,15.10902703382817,1643.812,0.45661444444444443,6.168150117913815,1.815119226038639,01374.csv,B0029,21,1374,43,1.7760714604539518,10
4.19368630303113,1.8523796286853516,3.3969592538295337,1.8523796286853516,2.3413066743457787,-3.974136073511708,0.4382381928177309,52.76187024768883,59.92418745751934,15.233085441231538,1652.266,0.4589627777777778,6.206513744913191,1.8298768527769882,01378.csv,B0029,25,1378,43,1.7852807447597443,11
4.200099100053633,2.8859854427284723,3.3978270130572263,1.8385968486453488,1.3141136573251604,-3.94933484428352,0.5365002904930106,52.810328108304326,60.120904895462246,15.423433536539221,1648.672,0.45796444444444445,6.170592925599621,1.819470256864837,01380.csv,B0029,27,1380,43,1.7698116401111978,12
4.19989968243319,2.8903856133546753,3.3976547229925322,1.8332269197665616,1.309514069078515,-3.948773942479504,0.5396272117120692,52.803620504971605,60.159083367849426,15.440930208794505,1636.969,0.45471361111111114,6.126442758257914,1.8065781233003864,01382.csv,B0029,29,1382,43,1.7565231680521758,13
4.199773319777983,2.9100600167874644,3.400358560849027,1.8809955356138472,1.2897133029905188,-3.9481894541359304,0.5427693156073063,52.774286568476356,60.033062355018394,15.35703196549013,1625.187,0.4514408333333333,6.086092856254032,1.7934852899552904,01384.csv,B0029,31,1384,43,1.7543413277348154,14
4.199547815306435,2.88474361143666,3.3951054015762527,1.800038174333754,1.314804203869775,-3.946655613412357,0.5448588154830802,52.80429201579515,60.155675284547456,15.433303295194875,1622.016,0.45056,6.0641242085612195,1.7894233906451387,01386.csv,B0029,33,1386,43,1.7392875506998715,15
4.186076158365799,1.9415928705254093,3.3952154633066987,1.9415928705254093,2.2444832878403895,-3.97371791832226,0.444078464893414,52.721179096315566,59.708263302408355,15.064848917293638,1638.422,0.45511722222222223,6.15015228367652,1.8145615200464416,01390.csv,B0029,37,1390,43,1.7797845109331345,16
4.200417042295728,3.082158782897465,3.400939370892573,1.972461938837724,1.1182582593982628,-3.924297634283963,0.6242834374426651,52.76566676387698,59.826072535975634,15.166202583139125,1646.438,0.45734388888888894,6.131961051265851,1.8057708852578718,01392.csv,B0029,39,1392,43,1.7657088508465202,17
4.20070558560583,3.0795070258393755,3.3990966930758852,1.9166086737918735,1.1211985597664542,-3.922569043688066,0.6280105618754419,52.80160858510679,59.97193555147316,15.285266582183368,1634.765,0.4541013888888889,6.083165858424961,1.7922464343926996,01394.csv,B0029,41,1394,43,1.7523941408724169,18
4.200153168499893,3.0916369041260543,3.4005060708668395,1.9416286020335691,1.108516264373839,-3.9219324486852223,0.6320441638861197,52.76338281760698,59.90509096707212,15.229255690478354,1622.016,0.45056,6.037552048905994,1.7783091721653137,01396.csv,B0029,43,1396,43,1.7380191225603103,19
4.20029443800031,3.0831358842567074,3.397536794846482,1.8754484122099284,1.1171585537436028,-3.920549166756126,0.6340543103505575,52.793663259837146,60.003884509148,15.314059070969861,1616.25,0.44895833333333335,6.009039050851654,1.771308245794424,01398.csv,B0029,45,1398,43,1.7312214443143976,20
4.194269014686893,2.8963057908946763,3.391570729569499,1.8380927294124032,1.2979632237922165,-3.9453058787745463,0.5513406694782395,52.75741582344694,60.25771781052726,15.627288980009418,1622.218,0.4506161111111111,6.0572904146308755,1.7896021881264468,01402.csv,B0029,49,1402,43,1.7379128985265808,21
4.200542863045068,3.2197807726489325,3.4006008999743154,1.999771637867575,0.9807620903961354,-3.895864092268878,0.7087445485957239,52.866554147425745,59.90492726798961,15.190767351815246,1619.656,0.44990444444444444,5.988644872376998,1.7635797539082465,01404.csv,B0029,51,1404,43,1.7224270683625882,22
4.200575845698052,3.0848830966901644,3.3937647508109445,1.8317514112942035,1.1156927490078874,-3.9179079273158917,0.6403351680392902,52.88238533970063,60.33243416075105,15.597128074372343,1605.484,0.44596777777777774,5.959527175566752,1.7586432149794518,01406.csv,B0029,53,1406,43,1.7184213765608034,23
4.199921583771713,3.2211986785867115,3.3990916405291434,1.97395592165877,0.9787229051850019,-3.89292863950299,0.7154789941899611,52.89174684629843,59.98669670538192,15.2486828446702,1600.75,0.4446527777777778,5.913324829840873,1.742175340074322,01408.csv,B0029,55,1408,43,1.7010220930648232,24
4.200176761822699,3.2154442875561204,3.396460061958035,1.9069490533352145,0.9847324742665786,-3.891007378210508,0.7175563889265547,52.86276331800625,59.99528714045464,15.27448057574118,1595.0,0.44305555555555554,5.8844004978940845,1.7349130269270303,01410.csv,B0029,57,1410,43,1.693698739563104,25
4.193117058731579,3.223257403217158,3.3953349055125526,1.9996278665665832,0.9698596555144205,-3.8931180785218142,0.7154598821154531,52.85514927949408,59.98821696841703,15.304077400959962,1612.422,0.447895,5.949524979924881,1.7549096434921703,01414.csv,B0029,61,1414,43,1.713072721286705,26
4.200381622959815,3.2221760275662388,3.397203474478597,1.9297361391600052,0.9782055953935767,-3.8906661202538677,0.7199357130039661,52.84555100149494,60.01985635641876,15.320305098528408,1598.969,0.44415805555555554,5.900481721491156,1.7392632557091767,01416.csv,B0029,63,1416,43,1.6976972688567131,27
4.200241022077571,3.2068104165765066,3.389787970407681,1.811689567857529,0.9934306055010644,-3.8880091290817527,0.7227608683920317,52.82153486606997,60.26410091872941,15.588208153001524,1592.187,0.44227416666666663,5.86043659378249,1.7308453046039776,01418.csv,B0029,65,1418,43,1.6899314034061208,28
4.199965808109461,3.2386841242913507,3.3967598380460484,1.9610731754377528,0.9612816838181102,-3.8880141667450476,0.7269907939848403,52.81580315824478,59.92046248220958,15.262257226070005,1577.484,0.43818999999999997,5.816411822474908,1.7150568833682502,01420.csv,B0029,67,1420,43,1.685023551367069,29
4.199992255004881,3.2346552164888736,3.3957223246260377,1.9482718394124845,0.9653370385160076,-3.886820317431477,0.7290931975277238,52.80521928839473,59.887692512983016,15.218282767247679,1571.547,0.4365408333333333,5.79200380678126,1.708122613877145,01422.csv,B0029,69,1422,43,1.678389965463405,30
4.195506217299026,3.2250360032255063,3.3892258428534876,1.8674943991912756,0.9704702140735195,-3.88571106427998,0.7294069077662573,52.80312343851032,60.158935395611046,15.549698932027468,1578.484,0.43846777777777773,5.805943917652762,1.715305938319085,01426.csv,B0029,73,1426,43,1.6737947494868326,31
4.199772540774015,3.307517853664955,3.3940321153796114,1.926783206032701,0.8922546871090602,-3.85843433412322,0.7985976970795617,52.85759471288148,60.047482357880945,15.38957338846948,1574.469,0.43735250000000003,5.757906709311557,1.6988084289124783,01428.csv,B0029,75,1428,43,1.6687898927884717,32
4.199940712486744,3.300577557899683,3.390692269396659,1.869562035017659,0.8993631545870611,-3.8565643666104146,0.8014176459671133,52.85638451770691,60.167863371476415,15.517470100195581,1568.281,0.4356336111111111,5.72782976814138,1.6913992636711077,01430.csv,B0029,77,1430,43,1.6492566306631429,33
4.199475681445826,3.3062280407265128,3.3912179554575785,1.8881277069953313,0.8932476407193128,-3.85547414018331,0.8040871431904814,52.882092513244274,60.09738415148209,15.435723869091639,1561.422,0.4337283333333333,5.701103370943152,1.6833923934226798,01432.csv,B0029,79,1432,43,1.6409676757039668,34
4.200297140244301,3.3125825687867976,3.3923453388185667,1.9264548202409049,0.887714571457503,-3.8555734475773074,0.8065581072289095,52.87120880021078,60.02940147619038,15.357428462095967,1554.234,0.4317316666666666,5.677334551991642,1.6759586272516278,01434.csv,B0029,81,1434,43,1.6456360229757092,35
4.193855962965672,3.3040585931855517,3.3840832974347714,1.8497742851139864,0.88979736978012,-3.854823111014098,0.8041122852580729,52.8949932373189,60.33090148423857,15.721648376312594,1573.734,0.4371483333333333,5.734933410488125,1.6967102008802608,01438.csv,B0029,85,1438,43,1.654547743574037,36
4.1998075622524835,3.3697769011437253,3.3935243600466607,1.988399313722457,0.8300306611087582,-3.8279463752523526,0.8680723329327109,52.90577737967025,59.88870262903497,15.236969545537391,1566.578,0.43516055555555555,5.682362318219473,1.6769561306727803,01440.csv,B0029,87,1440,43,1.6461201520877546,37
4.199219461815915,3.310050246067916,3.388551594762018,1.8822716064606957,0.8891692157479985,-3.851886221713202,0.8122666292286771,52.85049305569667,60.13011665786984,15.505808652062868,1550.047,0.4305686111111111,5.65200925785134,1.6701366470434635,01442.csv,B0029,89,1442,43,1.6275119188151763,38
4.200066757484033,3.311149686490291,3.3876827466759964,1.8693019781355495,0.8889170709937422,-3.8509488961783584,0.8150721558178553,52.93318563948955,60.20528139553767,15.521131566754462,1543.64,0.42878888888888894,5.625668210186307,1.662917806206786,01444.csv,B0029,91,1444,43,1.6200530533464497,39
4.199896848400753,3.3108834887315535,3.3850191492367943,1.8433554303146655,0.8890133596691996,-3.849366331322892,0.8176876487421767,52.91920185424772,60.24494659507955,15.581932780350805,1536.781,0.4268836111111111,5.594336604859487,1.654868098967651,01446.csv,B0029,93,1446,43,1.612079811711934,40
4.181907184700754,2.6151397684307285,3.676492835528995,2.6151397684307285,1.5667674162700256,-0.9970402880141495,0.9981246036068561,30.261078788805897,31.679728237853865,5.25047087430184,6515.422000000006,1.809839444444446,6.427857534647174,1.8050122265203394,01453.csv,B0028,3,1453,24,1.8046847720100736,1
4.186649864658788,2.578716047628789,3.677932362103996,2.578716047628789,1.6079338170299993,-0.9969604106618353,0.997775042460827,30.023214006195516,31.42728999177483,5.3054198303162,6516.219,1.8100608333333335,6.432127265990767,1.8051263145254928,01455.csv,B0028,5,1455,24,1.804783321452588,2
4.18681133711429,2.679890873914289,3.681544140844236,2.679890873914289,1.506920463200001,-0.9970702802711341,0.9979615036198028,30.21665562692593,31.694210133469813,5.392729654226372,6489.5,1.802638888888889,6.414389839522008,1.7978274191463788,01457.csv,B0028,7,1457,24,1.797618668222458,3
4.1855363847405656,2.674600586599544,3.6819955552100256,2.674600586599544,1.5109357981410216,-0.9973030888189302,0.9978646208050663,30.363564779968748,31.849947051821633,5.386329272957099,6471.25,1.7975694444444446,6.399869274232382,1.7931711872192708,01459.csv,B0028,9,1459,24,1.7929913687761174,4
4.186483098548598,2.655983638577288,3.6822366580622092,2.655983638577288,1.5304994599713098,-0.9974129863341045,0.9984918841286043,30.383708693138953,31.891976600913974,5.380865836191141,6466.672,1.7962977777777775,6.397684066033275,1.7922381944514107,01461.csv,B0028,11,1461,24,1.7919180081592216,5
4.167389245760536,2.5587601304544574,3.6730621916612125,2.5587601304544574,1.608629115306079,-0.9966248234259864,0.9981374196310976,30.151543075778466,31.647839531181656,5.308123405539032,6410.672,1.780742222222222,6.325161804634069,1.7755459789236139,01465.csv,B0028,15,1465,24,1.775026135903797,6
4.183182085400848,2.684075980505414,3.6821638997402064,2.684075980505414,1.4991061048954335,-0.9963089849547179,0.9979003584816749,29.942877366572425,31.66717160096336,5.585192943947476,6474.156,1.7983766666666667,6.402195928036832,1.792565167133925,01469.csv,B0028,19,1469,24,1.7920487852223417,7
4.183612566677097,2.692955180725203,3.6829104616020185,2.692955180725203,1.4906573859518946,-0.9974947737184627,0.998319605847836,30.159672019699293,31.543075306784417,5.048432859341318,6460.75,1.7946527777777779,6.397905654012938,1.7907018748404973,01472.csv,B0028,22,1472,24,1.790475801581265,8
4.186132992895621,2.664091579679959,3.6830910997567576,2.664091579679959,1.5220414132156614,-0.9972667051793968,0.9979770769232353,30.18503729745987,31.63889282611546,5.2163660306056485,6448.907,1.7913630555555555,6.385064226620524,1.7869851774822445,01474.csv,B0028,24,1474,24,1.7868365091987264,9
4.18605235856229,2.599501054239839,3.6823376400116725,2.599501054239839,1.5865513043224513,-0.9977254189629398,0.9981580317350774,30.557366977302667,32.06283964981591,5.3362905623794745,6447.125,1.7908680555555556,6.385245391137055,1.787263999073006,01476.csv,B0028,26,1476,24,1.7871529619962183,10
4.177617061522188,2.598771202340727,3.6779403019036363,2.598771202340727,1.578845859181461,-0.9970949960183577,0.9983199938573333,29.87809290999813,31.17821904490572,5.104317278564416,6431.219,1.7864497222222222,6.358591314889473,1.7820005857342396,01480.csv,B0028,30,1480,24,1.7816340617009505,11
4.183570268917493,2.5683373423176117,3.6809827017477756,2.5683373423176117,1.6152329265998815,-0.9972732896654729,0.9981668219563096,30.329541918405045,31.830430244172504,5.316835092242744,6442.203,1.7895008333333335,6.376144241173219,1.7853095616579493,01484.csv,B0028,34,1484,24,1.7850235136604733,12
4.186886063009724,2.571655326217227,3.6821031308211283,2.571655326217227,1.6152307367924972,-0.9970037592871084,0.9977942776223829,30.67805955282036,32.176676996947776,5.289570850707317,6427.079,1.7852997222222222,6.362240145788437,1.7806818497878172,01486.csv,B0028,36,1486,24,1.7803865429693038,13
4.186431294608572,2.5464403411304843,3.68119828344271,2.5464403411304843,1.6399909534780877,-0.9977226887954371,0.9983050777472949,30.61748146501738,32.101579055970326,5.219960430500031,6417.156,1.7825433333333334,6.355262000362704,1.7791487100513717,01488.csv,B0028,38,1488,24,1.7789060856417256,14
4.186605296553263,2.5488905698718844,3.6808780113914024,2.5488905698718844,1.6377147266813785,-0.9976984888319611,0.9982514831945752,30.47693232752601,31.927225800846255,5.169840445129726,6398.907,1.7774741666666667,6.335674819247625,1.7740146108783725,01490.csv,B0028,40,1490,24,1.7738387518973049,15
4.186323465690521,2.592227961453642,3.6816453877057884,2.592227961453642,1.5940955042368787,-0.997566184368524,0.9982545086673892,30.59851621920085,32.17577171129977,5.381013338402649,6384.75,1.7735416666666666,6.322731231118833,1.7699214254975608,01492.csv,B0028,42,1492,24,1.769682881523146,16
4.1643364768914175,2.598546956085325,3.6751321799254955,2.598546956085325,1.5657895208060926,-0.9970360820430222,0.998391639409908,31.100240402928506,32.50607956309833,5.162310994548992,6284.063,1.7455730555555555,6.211795814170923,1.7414000037817354,01496.csv,B0028,46,1496,24,1.7408787283206992,17
4.183015650086247,2.6924907199800523,3.6846266213857497,2.6924907199800523,1.490524930106195,-0.9969371531723805,0.9983757326015488,30.938169249041685,32.36361154404582,5.139380606425416,6370.937000000005,1.7697047222222237,6.313470998234795,1.7651724344819206,01500.csv,B0028,50,1500,24,1.7648189744011906,18
4.185224082214954,2.6173421756941537,3.6832544826548084,2.6173421756941537,1.5678819065208,-0.9969974742534108,0.9982840178958802,30.779624907003203,32.23987480909281,5.164406513201271,6359.812,1.7666144444444445,6.29927830093918,1.7621818858413765,01502.csv,B0028,52,1502,24,1.7617857390844025,19
4.185772001736481,2.6240203066915697,3.6830019424524427,2.6240203066915697,1.5617516950449115,-0.9968197698794886,0.9983464767903459,30.70960684046627,32.1209393902127,5.16838327855255,6346.156,1.7628211111111112,6.28453693274712,1.7582159342190344,01504.csv,B0028,54,1504,24,1.75770610357021,20
4.185968902546653,2.63525875804135,3.682514927726665,2.63525875804135,1.5507101445053033,-0.9963445930927353,0.9979942090054013,30.47705959403915,31.876773372691297,5.024388520895908,6328.172,1.7578255555555555,6.262679010553196,1.7525457620017806,01506.csv,B0028,56,1506,24,1.7519375960601256,21
4.185698138171178,2.540126038881981,3.6802726203570852,2.540126038881981,1.645572099289197,-0.9967865142227076,0.9981985988901667,30.54925924889458,32.13891568195097,5.429058853321049,6326.062,1.7572394444444444,6.258455765877835,1.7524881861263863,01508.csv,B0028,58,1508,24,1.7521244035832175,22
4.1838351172655095,2.5784590711144535,3.67908706723787,2.5784590711144535,1.605376046151056,-0.996914300528855,0.9986076409935628,29.858081061792472,31.30995086456362,5.2264404812664225,6352.843,1.764678611111111,6.284469633502628,1.7603048337374725,01515.csv,B0028,65,1515,24,1.759771413398964,23
4.185613308228973,2.6156681128542663,3.680942088612725,2.6156681128542663,1.5699451953747068,-0.9972513551873874,0.9986728176957087,29.92749751367273,31.443900397243077,5.28042533655594,6309.172000000006,1.7525477777777794,6.246489731169937,1.748819206898112,01517.csv,B0028,67,1517,24,1.7483011320324189,24
4.186072517005326,2.6736673087239393,3.681439648314102,2.6736673087239393,1.5124052082813866,-0.9970973800951103,0.9986101959156689,29.887309173794996,31.383820135357173,5.231504709468712,6284.297,1.7456380555555555,6.221878042432152,1.7418058101717868,01519.csv,B0028,69,1519,24,1.7411482627836237,25
4.186079245979765,2.653196622827614,3.680615489022298,2.653196622827614,1.532882623152151,-0.9972667201815385,0.9984542038634082,29.974612767860144,31.360116664622662,5.251935255076862,6265.969,1.7405469444444444,6.202488907831633,1.7368474046783546,01521.csv,B0028,71,1521,24,1.7363833316311177,26
4.185381963500375,2.5306280538039845,3.6776600467841285,2.5306280538039845,1.6547539096963906,-0.997266880260863,0.9986551404034236,29.928807475767645,31.44534438395542,5.345525664941839,6266.641,1.740733611111111,6.197154054861413,1.7369926915459795,01523.csv,B0028,73,1523,24,1.736559066269527,27
4.167590440976821,2.651385292787423,3.67453404625628,2.651385292787423,1.5162051481893979,-0.9969394063653587,0.9987643777858012,30.029795182593666,31.550251048213177,5.3137627828064495,6198.75,1.721875,6.12542483935695,1.7178341653770366,01527.csv,B0028,77,1527,24,1.7172335652295243,28
4.186002776703463,3.072530429786565,3.4614155612128847,2.129158438168119,1.1134723469168977,-1.8939211913974323,0.4729968526298085,30.57466734048236,36.717449850963185,13.800678858048052,3360.922,0.9335894444444445,6.163066297718137,1.769041341612599,01532.csv,B0042,2,1532,22,1.7287126633755356,1
4.1868815948631735,3.0763066389600033,3.4852386922159138,2.1712317301519577,1.1105749559031701,-1.919584179064593,0.4215739578666865,29.95773352180402,35.70113647811508,13.161223850146083,3289.406,0.9137238888888889,6.149408963435946,1.7560181073372911,01534.csv,B0042,4,1534,22,1.7314706281853145,2
4.186808397046496,3.0352266286629073,3.488650146996854,2.0952902803723332,1.151581768383589,-1.9414451091961449,0.3709931166693944,29.657371849977196,35.604456217007545,13.35115366773741,3244.797,0.9013325,6.1362517309425515,1.7528881211627392,01536.csv,B0042,6,1536,22,1.7282350363146088,3
4.186731027909022,3.0396842698874127,3.4946031502677606,2.1366970037230573,1.147046758021609,-1.952411218384564,0.3420530935671847,29.58111945436258,35.76285352997919,13.617093467639908,3211.438,0.8920661111111111,6.113828350292853,1.7451947192154722,01538.csv,B0042,8,1538,22,1.720344742291621,4
4.187506351946306,2.9943960119568924,3.5041466859903747,2.168073033459323,1.1931103399894134,-1.9696086717857546,0.29005707592880886,29.852452033753185,36.007677297437105,13.505741629871544,3175.594,0.8821094444444445,6.110415765824035,1.7416432050404294,01540.csv,B0042,10,1540,22,1.7221734367707635,5
4.182714249550464,3.3813406435619986,3.5813916541827884,3.3813406435619986,0.8013736059884651,-1.9976081862271116,0.17145998548478947,29.44940696187815,33.431937420119205,10.336239113551166,2646.625,0.7351736111111111,5.263035558485047,1.471213592102977,01544.csv,B0042,14,1544,22,0.0,6
4.185893862585432,2.7701123923888424,3.511927235956774,2.139145470034486,1.4157814701965892,-1.9934476128094072,0.19372789762716217,30.133153080135422,36.26317829568585,13.12939605160383,3121.672,0.8671311111111111,6.084590163159681,1.7338991642028379,01546.csv,B0042,16,1546,22,1.708669577331945,7
4.18530573396569,2.0578186631112567,3.509889497883845,2.0578186631112567,2.127487070854433,-1.9997503053848376,0.15927988180841995,29.740453708978055,35.7623078299739,13.094915426616566,3102.937,0.8619269444444444,6.054642530139063,1.7263972849625824,01548.csv,B0042,18,1548,22,1.7036476485918646,8
4.184954220749022,2.0659696365057045,3.508503301766948,2.0659696365057045,2.1189845842433175,-1.999585705561481,0.16014265454942797,29.503354124651093,35.6522927277619,13.2548558617031,3089.437,0.8581769444444444,6.025166269707368,1.718809793468855,01550.csv,B0042,20,1550,22,1.6958375743577971,9
4.185446744506792,2.1287000635251876,3.5093738486555153,2.1287000635251876,2.0567466809816044,-1.999480712152978,0.16107642052483093,29.324509292718897,35.46408341742395,13.307611502681539,3077.75,0.8549305555555555,6.003199438548152,1.7122215548282036,01552.csv,B0042,22,1552,22,1.6949064846676911,10
4.181647940694993,2.0313187007109774,3.5046118772654107,2.0313187007109774,2.1503292399840155,-1.9994501505976243,0.16135041910286108,29.22569193760115,35.57686579319408,13.600058904315532,3074.875,0.8541319444444444,5.989597879954314,1.710649239351079,01556.csv,B0042,26,1556,22,1.6874768094352457,11
4.185011607460953,2.1649043558777703,3.5095049490219234,2.1649043558777703,2.0201072515831826,-1.9994421818851504,0.16237477410640735,29.238210532728655,35.388257294125744,13.348898598742078,3061.891,0.8505252777777778,5.972714480695396,1.7035233372671104,01558.csv,B0042,28,1558,22,1.685989172917945,12
4.1848598061324775,2.0349571700229223,3.505007993364287,2.0349571700229223,2.1499026361095552,-1.999407899212143,0.16272072088758324,29.20609205353922,35.480764002425865,13.47646752871729,3058.469,0.8495747222222222,5.958612564998821,1.701650944828415,01560.csv,B0042,30,1560,22,1.6782864747774933,13
4.184031155516852,2.181544114739576,3.508074728787427,2.181544114739576,2.0024870407772757,-1.9990854937416902,0.16366908303745975,29.183920322474094,35.44318242068533,13.465891945190819,3040.75,0.8446527777777778,5.928232628609559,1.6915817340657036,01562.csv,B0042,32,1562,22,1.6739647640901527,14
4.1846254605984265,2.113769860085841,3.505745200469688,2.113769860085841,2.0708556005125858,-1.9991858462433614,0.16409293973060943,29.153714127894734,35.53526888191109,13.598072571573063,3037.641,0.8437891666666667,5.918616397546838,1.6899691710888631,01564.csv,B0042,34,1564,22,1.6722378801237066,15
4.1844972082788665,2.098421577709346,3.5048985290607786,2.098421577709346,2.0860756305695207,-1.9989914019015806,0.16433289691966665,29.10632507144163,35.63389752973798,13.806871953843391,3044.828,0.8457855555555556,5.930331938027298,1.6938117747720407,01568.csv,B0042,38,1568,22,1.675989790049197,16
4.183580919446055,2.037616415551784,3.5020910209596536,2.037616415551784,2.1459645038942714,-1.9988805936646044,0.165194123177359,29.126742424015156,35.59922975777694,13.70693161099409,3030.25,0.8417361111111111,5.897387384095493,1.6856887638480706,01570.csv,B0042,40,1570,22,1.6618247672847988,17
4.184986741657551,2.187174985653482,3.5056874475759354,2.187174985653482,1.9978117560040687,-1.998923841150207,0.16587746435524287,29.11535255703125,35.43687423276839,13.532174906084144,3017.578,0.838216111111111,5.878471395341434,1.6786768767144111,01572.csv,B0042,42,1572,22,1.6606710352566112,18
4.184923815111565,2.072733153164181,3.501789524982507,2.072733153164181,2.1121906619473845,-1.9987415414363179,0.1664463960906678,29.12272547212756,35.61618852753751,13.736204136759486,3015.0,0.8375,5.866830558183164,1.677178714873531,01574.csv,B0042,44,1574,22,1.6530644874507203,19
4.183661613619224,2.153538168709435,3.5025833976800564,2.153538168709435,2.0301234449097887,-1.9984049924032652,0.1691495152993825,29.13774561916092,35.607533152172905,13.713027904199635,2999.454,0.8331816666666667,5.837534867456965,1.668490599901544,01576.csv,B0042,46,1576,22,1.649953986270456,20
4.180743850661561,2.0832977472531726,3.5037983873679237,2.0832977472531726,2.0974461034083887,-1.9987909313311893,0.1661497883919057,29.35747712988229,35.78017086282214,13.724748292938067,3054.859,0.8485719444444444,5.948220195184776,1.6994677639030686,01580.csv,B0042,50,1580,22,1.681297805444492,21
4.18384741312089,2.199482829433638,3.512523395065813,2.199482829433638,1.9843645836872517,-1.9987942581899858,0.16704687659763542,30.058298726634376,36.29735151754127,13.395245425378569,3034.875,0.8430208333333333,5.923987876325439,1.6884015360037665,01584.csv,B0042,54,1584,22,1.6700520424481298,22
4.186266524378724,2.053610599291471,3.509324438333478,2.053610599291471,2.132655925087253,-1.9986644728662533,0.16763860302468225,30.335552136245834,36.77407258413331,13.518491102647118,3030.0,0.8416666666666667,5.909041848295347,1.6856497620204813,01586.csv,B0042,56,1586,22,1.667181860354792,23
4.1854870037741305,2.0842633816547624,3.507216525411572,2.0842633816547624,2.101223622119368,-1.9984721935924135,0.16846964759270297,30.22790176989086,36.6898808416456,13.557327440355674,3011.781,0.8366058333333333,5.869500547322659,1.6753887039837743,01588.csv,B0042,58,1588,22,1.6568865613275168,24
4.183765749379089,2.159988932810722,3.505518579562987,2.159988932810722,2.023776816568367,-1.9985308662699577,0.16928982362690684,30.04068826163031,36.474588298798025,13.541013229800896,2990.25,0.830625,5.824877138749716,1.6635078043969158,01590.csv,B0042,60,1590,22,1.6449819446579936,25
4.183531834658248,2.1678081694534352,3.5041328171645443,2.1678081694534352,2.0157236652048125,-1.9984054053915887,0.16995753555002327,29.995148407588697,36.537300845099665,13.781631433421843,2980.234,0.8278427777777777,5.802645978345023,1.6578688201485827,01592.csv,B0042,62,1592,22,1.639214585000014,26
4.182614546209707,2.0092759412003707,3.500597395262485,2.0092759412003707,2.173338605009336,-1.9983882415644911,0.1700044730122123,30.299545316589416,36.91332213005366,13.820663105172422,2994.844,0.8319011111111111,5.825456200653187,1.6659610149617121,01596.csv,B0042,66,1596,22,1.6410599890208055,27
4.185822009373134,2.0586265993400703,3.5042529973432037,2.0586265993400703,2.127195410033064,-1.998374293478694,0.17057294293452885,30.68092451180232,37.19792815636057,13.621957318883084,2987.672,0.8299088888888889,5.817609036004519,1.6620519759000052,01598.csv,B0042,68,1598,22,1.643269651219848,28
4.185070574051509,2.043267705708337,3.501278659398817,2.043267705708337,2.1418028683431722,-1.9981525515062302,0.17127497767205582,30.663435287795615,37.30788971906059,13.805410427872523,2975.1100000000006,0.8264194444444446,5.7877005790504406,1.6549135874495415,01600.csv,B0042,70,1600,22,1.6298673102402297,29
4.184091250625792,2.1921151659229676,3.501431066556208,2.1921151659229676,1.991976084702824,-1.9980383822206629,0.17210872734995875,30.40848004603748,36.91850317978018,13.667492185424301,2953.219,0.8203386111111112,5.745139394046429,1.642752428622501,01602.csv,B0042,72,1602,22,1.6238536344658807,30
4.185155782533619,2.009457332273357,3.4934993616796306,2.009457332273357,2.175698450260262,-1.9979232246026066,0.1724670202227075,30.239404481904074,37.047150483309736,14.075360126170168,2955.484,0.8209677777777777,5.736312888284303,1.643892513918311,01604.csv,B0042,74,1604,22,1.6186308887044174,31
4.183919938798302,2.022898050960585,3.491928488990642,2.022898050960585,2.1610218878377165,-1.997803306177237,0.1726988224781119,30.138707501965232,37.11898525927804,14.368498588077614,2957.016,0.8213933333333333,5.736230056986988,1.6447068359485812,01608.csv,B0042,78,1608,22,1.6193418112441196,32
4.186009960564789,2.0786601580627257,3.4957274527798257,2.0786601580627257,2.107349802502063,-1.9980185647316375,0.17348280155757334,30.490922726298486,37.20592886199134,14.00257657242145,2948.219,0.8189497222222223,5.726331500613242,1.640037695017602,01610.csv,B0042,80,1610,22,1.614593271326993,33
4.184461819877072,2.0245603644426806,3.491932625000706,2.0245603644426806,2.159901455434391,-1.9977650982407589,0.17390782352489229,30.52916769412123,37.368553487110155,14.035872538347906,2935.5,0.8154166666666667,5.694577602209668,1.6328068361517372,01612.csv,B0042,82,1612,22,1.6072040891927848,34
4.1838860581698345,2.137881845040579,3.4900059195673445,2.137881845040579,2.0460042131292555,-1.9975731627964834,0.17501259640694927,30.179619049814637,36.95276259711366,14.013716455525518,2913.797000000006,0.8093880555555572,5.648736741166953,1.6206187302265682,01614.csv,B0042,84,1614,22,1.6012663590062357,35
4.184663590014253,2.1834760399486535,3.487760577211602,2.1834760399486535,2.0011875500655996,-1.9975539729276182,0.17561806799162002,29.93310245467766,36.815592394057184,14.194516118300353,2900.703,0.8057508333333333,5.619647467446802,1.6133619764641158,01616.csv,B0042,86,1616,22,1.594040741063104,36
4.183683003795162,2.0156684625826635,3.4820338003810947,2.0156684625826635,2.1680145412124983,-1.9973829316274176,0.1758007562380755,29.855112852408766,36.96422627426333,14.625124346569653,2914.031,0.8094530555555556,5.6359663581168835,1.62070005298004,01620.csv,B0042,90,1620,22,1.5946888289374477,37
4.184361059997169,2.0632481862122884,3.4857768989088593,2.0632481862122884,2.1211128737848806,-1.9975492343534866,0.17643858023720135,30.257387669276046,37.23035953747147,14.407974885724375,2901.968,0.8061022222222222,5.6195312452653825,1.6142037110005265,01622.csv,B0042,92,1622,22,1.5882100957302596,38
4.185147612620953,1.9973214087149431,3.484962036012865,1.9973214087149431,2.1878262039060097,-1.9975022770940793,0.17681801074504713,30.562785800580222,37.46832272742832,14.242078281683899,2901.734,0.8060372222222222,5.617747643895929,1.6140404156466168,01624.csv,B0042,94,1624,22,1.587985558077698,39
4.184580518283491,2.040034213071634,3.4839596946536755,2.040034213071634,2.144546305211857,-1.997334294795813,0.17738725425192725,30.59004134732037,37.650592081498104,14.414878227742388,2887.407,0.8020575000000001,5.588014002372026,1.6059872970531353,01626.csv,B0042,96,1626,22,1.5799165406650344,40
4.182441678307143,2.11763338483894,3.479594890613384,2.11763338483894,2.064808293468203,-1.9971237584867627,0.17849802847912946,30.190272809188617,37.16199226931662,14.276796005078694,2861.937,0.7949824999999999,5.531402964278047,1.5917543421208546,01628.csv,B0042,98,1628,22,1.5655946193652834,41
4.181482345854853,2.166646513631925,2.7052764231784736,2.166646513631925,2.014835832222928,-3.938418442736194,0.5934674788087446,24.183402923813027,36.86635295736364,31.08074005399327,1055.25,0.293125,3.1106120150133414,1.1630782960228148,01632.csv,B0042,102,1632,4,0.0707012773734017,42
4.178167815791936,2.1499182639223604,2.679525148874618,2.1499182639223604,2.028249551869576,-3.9351759952435854,0.6068500109958983,23.826987359225914,38.12553242159685,32.29262195687706,1012.187,0.28116305555555554,2.9512940844907773,1.1151717441418438,01636.csv,B0042,106,1636,4,0.0841687853013907,43
4.187699120848817,2.1626004782242956,2.6791157950874176,2.1626004782242956,2.025098642624521,-3.9330339281400906,0.6138330900783616,23.77974968565753,38.33981699002702,32.14928445044966,991.172,0.27532555555555555,2.88716218775861,1.0916547194478416,01638.csv,B0042,108,1638,4,0.0844378562146582,44
4.188160354925031,2.174009268733748,2.671214412999543,2.174009268733748,2.0141510861912826,-3.931680950777038,0.6176461512730752,23.729074463498666,37.77196459678644,33.02713429501014,982.094,0.2728038888888889,2.850876396859134,1.0814873649842207,01640.csv,B0042,110,1640,4,0.0847891906059033,45
4.146898846281057,2.1861984912538444,2.691575483192303,2.1861984912538444,1.9607003550272126,-3.942868822909943,0.5808971142666591,24.093822128089528,36.82466507220515,32.094647865736924,1063.609,0.2954469444444444,3.1222585533109757,1.1728593718224347,01642.csv,B0042,112,1642,4,0.0933425818344258,46
4.17770349709585,2.1758569457027304,2.6739113004169983,2.1758569457027304,2.0018465513931196,-3.943133668889635,0.5812457222771108,23.99346261249294,38.55810679258891,32.36741135816483,1067.641,0.2965669444444445,3.1120335086890063,1.1774888839198916,01645.csv,B0042,115,1645,4,0.1060318013139778,47
4.187673151744944,2.1928857082631903,2.674532494466212,2.1928857082631903,1.9947874434817536,-3.941238449762143,0.5872212631787938,24.134267829139272,38.71410921886447,32.95804819085894,1048.687,0.2913019444444444,3.0555569813908243,1.1562599060933487,01647.csv,B0042,117,1647,4,0.106505866207118,48
4.187761664946127,2.1962120524397566,2.672674327169749,2.1962120524397566,1.99154961250637,-3.940098411106424,0.5903619004446731,24.399198659580694,38.82770605774448,33.31030993015946,1039.984,0.28888444444444444,3.027252843165141,1.1465073060860178,01649.csv,B0042,119,1649,4,0.0943911158551295,49
4.187724346556428,2.177441070098024,2.795919785016863,2.177441070098024,2.0102832764584044,-3.895915337791737,0.722756335706361,19.290333517015608,28.576587463983177,23.02354012890439,687.328,0.19092444444444442,2.0698375812021044,0.7519829121421976,01651.csv,B0042,121,1651,4,0.0945059592738711,50
4.184163975054339,2.1475982200987445,2.6474329497500486,2.1475982200987445,2.036565754955595,-3.939911966880655,0.5903850036310007,24.880141621063864,39.82101597656743,35.523267974991406,1047.531,0.2909808333333333,3.0197910603903306,1.1548509540695118,01653.csv,B0042,123,1653,4,0.0821145610821562,51
4.174048766061046,2.1889636369151995,2.650103128820241,2.1889636369151995,1.9850851291458462,-3.9391677500177606,0.5936477083694339,24.484790248053308,39.40691039052945,33.21889052261679,1038.375,0.2884375,2.9957307558592765,1.144605016807157,01657.csv,B0042,127,1657,4,0.0951847063194674,52
4.187149567075233,2.1591530449897105,2.6386351740397065,2.1591530449897105,2.0279965220855223,-3.938160748076452,0.5966019413973906,24.324380281877854,39.34611379625948,33.0785348632173,1030.703,0.2863063888888889,2.958967054097693,1.1359889370918652,01659.csv,B0042,129,1659,4,0.0953912999865905,53
4.186847906817352,2.1872998670546773,2.641516205964566,2.1872998670546773,1.9995480397626748,-3.9364453051464534,0.603407832845876,24.31173812149945,37.81632351305823,32.69545231625312,1010.765,0.28076805555555556,2.903253194425411,1.113702353603975,01661.csv,B0042,131,1661,4,0.0828966456585456,54
4.187147788668544,2.1645340110741715,2.6361490952131295,2.1645340110741715,2.0226137775943727,-3.9374486872527408,0.6000762295196204,24.798155128694976,39.87139328791911,35.727950245379205,1025.719,0.28492194444444446,2.9416352102687098,1.1304738274045585,01663.csv,B0042,133,1663,4,0.083431990364526,55
4.18639765148157,2.1770285343272047,2.6207075351068374,2.1770285343272047,2.0093691171543657,-3.9362749816753353,0.603590708563538,24.477937441374635,39.50565821587436,33.25070325846003,1016.859,0.2824608333333333,2.8968681421705007,1.1204388932231744,01665.csv,B0042,135,1665,4,0.0962477215649569,56
4.171541055891453,2.141111284495936,2.609437196185719,2.141111284495936,2.0304297713955166,-3.9328752001842844,0.6140996208802835,24.426888204419104,38.61632478517865,33.200600699283825,1021.079,0.28363305555555557,2.894956978349236,1.1248586607870064,01669.csv,B0042,139,1669,4,0.0871279249656989,57
4.185612994515991,2.169659057289744,2.6133279392952935,2.169659057289744,2.0159539372262474,-3.9348711002995205,0.606988152241314,24.529804368213707,39.5809379115645,33.55098256058973,1010.562,0.2807116666666667,2.8697112609945217,1.1133011505974377,01671.csv,B0042,141,1671,4,0.0968191218275757,58
4.185815228961297,2.181654361966916,2.6084761921076955,2.181654361966916,2.004160866994381,-3.9340089265905283,0.6102831574448516,24.521420210496924,38.80523939319278,33.38096691280775,1003.313,0.27869805555555555,2.842979875718038,1.105288915982134,01673.csv,B0042,143,1673,4,0.084400548913451,59
4.185190800042781,2.152597184317211,2.602763654326182,2.152597184317211,2.03259361572557,-3.9338909734981855,0.6104429746927179,24.626500323697712,39.65831560799121,33.48702223289776,1006.187,0.2794963888888889,2.8446638894312537,1.108370092682446,01675.csv,B0042,145,1675,4,0.0977012171667452,60
4.185054518834841,2.1543073222809688,2.5909779927483028,2.1543073222809688,2.030747196553872,-3.933060350490302,0.6136417348814076,24.561944088587065,38.948661840205986,33.62338804295335,996.765,0.2768791666666667,2.8042547410636933,1.0979254383211254,01677.csv,B0042,147,1677,4,0.0851742647657266,61
4.167716283734957,2.177098848593695,2.5818616349209504,2.177098848593695,1.990617435141262,-3.9328133118112514,0.6135511972249934,24.349376846518034,39.202440143533465,33.027254037661145,999.422,0.27761722222222224,2.8011666245273634,1.100791412653905,01681.csv,B0042,151,1681,4,0.0847199354487912,62
4.184494029120111,2.1860372690383523,2.5894657078700765,2.1860372690383523,1.9984567600817584,-3.931442483824809,0.6171178276724865,24.83962802826491,39.957340694247904,35.296263671883644,990.234,0.275065,2.7826457756704324,1.090403175036778,01683.csv,B0042,153,1683,4,0.0854883696989364,63
4.184245249283899,2.151510007358308,2.74324665969125,2.151510007358308,2.032735241925591,-3.8726297778107583,0.7817023806279867,18.664216427377188,27.779193601334228,21.998180111821302,608.953,0.1691536111111111,1.7856626122239592,0.6638945362466786,01685.csv,B0042,155,1685,4,0.085777499334335,64
4.188169686831435,2.186039852986656,2.7253834676969557,2.186039852986656,2.0021298338447786,-3.866632309551034,0.7969077072517556,18.036688378070966,28.17217588027361,22.212509790372444,586.719,0.16297750000000003,1.7048837002214872,0.6390375170560377,01687.csv,B0042,157,1687,4,0.0859555325524583,65
4.182818237857182,2.194439659521147,2.719690012340044,2.194439659521147,1.988378578336035,-3.863052351120637,0.8045630634726566,18.05907472602224,28.019806483186763,22.023772244983775,575.922,0.15997833333333333,1.6681209614262626,0.6269102336500881,01689.csv,B0042,159,1689,4,0.0861479697965832,66
4.145704822690516,2.1996590897894817,2.615760645023181,2.1996590897894817,1.9460457329010343,-3.9362026199966365,0.6036312868132133,24.76547773055195,39.575497528042895,35.096089371986615,1050.406,0.2917794444444444,2.988872262878126,1.1577719449364754,01693.csv,B0042,163,1693,4,0.0865245080899333,67
4.16756301259763,2.1361070306368717,2.5894472814365503,2.1361070306368717,2.0314559819607583,-3.935267346074326,0.60674144198145,25.247650848522692,40.52562745153084,36.3160334261228,1040.75,0.2890972222222222,2.9293351454539867,1.1470066557315495,01697.csv,B0042,167,1697,4,0.0867603642868573,68
4.183024595509789,2.1419779252621813,2.5730668910828003,2.1419779252621813,2.0410466702476073,-3.9325874401041485,0.6137079699061562,24.850317398468412,39.732594757918605,33.62110807844992,1019.125,0.2830902777777778,2.8465185102079507,1.1226481787214657,01699.csv,B0042,169,1699,4,0.0866202538937107,69
4.183194814686632,2.1988863560155885,2.7401588017218352,2.1988863560155885,1.9843084586710438,-3.8727999832071216,0.7815988428752616,18.864531156596232,28.137335489275593,22.374706215752525,618.844,0.17190111111111112,1.812758382852006,0.674908185992261,01701.csv,B0042,171,1701,4,0.0869802394927499,70
4.187803692827444,2.122954770697664,2.5703065006615917,2.122954770697664,2.06484892212978,-3.933637026469155,0.6103758324122573,25.750153086607327,40.647285732276394,36.530577736128244,1039.547,0.28876305555555554,2.901667479726647,1.1454431540603658,01703.csv,B0042,173,1703,4,0.0738778711347396,71
4.182683957990996,2.152849839303629,2.554774172450461,2.152849839303629,2.0298341186873667,-3.9300907584627907,0.6212481790795114,25.210180888220314,40.39876505346307,34.277829783118136,1004.328,0.27898,2.782489425662653,1.106009298735868,01705.csv,B0042,175,1705,4,0.0877586570223188,72
4.162249624821758,2.196522899315092,2.569770688194377,2.196522899315092,1.965726725506666,-3.930747740189577,0.6213196030375633,25.400612986280134,40.90163609300309,35.401200211731485,1005.75,0.279375,2.803977781385883,1.1076628727769045,01709.csv,B0042,179,1709,4,0.0879057630027299,73
4.182351033163065,2.197996842344396,2.5650203867450827,2.197996842344396,1.984354190818669,-3.929501181608493,0.6246972943006467,25.47246500800018,41.18900895779625,35.02996289190103,995.797,0.2766102777777778,2.769440451204951,1.0965438763024564,01711.csv,B0042,181,1711,4,0.0880878488220017,74
4.18217351248383,2.1297135396833,2.5498903733729468,2.1297135396833,2.05245997280053,-3.92912394117899,0.6248477665024397,25.7066698253335,41.34432689728045,35.02868979038481,998.921,0.27747805555555555,2.761374912594323,1.0999108874878212,01713.csv,B0042,183,1713,4,0.0883425026815871,75
4.182212563987984,2.167460006041706,2.541309292458781,2.167460006041706,2.014752557946278,-3.9284467564220784,0.6285326909315901,25.73079046383608,41.46126781944402,37.31839079683655,989.141,0.2747613888888889,2.7235718215065603,1.0890538962010252,01715.csv,B0042,185,1715,4,0.0746305533274507,76
4.182029042319134,2.188428099048639,2.532211294556467,2.188428099048639,1.9936009432704949,-3.9267682674435918,0.6323576454163659,25.610151874322735,41.26138545585116,34.95531251729686,979.203,0.2720008333333333,2.6847009033623874,1.077824045150496,01717.csv,B0042,187,1717,4,0.0748569866512269,77
4.159149689882238,2.1364927300394707,2.5336398931006547,2.1364927300394707,2.022656959842767,-3.9278468443801544,0.6284205809779505,25.871001272619925,41.67057172451578,35.362141026482774,994.031,0.2761197222222222,2.729038720635558,1.094289913046218,01721.csv,B0042,191,1721,4,0.0752757364314176,78
4.181389260665308,2.191166300272401,2.5300104336765603,2.191166300272401,1.9902229603929071,-3.9256584663973166,0.6363022378514612,25.600970602838455,41.18674777166984,35.10311165467806,971.516,0.2698655555555555,2.6603195335739427,1.0692994573539973,01723.csv,B0042,193,1723,4,0.0753235186048872,79
4.181045440581878,2.1913163423875845,2.5687661609629626,2.1913163423875845,1.9897290981942932,-3.9058724989108504,0.6956723101143345,22.97283104775157,36.899850438855346,30.84591056096677,810.563,0.2251563888888889,2.240579312990003,0.8891979599980915,01725.csv,B0042,195,1725,4,0.0755376530236719,80
4.183136931480622,2.1777089403180425,2.6667675405848916,2.1777089403180425,2.005427991162579,-3.863354268170434,0.805190404190874,19.739623944709617,29.79153666326944,24.0325502081579,599.047,0.16640194444444445,1.7001517804321993,0.6525371991265655,01727.csv,B0042,197,1727,4,0.0758428560612825,81
4.186858423852253,2.1316975124246333,3.105121186216066,2.1316975124246333,2.0551609114276195,-3.22393930405399,1.6985699313444969,6.0573358126113375,9.15118085083689,4.767962649764201,109.078,0.030299444444444445,0.3002814869095035,0.10436141374860947,01729.csv,B0042,199,1729,4,0.0759921803489148,82
4.172951579066885,2.1969934922661687,3.133556616526209,2.1969934922661687,1.9759580868007167,-3.224483832257962,1.6991312753405203,6.452306826213871,8.639171556267463,3.2288695556453186,109.171,0.03032527777777778,0.30448648515438886,0.10441486158221752,01733.csv,B0042,203,1733,4,0.0762165260959199,83
4.181442655507683,2.176704190563002,3.175407439924743,2.176704190563002,2.0047384649446816,-3.1336357808131234,1.7770435657016688,5.8829411130714435,8.36040279366827,3.7691497307805983,96.484,0.02680111111111111,0.2654853588976055,0.09028905506435822,01735.csv,B0042,205,1735,4,0.0621692314155252,84
4.178870765645547,2.137070814591814,3.102016459243783,2.137070814591814,2.041799951053733,-3.224095150373821,1.6985459771944957,7.141415346306763,10.13355592147926,4.521858365680474,109.094,0.030303888888888887,0.30001468419951793,0.1043561199609678,01737.csv,B0042,207,1737,4,0.0759822277461493,85
4.180767579328009,2.082550981383133,3.145442873663138,2.082550981383133,2.098216597944876,-3.134890688113641,1.7752873287484312,4.976092805264432,7.825436879589506,4.379710809433639,96.906,0.026918333333333336,0.26331564762121756,0.09065656146546816,01739.csv,B0042,209,1739,4,0.0622701354894356,86
4.180436639610771,2.144385419639702,3.1652602154514007,2.144385419639702,2.036051219971069,-3.1337747765377175,1.775190823980245,6.411857494253951,8.862063004604039,3.7407789909365174,97.015,0.02694861111111111,0.266035227424498,0.09080923932386403,01741.csv,B0042,211,1741,4,0.0625944660879844,87
4.09164828832826,3.136914065517056,3.375833171038118,2.1679616860507585,0.9547342228112039,-0.9606132638664066,0.21074159436094533,8.336150156814936,12.075623262738652,7.20917531205918,5608.781,1.5579947222222221,5.075194545633867,1.4986076318970347,01745.csv,B0042,215,1745,4,1.4377344766079456,88
4.159841572444575,2.9827781857205347,3.4250125349211604,2.1808501795778437,1.1770633867240408,-0.9944195894158236,0.11385176793342676,8.088311260303593,11.61044167945082,7.218049657788122,5703.296,1.584248888888889,5.408394591816665,1.579135487853239,01749.csv,B0042,219,1749,4,1.5246019289244055,89
4.180166454416953,2.8777808618484264,3.427812476893316,2.148712088809679,1.3023855925685264,-0.9986292541736457,0.09352917038560707,8.108636077883194,12.416393344856289,6.957763922037799,5668.032,1.5744533333333335,5.399839821200013,1.576283926612076,01751.csv,B0042,221,1751,4,1.5215273965539478,90
4.180484652340476,2.7245639387247924,3.4260236276092266,2.126630218048744,1.4559207136156833,-1.0007710730973127,0.08159960414124064,8.179473273978417,12.741907914911504,7.363506112145997,5634.047,1.5650130555555555,5.374697427830306,1.5703291858509756,01753.csv,B0042,223,1753,4,1.5155323631175952,91
4.179828984428225,2.177720591678305,3.427137964017458,2.177720591678305,2.00210839274992,-1.0029400958959638,0.06708945886701162,8.133323147997125,11.812176644627147,7.869654424848751,5582.375,1.5506597222222223,5.332751683035655,1.557705100764068,01755.csv,B0042,225,1755,4,1.5044249661534554,92
4.179688473119865,2.1738551413791023,3.4224753028837007,2.1738551413791023,2.0058333317407624,-1.002976218809888,0.06721379993065846,8.221548017024785,12.77319183354637,7.339316490229858,5567.329,1.5464802777777777,5.3111804614313485,1.553552324173563,01757.csv,B0042,227,1757,4,1.5001507149498807,93
4.156415252712797,2.1739453453589515,3.4137666152192327,2.1739453453589515,1.9824699073538459,-1.0029036577307848,0.06752646817080861,8.196033184015116,11.714847602816857,7.766756251862162,5528.453,1.535681388888889,5.260404111980208,1.54264807090711,01761.csv,B0042,231,1761,4,1.489011227320312,94
4.179126280631904,2.1496986936751377,3.415284661394718,2.1496986936751377,2.029427586956766,-1.002852610333621,0.06778070285380103,8.16363192494008,11.58953853216132,6.7325961324082915,5513.39,1.5314972222222223,5.2482056399374475,1.5383949989854033,01763.csv,B0042,233,1763,4,1.4810149357562843,95
4.178321190076967,2.1308714510516316,3.411339830211172,2.1308714510516316,2.0474497390253354,-1.002761137143926,0.06835689136898715,8.182297960881899,12.228023164640565,8.453712504996016,5486.187,1.5239408333333333,5.215761559155547,1.5307300821693126,01765.csv,B0042,235,1765,4,1.476262027748574,96
4.177914160605347,2.1249846428522594,3.406171736681637,2.1249846428522594,2.0529295177530877,-1.0028500275234071,0.06824666386381228,8.239851195999249,12.995413081963957,8.129319355758092,5461.922,1.5172005555555554,5.185195946187182,1.5240639592042942,01767.csv,B0042,237,1767,4,1.466255102543896,97
4.177668141485771,2.124079082604729,3.404061107280645,2.124079082604729,2.0535890588810424,-1.0027529355519171,0.06859592051685862,8.314381068196377,13.00690019959285,7.942572012115718,5438.157,1.5105991666666667,5.158834605127037,1.5173204786825472,01769.csv,B0042,239,1769,4,1.459328259381702,98
4.152763337632875,2.157698091133544,3.3920891926927386,2.157698091133544,1.9950652464993306,-1.0027471224260915,0.06883922923021542,8.203300249486228,13.003396618491456,9.242647297809192,5402.875,1.5007986111111111,5.107201009696016,1.5075160520118112,01773.csv,B0042,243,1773,4,1.445704157754381,99
4.176783274878805,2.128860427750212,3.3962072676781316,2.128860427750212,2.0479228471285933,-1.0026619793717586,0.06897081127882745,8.252382764570392,12.802739574235911,7.675240533883296,5384.438,1.4956772222222223,5.095288190266672,1.5022333002884198,01775.csv,B0042,245,1775,4,1.4400686089389023,100
4.176835821672092,2.162828573021361,3.395827065629725,2.162828573021361,2.014007248650731,-1.002740647957347,0.06941585682134341,8.247452041994245,12.748426837127605,7.479479477081748,5344.859,1.4846830555555557,5.0575987861479526,1.491373486880844,01777.csv,B0042,247,1777,4,1.4290313659547842,101
4.1765571620332524,2.188289788257471,3.3924931276502397,2.188289788257471,1.9882673737757814,-1.0027179745166037,0.0697088129087957,8.179356055314594,12.453422458173543,7.419787144383522,5305.156,1.4736544444444444,5.0152148527783105,1.4802650763947012,01779.csv,B0042,249,1779,4,1.414172188151386,102
4.1766999837334025,2.1285029465259013,3.3892835023894143,2.1285029465259013,2.048197037207501,-1.0026894950538923,0.07002895546533731,8.33800631225338,12.1691500239434,7.178611318237847,5284.547,1.467929722222222,4.99135512603157,1.4745196628321091,01781.csv,B0042,251,1781,4,1.415603079129078,103
4.149959206094898,2.158726692822152,3.377876069069322,2.158726692822152,1.9912325132727466,-1.0025103497063337,0.07020089635875713,8.293330795902381,12.726444405331804,7.799058019589019,5267.843,1.463289722222222,4.957963259066318,1.4696338327254772,01785.csv,B0042,255,1785,4,1.3994410223300702,104
4.175707583064406,2.1998128745691083,3.386987302997725,2.1998128745691083,1.9758947084952974,-1.0024134076376698,0.07058910174117246,8.373136255476883,12.125723483812015,6.908158362941422,5229.688,1.4526911111111112,4.934564116572802,1.4588685417664504,01787.csv,B0042,257,1787,4,1.395963528579491,105
4.176508363415245,2.1540885607694915,3.3829130588839496,2.1540885607694915,2.022419802645753,-1.0024655689800792,0.07063646991978208,8.329037453715973,12.11350286924164,7.189520423235966,5206.954,1.446376111111111,4.907086300546721,1.4526185744390707,01789.csv,B0042,259,1789,4,1.3929784652630588,106
4.175329405348679,2.159795216779738,3.3774651407729346,2.159795216779738,2.0155341885689406,-1.0024461693775724,0.07106645332489643,8.396128944133206,12.960410174687055,7.398481508850332,5179.062,1.4386283333333334,4.873112923383411,1.4448403852619376,01791.csv,B0042,261,1791,4,1.3740772023800918,107
4.1751813693585715,2.185043715780537,3.3780934843236405,2.185043715780537,1.9901376535780346,-1.002355515867145,0.07144076081852184,8.43692173445999,12.4262328165013,8.291911199257745,5144.109,1.4289191666666667,4.840883159290998,1.4349927716879276,01793.csv,B0042,263,1793,4,1.3752493030002435,108
4.147179508718216,2.1784898920030544,3.364163079749717,2.1784898920030544,1.968689616715162,-1.0023378437056385,0.07148806728052425,8.419794670115083,13.21754189086476,8.735824480217753,5142.891,1.4285808333333332,4.819440289550828,1.434641153307055,01797.csv,B0042,267,1797,4,1.3671966130854505,109
4.174822480867543,2.189853076065801,3.3705853863809336,2.189853076065801,1.9849694048017419,-1.0021679698004895,0.07188073491995119,8.409805733876953,13.047668558877342,8.097503390215998,5109.734,1.4193705555555556,4.796123228307692,1.4251807704987642,01799.csv,B0042,269,1799,4,1.356887600783644,110
4.174669508085626,2.169597235193881,3.366371835007897,2.169597235193881,2.005072272891745,-1.0021759719497005,0.07220075962900009,8.370055044633526,13.073094195785368,8.141232185167905,5078.937,1.4108158333333334,4.761589997943895,1.416654480971593,01801.csv,B0042,271,1801,4,1.3449320225969348,111
4.174072805021775,2.153907127504055,3.360943897156673,2.153907127504055,2.02016567751772,-1.0021900129076768,0.07248047812156383,8.33428157906845,13.27910289077086,8.992612062095652,5051.672,1.403242222222222,4.728859965367549,1.4090837632325797,01803.csv,B0042,273,1803,4,1.3374691704584258,112
3.854275360971105,3.4610207112838625,3.1178767585161347,2.170439265213917,0.39325464968724244,-1.9933511025949644,2.0166044249777597,38.95836982096889,51.867480808484146,28.246966274874946,1819.406,0.5053905555555556,2.786211052443974,0.9978837210771055,01805.csv,B0034,0,1805,24,0.7459302957645664,1
4.18502821716582,3.569719591815537,3.3022762078952885,2.184438966859873,0.6153086253502833,-1.9787478556297067,2.0145754219106573,39.10734156415766,53.72590623785784,28.458075079814073,3260.531,0.9057030555555555,5.3981770840373136,1.7656830799749927,01809.csv,B0034,4,1809,24,1.6623217152845853,2
4.191011619322131,3.607177929123132,3.3294991412960915,2.1716683590196997,0.5838336901989991,-1.9609699675983687,2.0140351119816415,39.20920805238827,54.1404555915866,28.6478339631736,3265.75,0.9071527777777778,5.371216421879386,1.7494434893543367,01811.csv,B0034,6,1811,24,1.645087369694532,3
4.190305001839791,3.64052099258842,3.349383007098789,2.182463026326082,0.549784009251371,-1.9366251479989427,2.013482535534468,38.936075977838854,54.228682107998424,29.33975580748768,3264.109,0.9066969444444444,5.2956989724744155,1.725517344967525,01813.csv,B0034,8,1813,24,1.620729289277574,4
4.190367874669205,3.652480048752134,3.3541317530780055,2.0979416663773915,0.5378878259170707,-1.9296993194196932,2.0134771559510907,38.60445981652459,54.17641516112459,29.57661678841289,3253.531,0.9037586111111111,5.248256059289234,1.7131041149251935,01815.csv,B0034,10,1815,24,1.5967402025126003,5
4.18989933406868,3.676757555511718,3.369692035482086,2.177479814637099,0.5131417785569621,-1.8861346839189572,2.010987556570899,37.79484872719341,54.09745559724325,30.310487126621254,3242.578,0.900716111111111,5.07976600095255,1.668747402435232,01817.csv,B0034,12,1817,24,1.4856500618812698,6
4.185971911968939,3.678781964938644,3.3729072074215103,2.164719422934807,0.507189947030295,-1.878796746756769,2.010608643909997,37.65277428767197,54.03810589370243,30.22129471080507,3234.625,0.8985069444444445,5.054789730862125,1.6601785159562825,01821.csv,B0034,16,1821,24,1.4866702197497013,7
4.191866541196004,3.6806686360197607,3.376976361461993,2.1685179095920546,0.511197905176243,-1.8723916722187988,2.0101375399780546,37.91666092404816,54.56296443841966,30.79900848963916,3235.36,0.8987111111111111,5.038259308572346,1.6531165851833294,01823.csv,B0034,18,1823,24,1.4701330958405268,8
4.188434084515168,3.6816451108930175,3.3791099564139224,2.159913301643853,0.5067889736221507,-1.8590598981345452,2.009168442298516,37.78228277348195,54.47381276284677,30.684357161437635,3236.125,0.8989236111111111,4.99766127213039,1.6409493519008365,01825.csv,B0034,20,1825,24,1.4565041801019636,9
4.188365207945444,3.683202247295823,3.3845619896694177,2.188985459937614,0.5051629606496211,-1.8455810936527,2.008041626106434,37.5830936155511,54.157190141377896,30.402130752269372,3230.25,0.8972916666666667,4.9602545802492415,1.6272427183150147,01827.csv,B0034,22,1827,24,1.4418961035576472,10
4.187976084521654,3.683317608574453,3.383128626739751,2.161327607707136,0.5046584759472008,-1.8444812955511094,2.007966699306651,37.550522561172464,54.45256615419595,30.75846284696081,3226.078,0.8961327777777778,4.942960468307583,1.6234856998807308,01829.csv,B0034,24,1829,24,1.4370949588970292,11
4.185034202370944,3.683314001784841,3.386094893398142,2.140456418044363,0.501720200586103,-1.8435378224723704,2.0077437610253215,37.681954258546924,54.20147817586685,30.3100753056676,3224.5,0.8956944444444445,4.948124319945106,1.62170604142457,01833.csv,B0034,28,1833,24,1.4458703624967404,12
4.187829429801273,3.684623755742781,3.3916477322319585,2.170940246075281,0.5032056740584916,-1.8296929439731453,2.006561698513958,37.440274736517715,53.813937104977754,29.90267201993434,3222.188,0.8950522222222222,4.914992356636636,1.6090194161916975,01835.csv,B0034,30,1835,24,1.432104054561837,13
4.187844043611793,3.684972446426273,3.3914152987340267,2.1531556355876535,0.5028715971855204,-1.8286913393639905,2.0065122873738668,37.402773880575964,53.84994246144553,29.9935528472593,3216.546000000002,0.8934850000000005,4.899352315882557,1.604749022767568,01837.csv,B0034,32,1837,24,1.426720633302465,14
4.186569652343309,3.686314176934777,3.3964131813944722,2.182519668385055,0.5002554754085318,-1.8146752424570791,2.005112692389723,37.26498054251945,53.61278420241196,29.72699120235167,3211.859,0.8921830555555555,4.861209164276415,1.5904758280370404,01839.csv,B0034,34,1839,24,1.4230846885129826,15
4.1865541639430575,3.6863963923634366,3.403051791482094,2.188496149834977,0.5001577715796208,-1.8075203268976408,2.0044601814351592,37.570569601089254,53.35590902048553,29.1831201465624,3215.859,0.8932941666666666,4.866131087838209,1.585967789868524,01841.csv,B0034,36,1841,24,1.4409479522418909,16
4.184312384911318,3.6830423873655618,3.4002648970649156,2.100542699118501,0.5012699975457564,-1.8262934110095792,2.006353217055609,38.400250729227935,53.83102716771526,28.6285834043483,3225.125,0.8958680555555556,4.952836354723443,1.609961549214643,01845.csv,B0034,40,1845,24,1.486901544051865,17
4.187835929449723,3.681208214980984,3.402154252869035,2.1129616454982556,0.5066277144687392,-1.8395285698527164,2.007640680686775,39.102942991019354,53.994059646351175,27.918682279321846,3234.343,0.898428611111111,5.019551278433871,1.6245908573186094,01847.csv,B0034,42,1847,24,1.5245313226850703,18
4.1873752284934485,3.686358589613999,3.407206655670774,2.1659225933828385,0.5010166388794492,-1.8047483945772262,2.004323801504105,37.80351021576893,53.39429065914855,28.43150321660132,3218.25,0.8939583333333333,4.8823810336213835,1.586603819133782,01849.csv,B0034,44,1849,24,1.4629049605190707,19
4.186173516948595,3.6882253306784873,3.404574250610661,2.148786443036186,0.49794818627010784,-1.7959916493195849,2.0033117558714806,37.356060000664904,53.38470633939791,29.11870348981616,3203.5,0.8898611111111111,4.816020106495148,1.571127145922553,01851.csv,B0034,46,1851,24,1.423079450854989,20
4.183315149710076,3.6901089691497937,3.4067467727915552,2.1763046045885015,0.4932061805602821,-1.781271140675487,2.0016368951382453,37.06076524279572,53.12872869294344,29.161331396629993,3194.39,0.8873305555555555,4.758374578374557,1.553910374635792,01853.csv,B0034,48,1853,24,1.4051040863603437,21
4.171081212108144,3.5781282282920546,3.327594909243545,2.11932965334224,0.5929529838160899,-1.9422323790824172,2.0138038998674648,39.94613025797719,55.80847324293826,29.866530818752693,3225.219,0.8958941666666667,5.3134609081631385,1.723904968764505,01857.csv,B0034,52,1857,24,1.6329463925070862,22
4.183218895643307,3.6726261099566706,3.387012528508769,2.1509974200024624,0.5105927856866366,-1.8688152377047642,2.010064611951075,38.718351533776065,55.579127556921776,30.7004525089128,3252.985,0.9036069444444444,5.151544275503221,1.6718552345636304,01861.csv,B0034,56,1861,24,1.5687138208259117,23
4.188253513502256,3.6824479095931855,3.3938481398345894,2.1142806141482584,0.5058056039090708,-1.8406021933680257,2.0077971179571112,38.131331549186825,55.5590605953301,31.523559691066797,3245.25,0.9014583333333334,5.042896528529863,1.6421735802226625,01863.csv,B0034,58,1863,24,1.5149520966053402,24
4.186410748975229,3.686018968891642,3.4020764335853744,2.1801548663736754,0.5003917800835871,-1.8125906145533157,2.004891498959767,37.90482918212311,55.43438713431678,31.555404831039567,3235.031,0.8986197222222222,4.956027039314053,1.6137521034800948,01865.csv,B0034,60,1865,24,1.4855182940634626,25
4.187450299943008,3.686578081733821,3.400466282848084,2.109657199964041,0.5008722182091874,-1.8110391962814834,2.0049580313468427,38.06681078125698,55.91432751133226,32.01898917936151,3228.141,0.8967058333333333,4.935198332123095,1.6092973135931794,01867.csv,B0034,62,1867,24,1.480771929049074,26
4.1872902257058735,3.6871314884403414,3.4030809584663944,2.1306422513355594,0.5001587372655321,-1.8097841749979178,2.00480697883509,38.24251669378549,55.78439633575717,31.696000277904268,3217.875,0.8938541666666666,4.916363749554444,1.6011160588317859,01869.csv,B0034,64,1869,24,1.484026357317059,27
4.183661802156081,3.686750485990863,3.4070525055582563,2.1787867991793113,0.4969113161652179,-1.8021093934434649,2.004070500765006,38.56098530062726,55.819046085150106,31.219517381262115,3220.219,0.8945052777777778,4.915785397393076,1.5973470799913547,01873.csv,B0034,68,1873,24,1.4922153055506522,28
4.187305166731797,3.688075165495123,3.4060276994838254,2.1208148015326507,0.4992300012366737,-1.800815649461131,2.003924706081321,38.38922286871294,55.81813101636483,31.37147872406447,3210.234,0.8917316666666667,4.889365746566807,1.5911640307586856,01875.csv,B0034,70,1875,24,1.473312924099279,29
4.186448964751095,3.6901622771415754,3.408174888188947,2.1326343880232206,0.49628668760952,-1.7788779160462762,2.0015390921421368,37.90831705954933,55.508529806144075,31.57798540011848,3210.546,0.8918183333333333,4.81913025674357,1.5718451290022044,01877.csv,B0034,72,1877,24,1.441593178980006,30
4.1865382627627215,3.690965415547831,3.405126191511401,2.080806437045425,0.49557284721489037,-1.7776506180150589,2.00119564429944,37.78900459955153,55.810474269938815,32.223370454309105,3200.969,0.8891580555555556,4.788823347294247,1.566191127706401,01879.csv,B0034,74,1879,24,1.4225873198015788,31
4.186924383380348,3.6918927555831567,3.409764436063523,2.153621018125857,0.49503162779719156,-1.7757913058945813,2.0010759638110565,37.868460669545925,55.5580463265768,31.81062602803357,3188.625,0.8857291666666667,4.7760149584424445,1.5580095122708373,01881.csv,B0034,76,1881,24,1.4266489379486664,32
4.18555925571961,3.69045528775458,3.410480218060336,2.16386574936286,0.4951039679650302,-1.781934305037178,2.0019255032497654,38.32719437027863,55.7456104997617,31.50741328307633,3191.735,0.8865930555555556,4.8129149920262355,1.5666917154544728,01885.csv,B0034,80,1885,24,1.4596775560238575,33
4.1869557307114755,3.691458997128091,3.4102489283524573,2.110862355108561,0.4954967335833844,-1.7740392922449235,2.0010277868378776,38.222749634083,55.88273287086187,31.7015184250114,3190.313,0.8861980555555555,4.784254953100326,1.5595767831116383,01887.csv,B0034,82,1887,24,1.4396159938545154,34
4.187953553733828,3.69484419462526,3.414435733868323,2.1889361346194556,0.4931093591085678,-1.758159329896538,1.9990190259954228,37.708662488006475,55.52091947034592,31.794360116563418,3182.156,0.8839322222222222,4.722351101885023,1.5403560926868942,01889.csv,B0034,84,1889,24,1.4195512657848512,35
4.186573417418747,3.693406095936799,3.408669177651725,2.076995222056859,0.49316732148194786,-1.764462484778239,1.9997687558838535,37.8703638417689,56.03798112972515,32.38980368761841,3180.156,0.8833766666666667,4.724737527860888,1.5450675120287374,01891.csv,B0034,86,1891,24,1.4118101714470452,36
4.187221060943136,3.694760595109032,3.4118322352896917,2.138330613016186,0.4924604658341041,-1.7624729823299456,1.9996278599898887,37.83489284744581,55.7872631992585,32.09590544250334,3171.953,0.8810980555555555,4.710733403259069,1.5383220907501016,01893.csv,B0034,88,1893,24,1.4044196701845313,37
4.184778521750498,3.688748107701924,3.412313772481234,2.163289759388807,0.4960304140485734,-1.7852228610575493,2.002352415137175,39.269306296372,56.29505678813318,30.965974562671246,3192.172,0.8867144444444445,4.8375616740718606,1.5700145896733582,01897.csv,B0034,92,1897,24,1.4735059098606866,38
4.186128497194753,3.686272741131182,3.4055246588869954,2.011759892668098,0.499855756063571,-1.806117173524204,2.004746443258846,40.1506450904851,57.203641711448896,31.132826525823948,3194.735,0.8874263888888889,4.8968569066465895,1.589527479152379,01899.csv,B0034,94,1899,24,1.492658600645149,39
4.1861780561954705,3.6890979765352783,3.412772999015033,2.162343975515107,0.4970800796601922,-1.7898966673086716,2.0031420222152723,39.44313364004617,56.48442346523092,30.50300813636437,3178.75,0.8829861111111111,4.830105923595706,1.5663425832778135,01901.csv,B0034,96,1901,24,1.4820260149945934,40
4.185923800763679,3.694474114219967,3.4159307513752806,2.1921995805381784,0.49144968654371235,-1.7588595515353411,1.999224401309349,38.29706396735563,55.71155596776208,31.25787454151642,3165.359,0.8792663888888889,4.709307575319049,1.5334940765497203,01903.csv,B0034,98,1903,24,1.423575357658995,41
4.187209229680338,3.6958094970374473,3.414462463305671,2.16034888083278,0.4913997326428907,-1.7569483309674612,1.9989941942680842,38.00009263186772,55.725184853786985,31.77638837223589,3155.25,0.8764583333333333,4.680562358247084,1.5271523203157413,01905.csv,B0034,100,1905,24,1.403825219724535,42
4.17632192115446,3.6790252497049343,3.3922002422487143,2.165521364045302,0.4972966714495257,-1.8535542744661238,2.0089546003729226,39.66453202372922,56.68734909187956,31.377702538193667,3173.766,0.8816016666666667,4.992748852247705,1.6213760105102875,01909.csv,B0034,104,1909,24,1.5363173478836123,43
4.186404586081194,3.679772271279711,3.3972119520639095,2.0714906018792005,0.5066323148014829,-1.8469058434531274,2.008362037769272,40.503647950320534,57.523569542125074,31.20306928863091,3199.485,0.8887458333333333,5.031416285481283,1.6299285760118079,01913.csv,B0034,108,1913,24,1.5440367168176732,44
4.186719390563678,3.685945393225432,3.407734218697208,2.160000438530016,0.5007739973382463,-1.809719941535708,2.0050702546929537,39.602225792574906,56.64647124225468,30.833007735553863,3196.015,0.8877819444444444,4.917262850886012,1.593914515906279,01915.csv,B0034,110,1915,24,1.507892155360249,45
4.267712791687086,3.533767789289108,3.3050275542473186,2.07023691471502,0.7339450023979781,-1.951674467634044,2.014084577123911,43.00893271743553,61.22071154968515,33.72863282333816,3595.281,0.9986891666666666,5.976481592275431,1.9330587645050052,01917.csv,B0034,112,1917,24,1.8203060058691092,46
4.183147061073988,3.634612494848189,3.350291194323394,2.0513249674406295,0.5485345662257988,-1.920877053556143,2.013257357300348,40.64495633031262,58.28488787096781,32.42138206404256,3198.0,0.8883333333333333,5.191880068276738,1.6934403078654996,01921.csv,B0034,116,1921,24,1.5936575758226643,47
4.186094144264648,3.676241262429475,3.378826251452736,2.126099692893142,0.5098528818351729,-1.8756315967870998,2.0105822754576277,39.63966215341089,57.592019665372526,32.72638707283995,3183.516,0.88431,5.03944841870961,1.646226838840014,01923.csv,B0034,118,1923,24,1.533070464968097,48
4.186530263556706,3.684067305073578,3.3905180732853615,2.1895562891910765,0.5024629584831275,-1.837523884399117,2.007663220075291,39.16680148065847,57.28443182001311,32.77675256703404,3183.797,0.8843880555555556,4.93396772151949,1.613035743753656,01925.csv,B0034,120,1925,24,1.4862143093107285,49
4.185388369887496,3.68217409158981,3.387526907959532,2.074340759266504,0.5032142782976865,-1.8376918380374707,2.0077761879017095,39.82254974386062,57.87208806126728,32.96721048360936,3191.516,0.8865322222222223,4.944391824016422,1.616927924092019,01927.csv,B0034,122,1927,24,1.5029318848267783,50
4.186540363518264,3.680780727872025,3.3911818711119515,2.1265733975652816,0.5057596356462395,-1.8447319494358396,2.0083826062896484,40.67552783597674,58.01475740778219,31.849254540530946,3189.985,0.8861069444444445,4.980109967521229,1.621436285552888,01929.csv,B0034,124,1929,24,1.5202185406928062,51
4.182873974713039,3.682019900459505,3.390835631837091,2.062739747604538,0.5008540742535339,-1.8363552560101446,2.007840448767483,40.582538417129676,58.312052179468594,31.877214340905937,3189.734,0.8860372222222223,4.946490101154973,1.6131889836765574,01933.csv,B0034,128,1933,24,1.5118194735004464,52
4.183550817744195,3.6865825470686953,3.396934021472626,2.1030377322448675,0.4969682706755001,-1.804847667473282,2.004557382295106,39.684346755235566,57.74556007237976,32.507828819434216,3176.016,0.8822266666666667,4.830004378229691,1.5797021871515653,01935.csv,B0034,130,1935,24,1.464601301820905,53
4.1861820620734616,3.687845770901311,3.3994906529891593,2.1244761059896846,0.4983362911721505,-1.7965264889900276,2.0036470413727243,39.47995207463314,57.59063118746153,32.58134683820742,3171.36,0.8809333333333333,4.798535671005284,1.5698317854082684,01937.csv,B0034,132,1937,24,1.4546140961511749,54
4.184762302875813,3.687847958571749,3.3981483429417363,2.0601307559265187,0.4969143443040642,-1.7880255809187031,2.002715573743414,39.48992781243277,57.76023731619168,32.897946566691715,3170.843,0.8807897222222222,4.766529112802804,1.5624996063319145,01939.csv,B0034,134,1939,24,1.4333400490204142,55
4.185022396532557,3.6875307058867146,3.3988819411159534,2.066307670696809,0.4974916906458424,-1.7944904482925368,2.003628798286033,39.852310270589804,57.843854984407734,32.59673606531136,3164.672,0.8790755555555556,4.782794713423027,1.5649377662054762,01941.csv,B0034,136,1941,24,1.449326234639616,56
4.183906394520297,3.685293941842625,3.3979295593430394,2.063118102136468,0.49861245267767185,-1.8100461507144519,2.0051862864681538,40.873690307547484,58.50818415025991,32.122264202027765,3177.453,0.8826258333333333,4.858511179767551,1.584699626118309,01945.csv,B0034,140,1945,24,1.495199821798908,57
4.18478065365082,3.686634681165349,3.3987236708202504,2.015578277968309,0.49814597248547043,-1.8015738065563547,2.0044022718968755,40.55984735939729,58.39804679399696,31.878513462272537,3172.375,0.8812152777777778,4.823841550167061,1.5750272403204715,01947.csv,B0034,142,1947,24,1.4720590241846008,58
4.184572904357356,3.692943356726503,3.4080267118315732,2.1825208655708153,0.4916295476308532,-1.7534517505866212,1.9985733221486432,38.988662122088876,57.19671566450291,32.49659955508618,3158.406,0.877335,4.659890044508326,1.5268874779934754,01949.csv,B0034,144,1949,24,1.4097383014648728,59
4.18617507115644,3.694993239040884,3.407631378055527,2.177635067318021,0.4911818321155561,-1.7513221260920173,1.9982914664513332,38.71511147644418,57.093582209047106,32.81063866345266,3141.578,0.8726605555555556,4.622977716162522,1.5171373119783294,01951.csv,B0034,146,1951,24,1.3861944181384176,60
4.185511777611227,3.69650916093345,3.407885887358127,2.1675497721171437,0.489002616677777,-1.7425277851045473,1.9968801220000274,38.51149851182021,57.056434523826645,33.02422984493247,3138.187,0.871718611111111,4.586130692999961,1.5072762967325637,01953.csv,B0034,148,1953,24,1.3624125407550536,61
4.184793360238704,3.68887412600704,3.4003875411941866,2.0235981843621835,0.4959192342316636,-1.7826705089192836,2.002264638815254,40.112479285456395,57.99096942950453,32.601361358323416,3157.969,0.8772136111111112,4.738177034694673,1.5515299367139261,01957.csv,B0034,152,1957,24,1.4471377445077278,62
4.181287766887205,3.687864833147013,3.4076622967245975,2.184010507272112,0.49342293374019164,-1.7740815054978625,2.001328855790365,40.84012758949483,58.16328313862759,31.620516633507414,3159.281,0.8775780555555556,4.746713838885401,1.5466549963005416,01959.csv,B0034,154,1959,24,1.4554483390450048,63
4.186738174269114,3.689635045129931,3.403252905688179,2.0392577121107047,0.497103129139183,-1.7809841749397886,2.0022104384617547,40.348969230016365,58.29542391419101,31.982063744914292,3150.375,0.8751041666666667,4.733820851117551,1.5474114930832497,01961.csv,B0034,156,1961,24,1.4423952167302958,64
4.185676926963049,3.695738523410934,3.406174357529073,2.0999808615526177,0.48993840355211526,-1.747182095051256,1.9978212503469346,38.95729074496056,57.375182540416354,32.85266613448035,3134.078,0.8705772222222222,4.595237215873414,1.5099345186284432,01963.csv,B0034,158,1963,24,1.377541945989605,65
4.183540384328263,3.6966933733569296,3.4049736944362246,2.063136946201327,0.48684701097133365,-1.73814436809975,1.996582502710518,38.73711200799833,57.42041259082052,33.26116522273131,3129.797,0.8693880555555555,4.556224804859716,1.5006209053154302,01965.csv,B0034,160,1965,24,1.3539935892900532,66
4.173127150790551,3.65211969312403,3.3580774287935817,2.120762756881349,0.5210074576665207,-1.8824146171130414,2.01135903420885,40.231060876384255,57.71520595046742,32.85394025660223,3161.89,0.8783027777777778,5.015335454077422,1.642725281912185,01969.csv,B0034,164,1969,24,1.5509038861664448,67
4.183913051884235,3.670709128901107,3.38250056099739,2.19170788700899,0.513203922983128,-1.8524024614367005,2.0092822792763814,40.929553501935686,58.17136403259683,31.959745888808364,3196.859,0.8880163888888889,5.020357712974119,1.6344790994853287,01973.csv,B0034,168,1973,24,1.5562932697752867,68
4.185455613390746,3.6815342214187607,3.390086865994553,2.1203887966971293,0.5039213919719856,-1.826530681368946,2.007116071236726,39.993709319022244,57.753084428922655,32.136094304754764,3171.906,0.881085,4.8951433095489785,1.5991767046079939,01975.csv,B0034,170,1975,24,1.5067526605064707,69
4.183582231077479,3.6866524993296825,3.392978809154906,2.0630039985317543,0.49692973174779675,-1.7929643530908497,2.003708777388001,39.1022619385273,57.5103657978898,33.07719167668735,3160.8429999999935,0.8780119444444426,4.764719696577879,1.5647257014297324,01977.csv,B0034,172,1977,24,1.444138733302766,70
4.183035133274732,3.6900109121532414,3.400527096110287,2.1811524820912926,0.4930242211214906,-1.7679531131415924,2.000736228579424,38.63703610404588,56.86348453612092,32.84653641029996,3147.141,0.8742058333333333,4.674042964153883,1.5350786781676236,01979.csv,B0034,174,1979,24,1.4144103811292437,71
4.184231960595375,3.6916342367055286,3.4009920061492966,2.155432405052415,0.4925977238898467,-1.758494914822024,1.9999419770032505,38.457946337552535,56.97607576818629,33.21158188199574,3141.203,0.8725563888888889,4.635550929863931,1.5249393952908419,01981.csv,B0034,176,1981,24,1.3897574212362729,72
4.1839152437949645,3.686972480491973,3.395963139634734,2.0671609840346776,0.4969427633029917,-1.7913624328840858,2.003498216742575,39.988534225003114,57.956995411354825,32.830844881443824,3151.047,0.8752908333333334,4.751496764747742,1.5572893640876293,01985.csv,B0034,180,1985,24,1.449968311475299,73
4.184717109573573,3.6857312238547992,3.399629787670528,2.1233368877812127,0.4989858857187741,-1.7913224989214864,2.0036405638325396,40.84025138634754,58.3663921180059,32.02856233731965,3159.172,0.8775477777777778,4.7814768950406,1.561251524589959,01987.csv,B0034,182,1987,24,1.4678653068012166,74
4.184006161598658,3.6895858060904385,3.3983167205445777,2.032509026773449,0.4944203555082196,-1.7734088198098006,2.0013999722110136,39.641733784991594,57.883249801186295,32.734568931172916,3141.047,0.8725130555555556,4.681189044478081,1.5370404612271278,01989.csv,B0034,184,1989,24,1.4290644310445066,75
4.182749347441237,3.692893871183382,3.398539512076107,2.0100958477489637,0.48985547625785486,-1.7476951824023108,1.9981693719946496,38.82196729294636,57.62604602919208,33.61029695556339,3135.0310000000027,0.8708419444444452,4.585520806382769,1.5129084542234372,01991.csv,B0034,186,1991,24,1.376744834668327,76
4.182137288697796,3.696917515211595,3.4065465230061798,2.1845053475658913,0.48521977348620116,-1.7290779932589337,1.9957233455533672,38.27601981086532,56.803768142247485,33.12574731670428,3117.984,0.8661066666666667,4.5160844066454775,1.4883076326673848,01993.csv,B0034,188,1993,24,1.3515813262521057,77
4.1833235259541075,3.697403360677615,3.4067781130872956,2.1991319506434475,0.4859201652764926,-1.7290902219307398,1.9955482063789747,38.30615482092432,56.88027382398077,33.40773269326421,3125.328,0.8681466666666666,4.523698754957142,1.4908466618163305,01997.csv,B0034,192,1997,24,1.353993472828928,78
4.18535045289718,3.696508313437771,3.4044214192090116,2.1256164107912863,0.4888421394594089,-1.7360856942372698,1.9966679962620908,38.50347850214561,57.11228470728586,33.36690729502318,3120.172,0.8667144444444445,4.535656792562707,1.4949396111054813,01999.csv,B0034,194,1999,24,1.3577165116893766,79
4.182766239696235,3.6973695432748106,3.4020136665550305,2.0595928588832932,0.4853966964214247,-1.7266849618679287,1.9953133219474424,38.25735173096823,57.23777746505438,33.89359153545208,3116.641,0.8657336111111111,4.494150181620725,1.4859974907079752,02001.csv,B0034,196,2001,24,1.334169315351027,80
4.181782187808557,3.698565441760067,3.408929572366065,2.196715966153447,0.4832167460484902,-1.7171675465127403,1.9936547076968085,38.29433048905591,56.79550408983589,33.21266907799872,3110.844,0.8641233333333334,4.475384392021979,1.475272366298977,02003.csv,B0034,198,2003,24,1.3372147888783987,81
4.185467467204124,3.700157860351176,3.407512024075691,2.179169443366329,0.4853096068529483,-1.7243425380133646,1.9948981407407025,38.19006452807094,56.74357378980126,33.28709618793543,3101.406,0.8615016666666666,4.478584645360941,1.4772716205260499,02005.csv,B0034,200,2005,24,1.339045224276927,82
4.180805215482706,3.697647020957797,3.4012246723873063,2.0729178734316847,0.4831581945249086,-1.7314023398283604,1.9958495161999803,38.326737735855446,57.1850535860252,33.79108935886337,3099.563,0.8609897222222223,4.4836967826099245,1.4825765501002826,02009.csv,B0034,204,2009,24,1.3439244604756322,83
4.1854178694827215,3.698302552639697,3.4019343263921806,2.0585536221704452,0.48711531684302445,-1.7315370302816349,1.9960688998382103,38.326112920062165,57.131636004992664,33.73167477328224,3104.64,0.8623999999999999,4.489637545603192,1.4840992854081474,02011.csv,B0034,206,2011,24,1.3454786192090245,84
4.18465855924667,3.699918714465385,3.4080993396118826,2.1859283824053053,0.4847398447812852,-1.7217927604432464,1.994731085030303,38.2504483640825,56.68621589748299,33.07753804061478,3099.875,0.8610763888888889,4.467457010583345,1.473170809994911,02013.csv,B0034,208,2013,24,1.3482263029682544,85
4.184776951807234,3.698995093204678,3.4012585484878985,2.047929270109934,0.4857818586025564,-1.728989688622418,1.9956680930422508,38.2552215314073,57.14457415944487,33.86811721159326,3093.25,0.8592361111111111,4.462742875057647,1.4767688872872338,02015.csv,B0034,210,2015,24,1.3373192299576058,86
4.184920385211051,3.6984005095945145,3.400118948427692,2.0282334120244614,0.4865198756165361,-1.7363791085179334,1.9966320060781142,38.4827926779255,57.289854087208134,33.79299836239149,3086.688,0.8574133333333334,4.475071143857856,1.4799875511575378,02017.csv,B0034,212,2017,24,1.3402523341553034,87
4.181326694340018,3.700137234616709,3.4044380735101045,2.128944717359417,0.48118945972330884,-1.7191649059489624,1.9943362542359948,38.208311929566015,56.90074118043176,33.60362437239591,3094.281,0.8595225,4.443161504790347,1.4693820385818597,02021.csv,B0034,216,2021,24,1.329096568237912,88
4.184446438207182,3.6995647202678423,3.40277614658273,2.080780257241255,0.48488171793933965,-1.7265467227383982,1.9954572718247072,38.37963443029051,57.126183132620525,33.72445499638635,3088.328,0.8578688888888889,4.4543395004987945,1.4729346812684676,02023.csv,B0034,218,2023,24,1.3323485655766352,89
4.185605719737862,3.6986748227138766,3.407661438923026,2.18178697368346,0.4869308970239854,-1.726628901233422,1.9953885670207627,38.847888287026734,57.09006956503022,33.106436646217816,3095.687,0.8599130555555555,4.482718892564588,1.4764349147433924,02025.csv,B0034,220,2025,24,1.3501541310555516,90
4.188177492671976,3.695807960223112,3.406219322901771,2.1600430451609207,0.4923695324488637,-1.7439767424511525,1.9979037840818108,39.55793696996327,57.56129571557157,32.770159368705826,3102.062,0.8616838888888889,4.546245430652877,1.493556563734703,02027.csv,B0034,222,2027,24,1.381523441054128,91
4.181845471289827,3.6937670917926937,3.403483836522725,2.0578741386350488,0.48807837949713306,-1.7438949547598264,1.997732931333819,39.995989656775905,58.12885115554352,32.51601214375282,3107.141,0.8630947222222223,4.55164270795543,1.4957128401214312,02029.csv,B0034,224,2029,24,1.3835971952817807,92
4.180083219210065,3.698276632968904,3.401643655881062,2.0545776989805833,0.48180658624116113,-1.7239330841004026,1.9951384835515777,38.637111363644244,57.35750604508094,33.5716509932209,3090.719,0.8585330555555556,4.448925711160958,1.4717273510096762,02033.csv,B0034,228,2033,24,1.33011618620809,93
4.1821779958572005,3.701305206194247,3.401100143150002,2.0610721424538947,0.48087278966295344,-1.7215733668196036,1.9945449015188763,38.17458507378806,57.07647448385972,33.91949295159532,3069.812,0.8527255555555555,4.404346366224462,1.459940065381676,02035.csv,B0034,230,2035,24,1.3176982121703231,94
4.183669811318627,3.704460375412854,3.406245698013471,2.1769630360366774,0.4792094359057728,-1.7115169207570662,1.993362620612257,37.84309122903104,56.56265009891403,33.65405034267947,3064.437,0.8512325,4.3743660784006755,1.4486828974929058,02037.csv,B0034,232,2037,24,1.3063657719651272,95
4.1828283000910265,3.6991602276823894,3.404609654515602,2.123117073996824,0.4836680724086371,-1.7218255733894667,1.9946542026581129,38.7849806497393,57.16856231635899,33.48384181123117,3083.25,0.8564583333333333,4.439178217219985,1.4661282995792306,02039.csv,B0034,234,2039,24,1.3381567383793782,96
4.18511444486662,3.6962286900083554,3.3978374456616303,1.992728560786441,0.488885754858265,-1.7464028089407726,1.9979754592978727,39.47058624854092,57.902838661735686,33.68210263898199,3076.484,0.8545788888888889,4.493919750550901,1.4841946627174492,02041.csv,B0034,236,2041,24,1.3563258092165067,97
4.183402573013137,3.694994804805415,3.3958647763622594,1.9677573642714887,0.48840776820772147,-1.7536342273893653,1.9988442194223839,39.61654428235802,58.115178902093014,33.35230204176312,3081.297,0.8559158333333333,4.523152744551198,1.4933809980787511,02045.csv,B0034,240,2045,24,1.3648997529550058,98
4.184543366342335,3.701108058011452,3.4029256137765205,2.1243524375356397,0.48343530833088266,-1.726531730710585,1.9955458478899517,38.42381623938057,56.98035659049231,33.36131413527963,3065.953,0.8516536111111112,4.421173714372487,1.4623102546435431,02047.csv,B0034,242,2047,24,1.3337639975535058,99
4.18481289618272,3.7037621408646824,3.4052852363977686,2.1817137827751827,0.48105075531803765,-1.7162971244779048,1.9941196488684687,38.11461669687029,56.672084425511734,33.53247807285055,3055.828,0.8488411111111112,4.379643711275499,1.4497734558805526,02049.csv,B0034,244,2049,24,1.3060123668658763,100
4.182816385597531,3.701686498427063,3.4007629589889867,2.087539695609617,0.48112988717046745,-1.7241037426046357,1.995096472636278,38.33391837467719,57.04472631715234,33.81682056030739,3051.468,0.84763,4.388763416301323,1.4545007865679,02051.csv,B0034,246,2051,24,1.3101868361375808,101
4.182086976575588,3.697139339087963,3.4011297944340977,2.068960188840925,0.48494763748762537,-1.734239204579505,1.9968930346783653,39.42514383600653,57.64730160708694,33.28180573930361,3069.0,0.8525,4.4570519115686125,1.4713356666719493,02053.csv,B0034,248,2053,24,1.3567668941696105,102
4.181559459677035,3.6935708706933137,3.3993314164333626,2.0596285731276476,0.48798858898372144,-1.7519633999941742,1.9990877726163834,40.315066740163225,58.29336025761747,32.86732847267497,3079.235,0.8553430555555556,4.531550748335035,1.491479567283639,02057.csv,B0034,252,2057,24,1.3916857433587717,103
4.182529313505233,3.696185500839972,3.3981521617785853,1.995387257098486,0.48634381266526105,-1.741661014368029,1.9973640878921932,39.53448316157278,57.95445943311949,33.194763895885686,3070.344,0.8528733333333334,4.475199192258747,1.4780947152271842,02059.csv,B0034,254,2059,24,1.3629935079344777,104
4.184076013914204,3.7025959863203344,3.4035091903916523,2.1529421051579973,0.48148002759386976,-1.7213520368201807,1.9948086409368206,38.37203224972586,56.91514213395795,33.36129146167825,3051.4839999999967,0.8476344444444436,4.385224620565972,1.4515310067751266,02061.csv,B0034,256,2061,24,1.3211711973900628,105
4.184435637134828,3.702215344038259,3.3990218794534157,2.040540120203558,0.4822202930965691,-1.7213249052728743,1.9949118181889154,38.3101923015924,57.19634917626827,34.03901584815155,3054.812,0.8485588888888889,4.377159725156721,1.4531487881595069,02063.csv,B0034,258,2063,24,1.3074869015593356,106
4.182198079486951,3.7036864360029376,3.405793405509288,2.197033181830859,0.4785116434840133,-1.7112135934528914,1.993262617120496,38.27774779605142,56.74944920850043,33.429152279654495,3046.532,0.8462588888888889,4.3540421795097455,1.4414771298186437,02065.csv,B0034,260,2065,24,1.3105881895483489,107
4.18257252176705,3.6938099702610048,3.3956244120578263,1.9756647286286777,0.48876255150604564,-1.7569109821992535,1.9992911667553668,40.334191485925615,58.608348897573435,33.11447936148811,3071.782,0.8532727777777778,4.526484783344348,1.4923030642464292,02069.csv,B0034,264,2069,24,1.376312668196664,108
4.184144535847567,3.693296575799754,3.400151892919731,2.083403258487322,0.4908479600478133,-1.7574723585820047,1.9999556944520074,40.79229920392578,58.69313490028398,32.55255277599488,3074.532,0.8540366666666667,4.542968177634956,1.4926519044696034,02071.csv,B0034,266,2071,24,1.391764929132287,109
4.183522485643733,3.695452176566573,3.395401002342427,1.9776004444482065,0.4880703090771603,-1.7545668980958757,1.9992922201318848,39.999007178029785,58.287617732907975,33.05097826562996,3053.656,0.8482377777777778,4.485748096740359,1.4809169836427565,02073.csv,B0034,268,2073,24,1.3649746353453525,110
4.182564922322223,3.700999494337799,3.3978188140801495,2.0648428293008756,0.48156542798442414,-1.7345909430155575,1.9966803551406829,38.793911542282345,57.38456939785952,33.568981029554415,3031.953,0.8422091666666667,4.387136842391156,1.4539654327336526,02075.csv,B0034,270,2075,24,1.3219093937291897,111
4.184775055814293,3.701035746267237,3.392562018908607,1.966575784508242,0.4837393095470559,-1.7419815147499944,1.9972064078166896,38.67005005769116,57.58115209169171,34.1824649581812,3023.5,0.8398611111111111,4.3820185400211376,1.4563672113965922,02077.csv,B0034,272,2077,24,1.3090033888073913,112
4.182256888930097,3.701365373204017,3.40172041057263,2.1711822809863026,0.48089151572608024,-1.7240295509078702,1.9952382185007147,38.826649526191886,57.13289738293001,33.59148834942984,3042.703,0.8451952777777778,4.380590529906716,1.450497936001288,02081.csv,B0034,276,2081,24,1.3327005721973733,113
4.444554927574261,3.721540020582682,3.483606791060758,2.069253006874651,0.7230149069915792,-1.5139109254949328,1.951199282521044,40.05350414099234,61.43732341776916,34.24089988012979,4424.203,1.2289452777777778,5.755868218739938,1.8459617387241691,02083.csv,B0034,278,2083,24,1.7423975189669398,114
4.1818300082740905,3.694937618880022,3.4027541068274787,2.1429326564674485,0.48689238939406865,-1.7448643036753848,1.998086505092949,39.89751111071057,57.73883179659806,32.351846686957984,3066.766,0.8518794444444444,4.499402527704702,1.479844010619832,02087.csv,B0034,282,2087,24,1.37734756281946,115
4.182851214537815,3.697085097910573,3.399518032588874,2.0661656290024695,0.48576611662724245,-1.7422768724138988,1.9978905406610372,39.197243061406944,57.386080612263264,32.93618691272159,3046.125,0.8461458333333334,4.4429877014533785,1.4664444224736575,02089.csv,B0034,284,2089,24,1.34875988767775,116
4.183452701161303,3.6998729715709247,3.4048948132853294,2.1996082620797504,0.48357972959037854,-1.731761904660173,1.9963009950714488,38.90698912730004,56.89633685865634,32.67099650607689,3033.625,0.8426736111111112,4.405538725725354,1.4526747743769775,02091.csv,B0034,286,2091,24,1.3501504559881146,117
4.184086373500983,3.6990328426629033,3.3989458032986057,2.0698222657269465,0.48505353083807945,-1.7394457190997812,1.997562333754125,38.9149334799284,57.238769179765264,33.215739491476036,3028.562,0.8412672222222222,4.406546919230623,1.4568943792750308,02093.csv,B0034,288,2093,24,1.3387814875085953,118
4.180084668986179,3.699758841015124,3.402552549263599,2.1637591808058576,0.4803258279710554,-1.7291852801439969,1.9959322381269242,38.753372299612906,56.92287178370967,32.966833884377365,3020.984,0.8391622222222223,4.370009727578995,1.443810379702294,02095.csv,B0034,290,2095,24,1.3253371210402685,119
4.182272685375916,3.697526032971068,3.3917372089469744,1.9665760341302796,0.48474665240484827,-1.7552053099717762,1.999111695733181,39.091854428154555,57.63060311370659,33.698419052988825,3017.391,0.8381641666666667,4.42096063442133,1.4647815265524422,02099.csv,B0034,294,2099,24,1.3308160596334049,120
4.183571382297645,3.699390915279102,3.399163910018903,2.0993400599564533,0.4841804670185428,-1.737147942355728,1.9971638232745041,38.79791433490267,57.01462861282404,33.101922150308354,3022.14,0.8394833333333332,4.391046260703605,1.4522563833597877,02101.csv,B0034,296,2101,24,1.333083376618503,121
4.183678963001913,3.699143930272442,3.396151910618556,2.051523215347617,0.4845350327294713,-1.7450526641182944,1.998313555300159,38.87342544692156,57.17373710163345,33.321035874443915,3009.016,0.8358377777777778,4.38666252253069,1.452335819545706,02103.csv,B0034,298,2103,24,1.3333226534895923,122
4.183626166105732,3.700383951180837,3.3999185413871995,2.127535513157563,0.48324221492489494,-1.7341883809096077,1.9968806376659354,38.72429474171124,56.96912010183172,33.13152656297105,3014.672,0.8374088888888889,4.371347750669045,1.44624885490915,02105.csv,B0034,300,2105,24,1.3264281097516477,123
4.181576984850351,3.700274823663255,3.397850235603045,2.0823277676119383,0.481302161187096,-1.734400276547127,1.9968121263360992,38.693927613601694,57.103594586187974,33.35494445229357,3010.703,0.8363063888888889,4.358412212723692,1.4436426673630498,02107.csv,B0034,302,2107,24,1.323971040986857,124
4.181291322139056,3.700678038576119,3.399278705498605,2.1365617064803337,0.48061328356293664,-1.7344615887918813,1.9967557214446223,38.83689474258564,57.068326741336485,33.206230711296826,3011.75,0.8365972222222222,4.365158510167977,1.4447225690339627,02111.csv,B0034,306,2111,24,1.3249364225071156,125
4.181374592570342,3.698986597552277,3.393991029909916,1.9941210557405096,0.48238799501806495,-1.7422565015843707,1.99797391992986,38.98262569198278,57.42601185667435,33.488289580370015,3005.734,0.834926111111111,4.367403010652802,1.4480338078547739,02113.csv,B0034,308,2113,24,1.3283067675570923,126
4.184561249691651,3.699797664766319,3.3920728040875394,1.9772527709370784,0.4847635849253318,-1.7506020276231054,1.9989057182503978,39.051031869034375,57.61101162387096,33.7194229242096,2993.75,0.8315972222222222,4.371549232257056,1.450144627641892,02115.csv,B0034,310,2115,24,1.314584348909226,127
4.183605741258281,3.7016448341550214,3.399111046109847,2.126873333723975,0.48196090710326,-1.7318011089547243,1.9965545360374173,38.79001119015603,57.13778358983724,33.31192822642362,2998.125,0.8328125,4.337429252443286,1.436877390723512,02117.csv,B0034,312,2117,24,1.3166841798543305,128
4.184759199835684,3.7013241405938473,3.395190942431077,2.039511489521072,0.4834350592418364,-1.739970121407176,1.9977482953741315,38.89401391225135,57.23603082155364,33.44943904895846,2990.859,0.8307941666666666,4.342559447417428,1.440685234215444,02119.csv,B0034,314,2119,24,1.3041727649654071,129
4.181703662668309,3.697000618515456,3.3964846031258618,2.0358214749013905,0.4847030441528535,-1.7427011000827153,1.9979873322882928,40.171574663158054,58.39093066235441,33.44031281308572,3024.453,0.8401258333333333,4.413334631412981,1.4585649868588264,02123.csv,B0034,318,2123,24,1.3534450073572306,130
4.184099784769044,3.693786834919276,3.394474869519725,1.973042506261499,0.49031294984976803,-1.7609977485305528,2.000406570789153,41.036063659744045,58.90073826779548,32.52238338433335,3030.765,0.8418791666666666,4.480111371922044,1.4760217043954353,02125.csv,B0034,320,2125,24,1.371294082513786,131
4.183085983606556,3.696151787310516,3.396433031795198,2.0280193684749017,0.4869341962960405,-1.7510064310910844,1.9993714597545402,40.43961489235273,58.27129279916865,32.46181580039119,3020.813,0.8391147222222223,4.434636963466097,1.4631415818601738,02127.csv,B0034,322,2127,24,1.357699321922511,132
4.183090426902681,3.698604493598102,3.391155270712207,1.9435482703621492,0.48448593330457923,-1.7476615383639926,1.9982505141027473,39.651877682602084,58.03064804249352,33.41593387956539,2998.156,0.8328211111111111,4.369803700077973,1.44959495915573,02129.csv,B0034,324,2129,24,1.3286903090919502,133
4.184001846460157,3.701548731599884,3.395487164367482,2.0636905936063763,0.4824531148602733,-1.737132841849628,1.9975439648500637,39.179107326892364,57.376456720947886,33.3043474401326,2986.766,0.8296572222222223,4.327712364154028,1.4358252756606709,02131.csv,B0034,326,2131,24,1.3143943268181724,134
4.172932987709618,3.689974457912647,3.3795305779550775,1.9437968709766944,0.4829585297969712,-1.7833514969895126,2.002610180685131,40.11810121003218,58.48728985101988,33.80665020146913,3032.328,0.8423133333333334,4.521647258830555,1.4987264549962096,02135.csv,B0034,330,2135,24,1.3866783030110723,135
4.181768359109135,3.691048514594982,3.392303218262864,2.071041778175654,0.4907198445141532,-1.7701661084313474,2.0014381425125727,40.80596825835928,58.63748276638773,32.86861859563163,3047.703,0.8465841666666667,4.533951327234174,1.4933171144929087,02139.csv,B0034,334,2139,24,1.3868330458429208,136
4.182301042571854,3.6963590869893626,3.4001334063326003,2.185338383273266,0.48594195558249176,-1.7401783923806775,1.9977494476062896,39.68459882372221,57.63608525053667,32.58518809334865,3034.968,0.8430466666666666,4.430076645220512,1.46129536797049,02141.csv,B0034,336,2141,24,1.3548037379291014,137
4.178121720093713,3.69722539584919,3.393642423268678,2.0310061849780774,0.4808963242445228,-1.7373219803903293,1.9974265048500963,39.35391690299883,57.60594379182819,33.197649579185196,3011.7339999999967,0.8365927777777769,4.367054655464034,1.448029231620766,02143.csv,B0034,338,2143,24,1.3255787669951669,138
4.181856458554027,3.7007900412832697,3.4010015677885193,2.190661126627099,0.4810664172707577,-1.726421739308256,1.9958899349807593,38.774974385595264,56.80159282025973,32.65503222573717,3002.922,0.834145,4.336097379980405,1.435713469717343,02145.csv,B0034,340,2145,24,1.3119728676377551,139
4.183597024644063,3.702764555021945,3.400303147037451,2.142279706628003,0.48083246962211756,-1.7241986137944987,1.9953619201250687,38.265844006523615,56.21047251769452,32.1818428600179,2986.718,0.8296438888888888,4.314449081181615,1.4308079115308752,02147.csv,B0034,342,2147,24,1.3064487948795198,140
4.18042035109737,3.697725013654597,3.4014259376568985,2.160163197204225,0.4826953374427725,-1.7352631240732406,1.9971097699235087,39.684480872315234,57.153953136576106,31.512234976918435,3006.203,0.8350563888888889,4.395290134321347,1.4502548623049711,02151.csv,B0034,346,2151,24,1.3418431880549024,141
4.184641086874572,3.6948636858240262,3.3937688197583187,1.955449063066795,0.48977740105054535,-1.7542912065406973,1.9992007363116018,40.52184920089412,58.22840707938393,31.893597129657135,3011.609,0.8365580555555555,4.449278742203091,1.468967130828706,02153.csv,B0034,348,2153,24,1.3609210170759327,142
4.184095138168309,3.7005901751606296,3.40281516420186,2.186393196562525,0.4835049630076793,-1.7326282784227318,1.9967947132906123,39.34384441360489,56.896536733279625,31.42325567566942,2985.953,0.8294313888888889,4.356887408069521,1.4387157952110292,02155.csv,B0034,350,2155,24,1.329960367739497,143
4.183061789610872,3.70342079278689,3.402086089777065,2.1725626411969494,0.4796409968239823,-1.7211553304454028,1.99496786530993,38.612144786286876,56.43024249534344,31.908558011292723,2976.312999999994,0.8267536111111095,4.298704906534779,1.4243143322566232,02157.csv,B0034,352,2157,24,1.299069387625936,144
4.182343885917443,3.702876598031195,3.3974407926386454,2.107521375414201,0.4794672878862478,-1.7293251908726686,1.9963504200118103,38.61589548680076,56.60428484008346,32.46579273141612,2964.75,0.8235416666666666,4.288012871750398,1.4236660229926912,02159.csv,B0034,354,2159,24,1.2984544371955695,145
4.181677931125044,3.699257813248748,3.3900153291758635,1.9724956503793716,0.48242011787629613,-1.748688834226016,1.9984392252111405,39.405725006770766,57.47493245382511,32.903759532189326,2969.953,0.8249869444444444,4.343095381980073,1.442674160198453,02163.csv,B0034,358,2163,24,1.317648609161009,146
4.184377456853175,3.698353423378639,3.4000590460263824,2.15288424756184,0.4860240334745365,-1.7409400126466616,1.9981528211272066,39.93466601122023,57.43585109945852,31.671534586532644,2988.453,0.8301258333333333,4.378045268204473,1.4450873431935594,02165.csv,B0034,360,2165,24,1.3360648564106594,147
4.18186449908591,3.694554330659963,3.3987353103697178,2.175170885643991,0.4873101684259473,-1.7514562329904435,1.9995488509930766,41.55493252456659,59.12207312090748,32.45078256311949,3001.235,0.833676388888889,4.421892663267126,1.4553964748881763,02167.csv,B0034,362,2167,24,1.3635797361860138,148
4.180540072451056,3.69765204235822,3.3928187346829195,2.0442124222047857,0.4828880300928362,-1.7489863545731503,1.99918718698671,40.30936955838523,58.23289082409849,32.71937391393305,2976.234,0.8267316666666666,4.35455057200153,1.4421033850661351,02169.csv,B0034,364,2169,24,1.3333112541544827,149
4.179766813903975,3.700205992644465,3.3901374196096965,2.030057772957424,0.4795608212595104,-1.7463412570660508,1.9988822720529231,39.63376472877464,57.69877961341635,33.185647030276236,2950.39,0.8195527777777778,4.293644648806051,1.427136224542921,02171.csv,B0034,366,2171,24,1.3023273463118925,150
4.180263086800403,3.70061038619309,3.3844914074498393,1.960005305735824,0.47965270060731324,-1.7543675539321288,1.9994125492280501,39.39726410153058,57.777112656377554,33.78601449475681,2941.719,0.8171441666666667,4.288221849507129,1.4297741155112853,02175.csv,B0034,370,2175,24,1.2888728444455877,151
4.180694045918213,3.702893383771305,3.3921220546792745,2.097517979952191,0.4778006621469082,-1.7346999432389851,1.9972771292777656,39.0556543100656,57.23966158430743,33.41618639981317,2946.969,0.8186025,4.250995192959542,1.415283808109485,02177.csv,B0034,372,2177,24,1.2902746194203034,152
4.181975326462034,3.70238372205598,3.389816955641987,2.063176636612858,0.47959160440605375,-1.7433417157972704,1.9985360933239047,39.19214857830457,57.39229514777536,33.49738322894176,2936.171,0.8156030555555555,4.257149263743414,1.4178101289314236,02179.csv,B0034,374,2179,24,1.292407565676824,153
4.1832960690677,3.702079654209764,3.3881964986011384,2.050195394002453,0.4812164148579363,-1.7522140323058732,1.999821580766699,39.3246784315448,57.49397345620112,33.49178035236915,2927.281,0.813133611111111,4.267765549753761,1.420933823233801,02181.csv,B0034,376,2181,24,1.295409150510234,154
4.182149140275156,3.7038673402793023,3.392372693620385,2.142448068324373,0.4782817999958535,-1.7406561651353165,1.9982490705081142,39.020958953665634,57.117778050999135,33.285280073491926,2924.422,0.8123394444444445,4.2362341690290855,1.4100471489953372,02183.csv,B0034,378,2183,24,1.283229881592695,155
4.166461260721402,3.6707325765269,3.3581270184036267,2.132265781269793,0.49572868419450167,-1.8482512574133536,2.010099264838128,41.16886509114223,59.0081622348613,33.54823202489118,3023.859,0.8399608333333333,4.691352609049758,1.5499389288953929,02187.csv,B0034,382,2187,24,1.4557454024367815,156
4.183046790056729,3.675043188729087,3.3640532409111272,1.984934774787036,0.5080036013276423,-1.8493953640798928,2.009954396276788,41.53076127734769,59.53806687629183,33.1201899901605,3056.172,0.8489366666666667,4.746985499445585,1.5645820900983525,02191.csv,B0034,386,2191,24,1.454676342673242,157
4.180462670872903,3.684978659107436,3.38037517618057,2.1394084619831197,0.4954840117654675,-1.799535657719212,2.0055655464557773,40.35674808373947,58.40787633507069,33.04631826085631,3045.078,0.845855,4.596414260295339,1.5172490467405508,02193.csv,B0034,388,2193,24,1.423427718198495,158
4.182665046607197,3.6880865111889776,3.379746726032651,2.04587233974925,0.4945785354182197,-1.7883422605091341,2.0044123039131345,39.90529016402678,58.34388806897325,33.687286969789255,3034.25,0.8428472222222222,4.53420663505741,1.5027149020251322,02195.csv,B0034,390,2195,24,1.392551210363313,159
4.183508397164232,3.690256233123313,3.383744830197482,2.0970875648564333,0.4932521640409191,-1.7775400800465013,2.0029844258657565,39.6263343523975,58.00881689774913,33.63763092361734,3022.609,0.8396136111111111,4.486007136116567,1.487464557664555,02197.csv,B0034,392,2197,24,1.3765732493746907,160
4.1842627466652536,3.689445415953932,3.382914022586479,2.0432611124631137,0.4948173307113217,-1.7773805764791353,2.003206774046206,40.251117050644716,58.52325787492752,33.76381856546004,3028.828,0.8413411111111111,4.500354760354375,1.4914793400692206,02199.csv,B0034,394,2199,24,1.3810190828982352,161
4.183179545311975,3.686506931343269,3.378266732241365,1.961939116178396,0.4966726139687063,-1.7969239114736186,2.004464989774977,41.28365494023095,59.50837827191451,33.50082440693555,3037.875,0.8438541666666667,4.56976430352936,1.5117129117298322,02203.csv,B0034,398,2203,24,1.4007568321672863,162
4.186122527731293,3.6909207833875306,3.386601516930242,2.0966495970812926,0.49520174434376196,-1.7752050021088217,2.002875754451782,40.27720417425089,58.58184665309335,33.191978091938374,3023.187,0.8397741666666666,4.491048032922344,1.486335117675351,02205.csv,B0034,400,2205,24,1.374645303479972,163
4.187372242173173,3.694915948151172,3.3873478555743035,2.126944667717326,0.49245629402200075,-1.763847205060641,2.0013456166440244,39.458737885900284,57.97580640887124,33.83570648816756,2996.922,0.8324783333333333,4.403754278204658,1.4628563961829233,02207.csv,B0034,402,2207,24,1.3345924114397838,164
4.194441292072135,3.69593219338038,3.3839254722198504,2.0654092965524384,0.49850909869175464,-1.7725760652080311,2.0025301237214044,39.29135666075848,58.05700140061033,34.42023182444933,2986.469,0.8295747222222223,4.4005314749808235,1.4643906499029256,02209.csv,B0034,404,2209,24,1.336396621564738,165
4.178978876708447,3.6964707185517938,3.389334235413473,2.148229610932935,0.48250815815665327,-1.7406273194455324,1.9982769423794124,39.19247737595363,57.78193242469556,34.09038693272258,2979.219,0.8275608333333333,4.312251819722209,1.4358107774226039,02211.csv,B0034,406,2211,24,1.3069152971756248,166
4.180760079138194,3.6945308850151712,3.3898762516669514,2.1586251956084066,0.4862291941230228,-1.7523330419103598,2.0000215265628105,39.892115077092285,58.20713739139197,33.673529724401234,2995.047,0.8319575,4.379087385664845,1.453341923032877,02215.csv,B0034,410,2215,24,1.341539456674081,167
4.1815749331430805,3.692861320585676,3.387534636174606,2.095346963555327,0.48871361255740453,-1.7613727505178338,2.001184051878282,40.35117578100876,58.613406449206195,33.589311605196286,2989.828,0.8305077777777777,4.39895344774237,1.4589579793639151,02217.csv,B0034,412,2217,24,1.346388970161922,168
4.182056202732491,3.693524093899879,3.3867620663269333,2.0626265502864713,0.48853210883261156,-1.7612926148605925,2.0010841435299334,40.23284401135697,58.64476637032693,33.44094509485133,2989.391,0.8303863888888889,4.390681438916895,1.4571878080027116,02219.csv,B0034,414,2219,24,1.344989807277774,169
4.1854264107973345,3.696684284285937,3.3856540718379167,2.076505393409293,0.4887421265113976,-1.7587841210720874,2.0007666896328122,39.47675997912519,58.05107392892897,33.96027337416159,2967.2810000000027,0.824244722222223,4.340343622243617,1.4451720341057572,02221.csv,B0034,416,2221,24,1.3158760805047784,170
4.185142368568812,3.69666705550128,3.380989577809656,1.9787021969242389,0.48847531306753167,-1.7582529402290834,2.00042859403924,39.32483875925542,58.291445432401005,34.60471719324573,2962.609,0.8229469444444444,4.32029375542433,1.4430818344980891,02223.csv,B0034,418,2223,24,1.2972766889740088,171
4.178872649323495,3.697650382425411,3.381603206447632,2.0077745341235347,0.48122226689808345,-1.7466107935226565,1.9990739793850707,39.06556270503843,58.02893221948005,34.66854116450111,2957.016,0.8213933333333333,4.278493986237225,1.4314773125258786,02227.csv,B0034,422,2227,24,1.2851255211005648,172
4.179834719405946,3.69364586995244,3.3826507314858842,1.984631695912844,0.48618884945350604,-1.758399711843396,2.000429576943233,40.25366972386004,58.80693345869639,34.08504340694225,2973.281,0.8259113888888888,4.352052542546724,1.448610287359802,02229.csv,B0034,424,2229,24,1.3190209156530253,173
4.185045158748098,3.6940446962011206,3.3872757037197703,2.120505374633019,0.49100046254697727,-1.76779626471083,2.002024203212701,40.60644361981523,58.770145898372334,33.43540841416724,2968.016,0.8244488888888889,4.386209158593195,1.4540188320808631,02231.csv,B0034,426,2231,24,1.3410097849290994,174
4.179746730828125,3.6951745708779544,3.3863391572789534,2.082697161198142,0.48457215995017044,-1.7560445058115577,2.000561868214461,40.11087407785343,58.49257429310864,33.50594001458225,2959.281,0.8220225,4.330084962863146,1.4395279327289463,02233.csv,B0034,428,2233,24,1.326126983882746,175
4.185599509953072,3.6973008326044168,3.3808981042387045,1.9993127386412168,0.48829867734865484,-1.7648997839310983,2.0016440820584323,39.61213844688629,58.33204656703581,34.25748921722405,2942.797000000006,0.8174436111111127,4.313056489246966,1.4393429579146169,02235.csv,B0034,430,2235,24,1.3091442679990724,176
4.169799130983922,3.688622024079579,3.3749959210790252,2.0166716234512476,0.4811771069043429,-1.7884175858149567,2.004269571680101,40.95422192099372,59.3603280691461,33.810396753187476,2978.89,0.8274694444444444,4.444591342433238,1.4766245558745805,02239.csv,B0034,434,2239,24,1.363001289617145,177
4.180121774157645,3.69636780992595,3.385047602248052,2.1864172793825265,0.4837539642316955,-1.7651175661948963,2.0015271198618994,39.368332915328914,57.712318998766975,33.798762405112626,2948.891,0.819136388888889,4.335566684752441,1.4426297356289859,02243.csv,B0034,438,2243,24,1.329285701687194,178
4.179716866697393,3.697628176371499,3.3857894711790375,2.1668802335410113,0.48208869032589385,-1.7533361843271522,2.000184304179068,39.15337098937444,57.633102922228126,33.982388687233254,2938.547,0.8162630555555556,4.2839367409732825,1.4278665687726915,02245.csv,B0034,440,2245,24,1.2969085930621855,179
4.1811581938647935,3.697420284640863,3.380809465968222,2.073777619248528,0.48373790922393045,-1.7623544327636462,2.0014051320753774,39.243985033148604,57.87686984231968,34.3242827058625,2925.484,0.8126344444444444,4.280291506856405,1.429645537324809,02247.csv,B0034,442,2247,24,1.2986285924941396,180
4.179417995861986,3.699217977834176,3.385818012946154,2.1762844479074928,0.48020001802780987,-1.7501681024171156,1.9997545306354334,39.03574242025546,57.47417762924851,33.960616534356106,2917.297,0.8103602777777777,4.241359430305303,1.4153426814521728,02249.csv,B0034,444,2249,24,1.2840657611821942,181
4.192681708507562,3.6995476729754584,3.3852891991053005,2.178495224886361,0.4931340355321039,-1.7716218211716077,2.0026656383558046,39.362600417809674,57.69186868894567,33.979635891075255,2918.938,0.8108161111111112,4.306532901869723,1.4335778200426739,02251.csv,B0034,446,2251,24,1.3021015914136362,182
4.187389514083172,3.698307690208321,3.375861800258899,2.003802772888259,0.4890818238748511,-1.7808467524862919,2.003363118290785,39.45158799429391,58.235126532756595,34.73303035761179,2918.25,0.810625,4.308835433389334,1.44068969076462,02255.csv,B0034,450,2255,24,1.3089076351731337,183
4.179967885403278,3.69840361210267,3.3766457982542852,1.978757159009704,0.481564273300608,-1.7593469071219419,2.0004253693560545,39.280231448753895,58.159040648414255,34.67004809234135,2915.4839999999967,0.8098566666666658,4.242132066519436,1.4213272150881742,02257.csv,B0034,452,2257,24,1.2722519696513912,184
4.180528142405268,3.700622026091112,3.383954937211064,2.137223761530643,0.4799061163141558,-1.7475031987682161,1.999429629125795,39.093994194844335,57.66508009332591,34.20806969540533,2906.015,0.8072263888888889,4.2116089526955065,1.4082109632542708,02259.csv,B0034,454,2259,24,1.276011534360331,185
4.179001965339458,3.699633575688915,3.378072965642498,2.026812719380422,0.4793683896505425,-1.7569231795305054,2.0007928710691854,39.19231540051725,57.950977227160536,34.559356066643105,2894.14,0.8039277777777778,4.208650089825017,1.41041222543493,02261.csv,B0034,456,2261,24,1.2605053003103004,186
4.18007797929506,3.702172243084008,3.386411304876093,2.1955750105431733,0.4779057362110519,-1.744613516148423,1.9992133771059182,39.05035096355298,57.50629199129354,33.95794379305323,2892.031,0.8033419444444444,4.18667172059747,1.3990291047275507,02263.csv,B0034,458,2263,24,1.2660681251347117,187
4.177670453895943,3.7022784709091416,3.3853753800263027,2.198015566541252,0.4753919829868014,-1.7445998152904736,1.9990800273963558,38.99238106302636,57.45114086897508,34.10745073260267,2888.719,0.8024219444444445,4.182063232337643,1.398643662602337,02267.csv,B0034,462,2267,24,1.265829016865281,188
4.180261202227871,3.7024440081681576,3.3831949117830207,2.1741564738787473,0.4778171940597131,-1.7538809660262522,2.0003190195994285,39.013996139611024,57.51486337636169,34.22195987929822,2875.641,0.7987891666666667,4.179511985145883,1.3982169392719632,02269.csv,B0034,464,2269,24,1.2655873898206993,189
4.18393830549056,3.7000192207379534,3.3703776888462564,1.959703796663527,0.4839190847526069,-1.7847975615409866,2.003758697490923,39.39352264576831,58.24937682662199,34.9110831055033,2860.7810000000027,0.7946613888888896,4.219924642091867,1.4162382338661323,02271.csv,B0034,466,2271,24,1.2663598323027554,190
4.193094086276328,3.701455092473973,3.37385872825505,2.0588486889378887,0.49163899380235465,-1.7952150007705359,2.005471240922586,39.40321172109691,57.97580626211991,34.692792876258586,2852.844,0.7924566666666667,4.242705752977032,1.4199535332746256,02273.csv,B0034,468,2273,24,1.2868479432728903,191
4.184570393579243,3.702376220607653,3.3788676910292508,2.147269943612274,0.48219417297158973,-1.7732811378527673,2.0029411465550484,39.209002406361016,57.6936935982226,34.36215682629453,2854.64,0.7929555555555555,4.192933131893785,1.4032838787530553,02275.csv,B0034,470,2275,24,1.270026164613209,192
4.179142866728917,3.6929233723951698,3.3775187954558987,2.046243465893371,0.486219494333747,-1.7981891817251408,2.005705087443661,41.7029996329405,59.714275603056464,33.20252047449081,2897.844,0.8049566666666667,4.354674361064313,1.4453101417800602,02279.csv,B0034,474,2279,24,1.34598253292492,193
4.183823497630528,3.6938063485561257,3.3764102425962137,2.0152140329169153,0.4900171490744025,-1.7979821246857843,2.0057907295525954,41.54042703429465,59.59622829096066,33.47433620814107,2896.063,0.8044619444444445,4.347848934463158,1.444787608698115,02281.csv,B0034,476,2281,24,1.3286875315413778,194
4.183327325241743,3.6968747631886223,3.374457339617825,2.0220579671885415,0.4864525620531208,-1.795586068723611,2.005611167720046,40.70765268927143,58.94389183765572,33.868064279347124,2866.234,0.7961761111111111,4.282024627789334,1.4281730450061934,02283.csv,B0034,478,2283,24,1.31203071983408,195
4.193111305781164,3.699107825443504,3.369493571122545,1.9943823501630709,0.49400348033766006,-1.815444212082474,2.0073414371755094,40.21142863220933,58.684673836382025,34.586344272935555,2836.609,0.7879469444444445,4.275200468732065,1.429312902828844,02285.csv,B0034,480,2285,24,1.295125492961198,196
4.182734512107648,3.699089681094616,3.3671763894263442,1.961659201159055,0.4836448310130317,-1.8021484216322963,2.0058895481778887,40.0046687891377,58.63989407541342,34.70327884527943,2829.516,0.7859766666666667,4.217062373257011,1.4141407395341752,02287.csv,B0034,482,2287,24,1.2802601605963335,197
4.053116638334503,2.1981645845929387,2.883239659655731,2.1981645845929387,1.854952053741564,-3.952127452371893,0.5555387706574638,38.8265055747093,51.69377810006099,26.647949221401493,982.938,0.2730383333333333,3.1012193399700205,1.0840801087171676,02291.csv,B0038,0,2291,24,0.8980573709676724,1
4.185045742756273,3.739176144590141,3.171331675099785,2.173538006790758,0.44586959816613225,-2.99722690705762,1.763153005343104,40.49651673815248,51.136880141242045,24.94038695044267,1489.953,0.41387583333333333,3.6880313056369785,1.2391453044636425,02295.csv,B0038,4,2295,24,1.1026236331914077,2
4.18694152805074,3.74565835268959,3.1803732612872655,2.191128315273502,0.4412831753611499,-2.957884019744667,1.7847327131649924,40.3082686076966,51.3517572303697,26.124055729982697,1479.703,0.4110286111111111,3.6161268970264553,1.2146456325181947,02297.csv,B0038,6,2297,24,1.0885801879473431,3
4.187310082648276,3.754866896209215,3.2014600077361552,2.174928379064222,0.43244318643906077,-2.890891500138237,1.8186318442967142,39.93347404849829,49.541551118224994,23.901438343269522,1468.172,0.40782555555555555,3.5144260798278486,1.1768420562513668,02299.csv,B0038,8,2299,24,1.0613249847591086,4
4.185977695675653,3.7569330382120274,3.201114659808254,2.1623047751632316,0.42904465746362597,-2.875691989787786,1.8260004298249077,39.949996492029705,49.94400434434952,24.19165511549802,1457.0,0.4047222222222222,3.464734477560266,1.1623020296930546,02301.csv,B0038,10,2301,24,1.0347062057983545,5
4.187105297284753,3.757563391717666,3.1928056969575156,2.1523889970129018,0.42954190556708705,-2.899456239004,1.8153665219019093,40.03056196708513,50.47284162905345,24.531106509544724,1437.047,0.39917972222222226,3.440024252098172,1.1563670400689248,02303.csv,B0038,12,2303,24,1.0269978594353013,6
4.1801269499252065,3.691515898182489,3.0561380160526412,2.1947161370182617,0.48861105174271735,-3.65723892716497,1.1703474902694635,39.44913263410249,49.83589725328242,24.252419926828694,1170.531,0.3251475,3.569791639076206,1.196865189405466,02307.csv,B0038,16,2307,24,1.078501971098942,7
4.183287084495845,3.749368155853596,3.1814505445090466,2.1463956973341785,0.4339189286422491,-2.96745150299114,1.7802468524990138,40.058567746287395,50.058224679961086,24.538457214778898,1436.141,0.39892805555555555,3.5259608476731,1.183338308045529,02311.csv,B0038,20,2311,24,1.0638897478802845,8
4.186120317256443,3.7557277312589634,3.192741049083457,2.1983669967426582,0.43039258599747976,-2.9319888511060146,1.7987300203627612,39.916070861462195,49.70254627455938,24.11007536964456,1420.172,0.39449222222222224,3.448938899189976,1.1558101941954875,02313.csv,B0038,22,2313,24,1.0366551223324425,9
4.185843165124554,3.752340735576699,3.167665290347624,2.1858064268526136,0.43350242954785534,-2.994495446145827,1.7657670551808573,40.27645391572808,51.354295522888854,25.440599907765964,1397.0,0.38805555555555554,3.4465582676579527,1.1617019874834198,02315.csv,B0038,24,2315,24,1.030941327482094,10
4.18577643150753,3.75572124705977,3.1781927267469925,2.151862863027953,0.43005518444776003,-2.9580193436340854,1.7853447679375918,40.17546694300759,50.44246795838984,24.598691982771005,1393.25,0.3870138888888889,3.4031485522727847,1.1455918943086019,02317.csv,B0038,26,2317,24,1.0140084541034655,11
4.186351056855524,3.7526282593770146,3.1613474600189155,2.164578187429903,0.4337227974785094,-3.001260117107958,1.7618279238863486,40.41336717515726,51.33205933952721,25.06778596395378,1380.938,0.3835938888888889,3.4099650021686987,1.1521572344050093,02319.csv,B0038,28,2319,24,1.008516095994519,12
4.177730241404494,2.544146072894049,3.608926624109929,2.180206803089782,1.633584168510445,-1.0022813853258807,0.06892275998807161,44.29688064198706,49.52801806570102,20.44823149740035,6375.828,1.7710633333333334,6.413867559599745,1.7779269863588745,02323.csv,B0038,32,2323,44,1.7419245088095905,13
4.186047952234058,2.7548065144309724,3.6118191487524745,2.1921466685430167,1.4312414378030858,-0.985523491989515,0.14554206938403905,47.195451017988766,49.28701938671706,3.8387493175099934,6574.671,1.8262975000000001,6.53285748436349,1.8012936860266369,02327.csv,B0038,36,2327,44,1.779741859708433,14
4.1888697784856515,2.7430478523430897,3.614149636005495,2.16658130125341,1.4458219261425618,-0.9870171236405828,0.14075809892083127,47.146072926598166,49.17905905171433,3.7666192529261195,6571.156000000003,1.8253211111111118,6.542236544524248,1.8032755550891248,02329.csv,B0038,38,2329,44,1.7815666306452766,15
4.189402399305119,2.729451305200942,3.6144683724527336,2.1366453580856253,1.4599510941041771,-0.9884125593394552,0.13568592933924226,47.127641701986995,49.180910484252195,3.810237482018458,6569.11,1.8247527777777777,6.548269370199709,1.8053504448064586,02331.csv,B0038,40,2331,44,1.7834859577156017,16
4.189680909293885,2.7474181899163344,3.6165883435722845,2.1909799678189845,1.4422627193775504,-0.9883512949484963,0.1360629380348572,47.09918641441624,49.05688408240341,3.7220008690144937,6558.75,1.821875,6.54159431107518,1.8025367761282625,02333.csv,B0038,42,2333,44,1.7864411650415677,17
4.190888869705268,2.740592156077783,3.6160610851845387,2.166402675362294,1.450296713627485,-0.9884509077751611,0.13642571539881088,47.133209565495285,49.13032050804125,3.7636321741351537,6567.516,1.8243099999999999,6.550372459114254,1.8051658917567073,02335.csv,B0038,44,2335,44,1.7859997608067948,18
4.181002283827033,2.145739105715045,3.6257089708628913,2.145739105715045,2.0352631781119883,-1.003966417823918,0.056840693623248006,47.15436113022586,49.23198595690627,3.8828322992586664,6430.172,1.7861588888888889,6.505269525166645,1.7948422516103506,02339.csv,B0038,48,2339,44,1.7769523773001608,19
4.185716420658905,2.731697945279899,3.613285312724596,2.139096537674337,1.4540184753790064,-0.9879674131883375,0.13720339497202227,47.16342394557887,49.16417337699806,3.7734356440234578,6554.327999999994,1.820646666666665,6.529701206948877,1.800671333951175,02343.csv,B0038,52,2343,44,1.781428917321899,20
4.189305104838886,2.7384326313591996,3.615119723068455,2.1550256706410824,1.4508724734796865,-0.9878892583593684,0.13737058764579832,47.14213994735863,49.04035070342245,3.617855396615532,6560.922,1.8224783333333332,6.539024068301384,1.8023921192880294,02345.csv,B0038,54,2345,44,1.7859452772697195,21
4.18986493402373,2.746400794000612,3.6158365688729885,2.1776344857025127,1.4434641400231185,-0.9878187430421663,0.13769357570092997,47.07812277465954,48.97912041843542,3.639408896713384,6559.047,1.8219575,6.537952261311547,1.8017801478197173,02347.csv,B0038,56,2347,44,1.785208429691551,22
4.18969019099711,2.747630527620357,3.615503145763947,2.1804158381574807,1.442059663376753,-0.9877368963424067,0.13807510191006442,47.07326100880017,48.978872169562095,3.65952768089479,6553.781,1.8204947222222223,6.531677018209841,1.800153584761488,02349.csv,B0038,58,2349,44,1.783596609584544,23
4.188353739927258,2.719823616034473,3.6139392243174577,2.107500672331327,1.4685301238927853,-0.9892953816503839,0.13278379084019798,47.08146790123274,49.04045996790738,3.721452616395389,6540.187,1.816718611111111,6.524024762725712,1.7993656887961462,02351.csv,B0038,60,2351,44,1.7796783152744713,24
4.1880636486598535,2.737609337884886,3.61791112455575,2.1931517470679913,1.4504543107749677,-0.9906537351245918,0.1269470965566838,47.087615537529175,48.958853345028835,3.6400878828397296,6535.922,1.8155338888888888,6.533659658101394,1.8008917125621267,02355.csv,B0038,64,2355,44,1.7841102592788645,25
4.18971330698209,2.7361293707619,3.615792342161085,2.1577326042974923,1.4535839362201899,-0.989093271752985,0.13311955253445096,47.09422579980021,49.017772603097235,3.662877098140754,6544.078,1.8177994444444445,6.529982352969588,1.8001663763564348,02357.csv,B0038,66,2357,44,1.7833032331592191,26
4.188131880621521,2.739028355835794,3.6151540820598718,2.1621899189117855,1.449103524785727,-0.9890153352338132,0.13369002572915806,47.083185115341905,48.99249018111872,3.650790430533263,6531.187,1.8142186111111112,6.515663243904871,1.7964972846603646,02359.csv,B0038,68,2359,44,1.7796186141356956,27
4.188632995029552,2.750527733866728,3.616195897791124,2.199945094089768,1.438105261162824,-0.9888803362572581,0.13400222151989313,47.06402084308688,48.94618497316047,3.6183451217495204,6528.562,1.8134894444444445,6.513896458914072,1.7955623278264308,02361.csv,B0038,70,2361,44,1.7816592334352586,28
4.187315567169326,2.7316508139937423,3.6135506508279374,2.1302151249881103,1.4556647531755833,-0.9888372175373165,0.13429646815237853,47.07142767555465,49.0209427982368,3.705501121351986,6525.187,1.8125519444444445,6.506515506007615,1.7946615751371273,02363.csv,B0038,72,2363,44,1.7775911304124037,29
4.185614061431052,2.7349435129159385,3.615401963428833,2.164304791761506,1.450670548515114,-0.990311695204241,0.12833190597493865,47.094941474493815,49.014180829264426,3.68153095393113,6515.938,1.8099827777777777,6.507817523563908,1.794876279715547,02367.csv,B0038,76,2367,44,1.777701881971679,30
4.187423443092429,2.7268006092680546,3.6125287354843523,2.103101288221301,1.4606228338243747,-0.9886847879265132,0.13469285347173654,47.0995133510692,49.08755174393166,3.7659535266402315,6532.015,1.814448611111111,6.510614087226464,1.7962409528352383,02369.csv,B0038,78,2369,44,1.7789547618270618,31
4.189956556608376,2.7298528786198637,3.6160020417093457,2.1449886066523933,1.4601036779885121,-0.9902725483840611,0.1287556340669794,47.07452189489319,49.000307836809725,3.6749680452043947,6527.922,1.8133116666666667,6.520782896100185,1.798115407730528,02371.csv,B0038,80,2371,44,1.7807753731135043,32
4.188638643848675,2.72109627356931,3.6145930156040587,2.1205293855533207,1.4675423702793648,-0.9902807469221099,0.128995216768698,47.12153419194554,49.05042538685695,3.6853037395463133,6519.328,1.8109244444444446,6.510255365600374,1.795799888507271,02373.csv,B0038,82,2373,44,1.778415319026661,33
4.18985406755735,2.715835595747787,3.616664144234103,2.1339834463152427,1.4740184718095635,-0.9919115001416685,0.12297493415898729,47.15829653400459,49.08198729235301,3.663298180043462,6510.063,1.8083508333333334,6.5133578299842325,1.7963773119374549,02375.csv,B0038,84,2375,44,1.7789773899108463,34
4.187426609935154,2.6974556314530753,3.616763225911199,2.1093887147366805,1.489970978482079,-0.9933993302020114,0.11634346593636109,47.161612217353984,49.132796873113755,3.7250477821956878,6501.718,1.8060327777777778,6.512378929706906,1.7968337379959052,02379.csv,B0038,88,2379,44,1.7792479347236043,35
4.1891099360693005,2.708233762974499,3.6149940792944446,2.098244904990502,1.4808761730948015,-0.9915864068538185,0.12351252365974966,47.155567707969865,49.13552693190528,3.719949043596472,6509.047,1.808068611111111,6.507502182152587,1.795522463759836,02381.csv,B0038,90,2381,44,1.777920457368508,36
4.188882636184117,2.719906646046518,3.6159145027179576,2.1367946107881166,1.4689759901375994,-0.9915566919647096,0.1238402683262109,47.13225621283967,49.04172173314357,3.668687350788275,6502.438,1.8062327777777778,6.50230625271786,1.7937002236297481,02383.csv,B0038,92,2383,44,1.779227040224144,37
4.188719922113697,2.7092879086208295,3.6146610547862235,2.103206542363035,1.4794320134928678,-0.9916693008676862,0.12397587474344095,47.13346886842004,49.09468753497383,3.699622374480967,6502.047,1.8061241666666665,6.500829578678816,1.7938135578892047,02385.csv,B0038,94,2385,44,1.7760634320079352,38
4.187919103685645,2.745362962575004,3.6150827947076762,2.1895312972615004,1.4425561411106411,-0.9899169847459927,0.13096520260558087,47.176385542899524,49.057064718364046,3.659250868168712,6498.86,1.8052388888888888,6.4888196478017,1.7897020928194507,02387.csv,B0038,96,2387,44,1.775103937963957,39
4.182064571336064,2.1594623220347016,3.4389023365216986,2.1594623220347016,2.0226022493013627,-1.998396970742944,0.16931968968156866,50.154407994251926,54.42193934195762,9.087402851570609,3162.047,0.8783463888888889,6.04332787775135,1.7592468458107406,02391.csv,B0038,100,2391,44,1.733064100138742,40
4.186493465177733,2.023065783993831,3.437169559941295,2.023065783993831,2.163427681183902,-1.9984033983725646,0.16937805856057,50.1979427615177,54.61602412701822,9.251069074288601,3173.141,0.8814280555555556,6.062129742995601,1.7654585704547885,02395.csv,B0038,104,2395,44,1.7394892806215223,41
4.189706586585002,2.0028176202456365,3.4370308930893247,2.0028176202456365,2.1868889663393656,-1.99868797664225,0.1697616822479329,50.18895736512512,54.621843575697525,9.222418291697068,3169.844,0.8805122222222223,6.056151605326612,1.7638713172781681,02397.csv,B0038,106,2397,44,1.7378064360392924,42
4.188139594837195,2.061244397117138,3.437230626486004,2.061244397117138,2.126895197720057,-1.9982781324264294,0.170170404601127,50.178407502665095,54.57283441287881,9.220148485712052,3156.563,0.8768230555555556,6.029776724264776,1.7561689647340484,02399.csv,B0038,108,2399,44,1.730028145799833,43
4.189030830558383,2.030738155835073,3.4363115548278413,2.030738155835073,2.1582926747233095,-1.9983559715990522,0.17055484431617166,50.182509844874,54.65884815489962,9.299312293097458,3155.047,0.8764019444444444,6.0254192741505905,1.75545375967907,02401.csv,B0038,110,2401,44,1.7290404566542985,44
4.18896901822918,2.1901431826977382,3.4394075704239655,2.1901431826977382,1.9988258355314419,-1.998333813768599,0.17103678264820057,50.173666427799,54.51993729622157,9.150483133923672,3142.312,0.8728644444444444,6.006317429217882,1.7484004847479955,02403.csv,B0038,112,2403,44,1.7286072907068817,45
4.17467236177005,2.11587711023423,3.0455602167949416,2.11587711023423,2.0587952515358197,-3.967012008013358,0.4995907205261105,58.41948951650429,69.28796559754325,23.90903290132445,1485.047,0.41251305555555556,4.983431968496983,1.6448580255642415,02407.csv,B0038,116,2407,44,1.52573884649634,46
4.186501078488458,2.052769819032336,3.0241360171924403,2.052769819032336,2.1337312594561224,-3.9673854309358183,0.49954736050300996,58.954810986890266,69.86974573152932,24.45764150648258,1489.313,0.4136980555555556,4.962487504019987,1.6497823061569195,02411.csv,B0038,120,2411,44,1.5301475534434217,47
3.6772190710694983,3.48091434671316,3.3726641134399764,1.9848598462488805,0.1963047243563385,-0.4032887109837347,1.20780902927711,29.26541655615828,34.973341925251844,11.264294970588878,1819.406,0.5053905555555556,0.5002361477865859,0.19974870136827388,02413.csv,B0033,0,2413,24,0.0684257224060181,1
4.191105953862248,3.894438574944198,3.7179953044661613,1.9816234331870684,0.29666737891805006,-0.8109495942196224,1.6144484682277598,32.82332257180906,47.876225604831575,22.703202015833632,3260.531,0.9057030555555555,2.1891413757243665,0.7171085126725995,02417.csv,B0033,4,2417,24,0.6895699007862814,2
4.19762922160552,3.7856150559017863,3.5247388250090337,1.287217552704193,0.4120141657037335,-1.3467063374074053,1.8976749985413677,35.79329539654299,53.521374145800095,28.53893612234803,3265.75,0.9071527777777778,3.625664968510539,1.1956726746771817,02419.csv,B0033,6,2419,24,1.1610848192311252,3
4.199816411135521,3.7717892258800743,3.489168398195939,1.92499373482904,0.42802718525544714,-1.4664895935962654,1.9382456635019951,36.38266836733648,53.59969491765948,29.040013768696447,3264.109,0.9066969444444444,3.926207184874662,1.3016827186444002,02421.csv,B0033,8,2421,24,1.2529393053824995,4
4.200502744821276,3.7649006171476658,3.4703882503796533,1.9480187400221975,0.4356021276736102,-1.5284631729967968,1.9549143508950897,36.45901475182768,53.81770081109488,29.47083526785432,3253.531,0.9037586111111111,4.069475011813137,1.3519815512271258,02423.csv,B0033,10,2423,24,1.302918002447558,5
4.200743805234223,3.7587123583317448,3.453967625388434,1.891347070952385,0.44203144690247864,-1.5665630077013475,1.9636849155675082,36.279780573622936,53.57104302015468,29.73798855570476,3242.578,0.900716111111111,4.139898825168494,1.3816712552084114,02425.csv,B0033,12,2425,24,1.3218773211472523,6
4.197576934147749,3.76499805749274,3.4578247593455274,1.1932458808760276,0.43257887665500894,-1.5273103379999617,1.952188411838041,36.16552578493363,54.60856796915766,30.759044129159054,3234.625,0.8985069444444445,4.013561325109366,1.3448931451752488,02429.csv,B0033,16,2429,24,1.2884694418301417,7
4.20050246544483,3.560849362055559,3.209334990541558,1.91705151743623,0.6396531033892714,-2.081391887401403,2.013349071971114,39.93652051985124,54.191463730088664,30.379836596282587,3235.36,0.8987111111111111,5.409963448493387,1.8429491269327072,02431.csv,B0033,18,2431,24,1.713169326386719,8
4.199260915072752,3.6233254829454378,3.2871463464425337,1.9084502918482384,0.5759354321273138,-2.0319336640836947,2.014344342538589,38.25328053802186,52.934331210631875,29.099448489464518,3236.125,0.8989236111111111,5.404495761228731,1.797790817942826,02433.csv,B0033,20,2433,24,1.6560966776720512,9
4.200453230054564,3.651471221971837,3.3197461384202485,1.9529802665635712,0.5489820080827275,-2.007342900413476,2.0146826109204348,37.62899446299115,52.5032036116964,28.713125730222895,3230.25,0.8972916666666667,5.373345388678991,1.7737006134828177,02435.csv,B0033,22,2435,24,1.6197297341990775,10
4.200671023041403,3.662058802753117,3.3333097880411087,1.9889951350881312,0.5386122202882864,-1.9948389441406584,2.0148725769874782,37.32713409422702,52.17652816361563,28.406307448145547,3226.078,0.8961327777777778,5.346838634933544,1.7595038541156007,02437.csv,B0033,24,2437,24,1.604655812282729,11
4.19613941105053,3.660716090719738,3.335992217657965,1.9634548720089504,0.5354233203307923,-1.994851949410258,2.014675968802393,37.40237649452651,52.04937847239831,28.14102494162407,3224.5,0.8956944444444445,5.359427282962535,1.7586731514579577,02441.csv,B0033,28,2441,24,1.6255699769029337,12
4.200736119460894,3.6684969621830743,3.3499333575510475,1.9596564991730565,0.5322391572778193,-1.982103275692543,2.0146314958883127,36.995742754141574,51.73549267436528,27.57644360572445,3222.188,0.8950522222222222,5.345804707485682,1.7466265971213761,02443.csv,B0033,30,2443,24,1.5900967306245992,13
4.199983318886737,3.668983863678264,3.3521005111517557,1.9224375381620544,0.5309994552084731,-1.9816298756157713,2.014375457000428,36.85780455256667,51.66117418178819,27.407427140400024,3216.546000000002,0.8934850000000005,5.341621760497667,1.7428133888653223,02445.csv,B0033,32,2445,24,1.5739402299623984,14
4.198997952942716,3.674631315977068,3.364435103530164,1.9701535031712945,0.5243666369656483,-1.9691328896327156,2.0144026426078363,36.6450177655176,51.20270858784091,26.733707499337967,3211.859,0.8921830555555555,5.321381693537191,1.7296918737203613,02447.csv,B0033,34,2447,24,1.5711303351557309,15
4.200390681379551,3.670072420010663,3.3619403221625435,1.9056198246248632,0.5303182613688877,-1.9747683237565223,2.0143321556711444,37.06472736671567,51.54633126076106,26.97674713388356,3215.859,0.8932941666666666,5.354639155845147,1.7371271573360272,02449.csv,B0033,36,2449,24,1.5897706153457416,16
4.192359884029766,3.664085135642289,3.3654741602580085,1.9194841380159544,0.5282747483874766,-1.9682317715937605,2.0142241123386,37.66051476409482,51.68734548388082,26.031938043352937,3225.125,0.8958680555555556,5.38592964445626,1.7384261103979346,02453.csv,B0033,40,2453,24,1.6257378771074,17
4.2017771251555125,3.658489054389466,3.3663272801721313,1.8976584375642789,0.5432880707660463,-1.9814766540711188,2.014609886203124,38.32310986221148,51.806645557310055,25.455153793010286,3234.343,0.898428611111111,5.457519004489356,1.7535470206757298,02455.csv,B0033,42,2455,24,1.6523506333962537,18
4.201164004146235,3.6736840489376936,3.377217174172977,1.9491950772703672,0.5274799552085412,-1.9615148467447636,2.0144843895425955,37.01126182016034,51.0135246257672,25.688205255622247,3218.25,0.8939583333333333,5.364259589841062,1.7280871494887473,02457.csv,B0033,44,2457,24,1.6143816761595386,19
4.201517882926393,3.67829176330782,3.380792043459977,1.984512151427813,0.5232261196185735,-1.9543536128625176,2.014256437579221,36.45751890099188,50.612625791907234,26.123097661046575,3203.5,0.8898611111111111,5.309369441797841,1.7130586611780683,02459.csv,B0033,46,2459,24,1.58697453394504,20
4.20178668140198,3.6788173399565394,3.379892729676732,1.9563552671465751,0.522969341445441,-1.9543735971035472,2.0139819946593005,36.245832392874156,50.476231965221594,26.28370562495709,3194.39,0.8873305555555555,5.291796225889579,1.7089988302067347,02461.csv,B0033,48,2461,24,1.5818355572787333,21
4.1779630595627175,3.5955983747892377,3.3335163148815434,1.9541530671990093,0.5823646847734798,-2.008024980015611,2.0148059531109657,38.88044910257506,52.80944186421341,26.86561485723612,3225.219,0.8958941666666667,5.552503967675182,1.7830297137248905,02465.csv,B0033,52,2465,24,1.6919769406371152,22
4.196973763278454,3.634572774561236,3.35231211831231,1.9044972660711088,0.5624009887172177,-1.9876053283446151,2.014329279118585,37.68662439550755,52.001298745862094,27.09842846211803,3252.985,0.9036069444444444,5.536702744080493,1.779527914078079,02469.csv,B0033,56,2469,24,1.6879483800354476,23
4.200398891523595,3.6513149000609406,3.359089419531549,1.874834635726596,0.5490839914626546,-1.9736296482799287,2.0141687555503416,37.02885798715912,51.65598739515965,27.56309023470543,3245.25,0.9014583333333334,5.46830436697236,1.762247993741512,02471.csv,B0033,58,2471,24,1.6586223007531458,24
4.199795942277565,3.661855576234011,3.3667293867076395,1.897981208291145,0.5379403660435544,-1.9603089116784294,2.0138194799945666,36.84829116229335,51.50939532095622,27.56755762084614,3235.031,0.8986197222222222,5.419012248242198,1.7467457965271413,02473.csv,B0033,60,2473,24,1.6420179032789863,25
4.199696801054791,3.67038522934228,3.376711639438572,1.991339490634848,0.529311571712511,-1.9466374008279725,2.014209141245925,36.78338270641005,51.25839715822789,27.293687768860316,3228.141,0.8967058333333333,5.378039956771888,1.7312257888075233,02475.csv,B0033,62,2475,24,1.6381810791118745,26
4.199324023385658,3.665234892517982,3.367781888938211,1.8710207024150525,0.5340891308676756,-1.959191352221616,2.013538893021718,37.1454352740502,51.77188968997154,27.604276564304605,3217.875,0.8938541666666666,5.3831502671506595,1.7353883950464197,02477.csv,B0033,64,2477,24,1.6422892507912386,27
4.1965335683630896,3.6660280245971744,3.3728392448665945,1.9449657495126544,0.5305055437659152,-1.9525734623288529,2.014001486353204,37.43950673452506,51.73759469619592,27.07462131153928,3220.219,0.8945052777777778,5.387059954873792,1.732400127873692,02481.csv,B0033,68,2481,24,1.651270876264092,28
4.199483664091208,3.669310338604157,3.374002354868022,1.907571146047148,0.5301733254870507,-1.9519388696631121,2.0137132138854597,37.21232307005263,51.61243426951156,27.108246301303545,3210.234,0.8917316666666667,5.364102167977553,1.7264060846476972,02483.csv,B0033,70,2483,24,1.6326559297917211,29
4.199490682637614,3.6724246882953864,3.372312698394194,1.853794752061886,0.5270659943422276,-1.944321269342409,2.0129920896640963,36.823942592131566,51.546238399221565,27.540838735257886,3210.546,0.8918183333333333,5.328195522992999,1.7198301130183178,02485.csv,B0033,72,2485,24,1.6260888111680731,30
4.199483803778697,3.6798433952200575,3.3827767161652114,1.9738070273097836,0.5196404085586392,-1.9306892906025632,2.0132751159241375,36.46405070511895,51.03143629880169,27.389573939795156,3200.969,0.8891580555555556,5.280848721038938,1.702958063949053,02487.csv,B0033,74,2487,24,1.6079292963823688,31
4.199048343046244,3.6769709687993086,3.375532247108578,1.8729343749213587,0.5220773742469356,-1.9434335891264498,2.0130217325983364,36.76266900330653,51.41437811978397,27.61856043524071,3188.625,0.8857291666666667,5.287225920950616,1.707023963125046,02489.csv,B0033,76,2489,24,1.6125361114907395,32
4.196166399561636,3.6771182482905846,3.3809635204151607,1.973162822681108,0.5190481512710514,-1.9370016811131343,2.013552412352119,37.105629207043215,51.44638168113912,27.171304607793033,3191.735,0.8865930555555556,5.293879912562741,1.7047537743614392,02493.csv,B0033,80,2493,24,1.6218384168987892,33
4.1993056997939515,3.68041989192634,3.3849609857132434,1.9801558945564504,0.5188858078676115,-1.9294565493698395,2.013260591695603,36.92446822577901,51.30248392082844,27.073230931932766,3190.313,0.8861980555555555,5.272485345047535,1.6976987497995246,02495.csv,B0033,82,2495,24,1.6145443029101134,34
4.199342510279409,3.6815764219463616,3.3815674619499325,1.8983018980313588,0.517766088333047,-1.9282533581562027,2.012569358026687,36.60695698382364,51.29496206472584,27.532138794200165,3182.156,0.8839322222222222,5.237643192980464,1.691526573919974,02497.csv,B0033,84,2497,24,1.5953958917107596,35
4.199371542863236,3.6831871651021273,3.3851857877548657,1.9438604398554955,0.516184377761109,-1.9211152251549157,2.012719787837831,36.55039143131212,51.186634675664926,27.489993650988147,3180.156,0.8833766666666667,5.216532190503259,1.6840676249497382,02499.csv,B0033,86,2499,24,1.5877243027113055,36
4.198549470784986,3.684011780621729,3.3864604240259375,1.9632916036547936,0.514537690163257,-1.9205487390114635,2.0128777215080205,36.5823314777477,51.18261676158976,27.43002780603979,3171.953,0.8810980555555555,5.197280803014283,1.6778581722884525,02501.csv,B0033,88,2501,24,1.5811840578305605,37
4.196144356036299,3.6773793062469577,3.38478424054856,1.966790843925578,0.5187650497893417,-1.928157401644312,2.0131272968408664,38.03675863150647,52.16803502599322,26.800178323017796,3192.172,0.8867144444444445,5.280872730724988,1.6971823176686602,02505.csv,B0033,92,2505,24,1.6128422608267754,38
4.19917089882782,3.673647692820989,3.3828892338054883,1.9197120509411163,0.5255232060068309,-1.9349668442210473,2.013176027211779,38.760697217070216,52.74767841756611,26.639999124325737,3194.735,0.8874263888888889,5.3124773918280574,1.7044042226795155,02507.csv,B0033,94,2507,24,1.61998606328022,39
4.199367783528825,3.678081816828041,3.3844125991586744,1.90479520665137,0.5212859667007836,-1.9341884259387427,2.0131623800322656,38.235160610115415,52.437956139686314,26.41974051213623,3178.75,0.8829861111111111,5.273777071962382,1.6947434004350028,02509.csv,B0033,96,2509,24,1.6099381853611876,40
4.199080787350632,3.683906096302265,3.3857968945581733,1.9002006601986492,0.515174691048367,-1.9188525560254726,2.0124704706962775,37.20770413073148,51.81197793605918,27.312886579330687,3165.359,0.8792663888888889,5.1881909030203355,1.6748173989416826,02511.csv,B0033,98,2511,24,1.577097753956516,41
4.199383120313636,3.684933227944666,3.3829095031701564,1.851172103937757,0.5144498923689698,-1.9177244980858124,2.01207487890543,36.9160184906247,51.73653410504897,27.739312674258297,3155.25,0.8764583333333333,5.155919813674333,1.6688569084596636,02513.csv,B0033,100,2513,24,1.5708599066554392,42
4.185971534796032,3.662079269522,3.3669463001908233,1.9532771236637267,0.5238922652740317,-1.955575681668958,2.014120147879106,38.272310782775065,52.54160752520686,27.203915880968086,3173.766,0.8816016666666667,5.3144818759442565,1.7116198778613354,02517.csv,B0033,104,2517,24,1.6261581345348248,43
4.196414270458295,3.6633640731879944,3.3716190861386144,1.8536215036991408,0.5330501972703003,-1.9478198159800646,2.0134560602985414,39.1034201890991,53.32326193954195,26.9699067185661,3199.485,0.8887458333333333,5.352557439345728,1.7198562928361278,02521.csv,B0033,108,2521,24,1.6348129972245726,44
4.199066039146956,3.676422458061145,3.383250579221141,1.8889976705304936,0.522643581085811,-1.9259112286553688,2.0127511714714967,38.33805950325132,52.66626648084271,26.79338090905929,3196.015,0.8877819444444444,5.277413089596133,1.697664995913693,02523.csv,B0033,110,2523,24,1.611705363734261,45
4.297173455080096,3.591696379020959,3.3541040884435995,1.9693514891283213,0.7054770760591373,-2.003289552090588,2.015029958196479,40.78203629126505,55.391416850220025,27.845217600632704,3595.281,0.9986891666666666,6.251869019665643,1.9848864832701825,02525.csv,B0033,112,2525,24,1.8851401699720665,46
4.196415854171641,3.63922910163301,3.363721350351351,1.9935504677327176,0.5571867525386311,-1.979333360750941,2.014855385626045,38.52395699562303,52.73529025292928,26.853103923303298,3198.0,0.8883333333333333,5.437273665909689,1.7457977674343717,02529.csv,B0033,116,2529,24,1.6584957887780232,47
4.198739297167396,3.657056059789032,3.366918878823245,1.9102322543360104,0.5416832373783644,-1.9635759174250933,2.014175504314943,37.84185542205372,52.530629852108135,27.617126870607784,3183.516,0.88431,5.34513224732832,1.724320191291537,02531.csv,B0033,118,2531,24,1.62418934644937,48
4.199112960886663,3.669630742187034,3.376033697850269,1.9518631378335147,0.5294822186996293,-1.9412525646606564,2.0138830155102423,37.464100471383695,52.2186933985822,27.661089912671013,3183.797,0.8843880555555556,5.281102721712279,1.7051672953716597,02533.csv,B0033,120,2533,24,1.604172098856364,49
4.198766401150375,3.665074826201681,3.3722882262741316,1.8963514295309496,0.5336915749486941,-1.9409306611824064,2.0134163668806973,38.110532137074216,52.72731536294026,27.75194796847431,3191.516,0.8865322222222223,5.2947140260528,1.7087767512237015,02535.csv,B0033,122,2535,24,1.6080016740907346,50
4.1991786619721845,3.659413610655113,3.371464716917886,1.8979233738345112,0.5397650513170715,-1.9482858308608435,2.0139045305435284,39.04860411133125,53.20573413452146,26.988084585695102,3189.985,0.8861069444444445,5.32632599934584,1.7135524656399153,02537.csv,B0033,124,2537,24,1.6256752138435595,51
4.196004808919091,3.6653725268334054,3.3745591325939,1.9266531976002357,0.5306322820856857,-1.9406336588697692,2.013745365407759,38.882226863166906,53.164414772235126,26.707749836126688,3189.734,0.8860372222222223,5.298075461437794,1.7059313803770735,02541.csv,B0033,128,2541,24,1.617632765910718,52
4.198791334204262,3.674744379793083,3.3793714907223658,1.939997570224548,0.5240469544111792,-1.9251256018615566,2.012956533210448,38.10273900805949,52.600411784093296,27.296196988360677,3176.016,0.8822266666666667,5.221555302068047,1.6863014202791662,02543.csv,B0033,130,2543,24,1.5973191489094265,53
4.198398162359809,3.677673396753701,3.3812950636091506,1.9585672641473335,0.5207247656061083,-1.9170834321948271,2.012985865288145,37.91537679971282,52.46865748904612,27.40182203716454,3171.36,0.8809333333333333,5.186533312354588,1.6765936929733183,02545.csv,B0033,132,2545,24,1.5875852250170606,54
4.198507575144383,3.679497849260305,3.3821712339158787,1.9572832344435456,0.5190097258840778,-1.9091378265076395,2.012296459369827,37.92480929373238,52.40979732740365,27.486717409119,3170.843,0.8807897222222222,5.159359561845541,1.6696347238491773,02547.csv,B0033,134,2547,24,1.5802530015403684,55
4.198403301379083,3.67766777385441,3.3795623822599756,1.916168037790613,0.5207355275246734,-1.9160969808869277,2.0125409830030327,38.34698157796738,52.834042544635665,27.492571281436124,3164.672,0.8790755555555556,5.170902300308929,1.6722979162990188,02549.csv,B0033,136,2549,24,1.583036530487776,56
4.19476201070069,3.674487561335051,3.37961009118628,1.9463675093023416,0.520274449365639,-1.9162480832673106,2.012744925224623,39.30988108210959,53.601451975349555,27.174333923184545,3177.453,0.8826258333333333,5.202955681812549,1.6787947189723196,02553.csv,B0033,140,2553,24,1.6027138832797037,57
4.1984491513826745,3.678354478789924,3.3842875440340876,1.9780549546482915,0.5200946725927507,-1.9085281127715084,2.0128033157242164,38.964980792259276,53.25152711755672,26.685870862182107,3172.375,0.8812152777777778,5.174605754598019,1.6695501094362897,02555.csv,B0033,142,2555,24,1.5930709154513834,58
4.197908571583099,3.684055460464009,3.3822784871834886,1.905966283713238,0.51385311111909,-1.8916136445674485,2.0110757170430724,37.72135386687406,52.64070518740206,27.855609241052296,3158.406,0.877335,5.0755185068823,1.6486210494028268,02557.csv,B0033,144,2557,24,1.5448888685020246,59
4.198281610724748,3.685538030652792,3.3814602813053565,1.90750106961619,0.5127435800719558,-1.8905533567609432,2.0109144454713883,37.45856152891539,52.51312011499367,28.152158922316264,3141.578,0.8726605555555556,5.036671721993738,1.639245476502306,02559.csv,B0033,146,2559,24,1.5352188565640517,60
4.198167912246757,3.6871115508065606,3.382560441964418,1.9292976600569,0.5110563614401964,-1.8823068188002856,2.010593640629785,37.2659552140469,52.3982280962388,28.27116697163673,3138.187,0.871718611111111,5.000267932844218,1.6294955854945135,02561.csv,B0033,148,2561,24,1.5252677314227332,61
4.195073185486013,3.683124667684506,3.3801788533503028,1.8981581536679577,0.5119485178015069,-1.890547939656295,2.0108892864074828,38.74887799470947,53.455944890050766,28.009265085743642,3157.969,0.8772136111111112,5.069378158886563,1.6467498365632884,02565.csv,B0033,152,2565,24,1.5559492005453626,62
4.198205381659656,3.680151825765432,3.3800922874688264,1.8884361117708075,0.5180535558942236,-1.8980856969312407,2.011293305057216,39.69321386954275,54.15574298880717,27.52898449797524,3159.281,0.8775780555555556,5.113923644948311,1.6560100835139553,02567.csv,B0033,154,2567,24,1.564802943842715,63
4.198304566358676,3.684117587468709,3.382133740383054,1.8935389971250935,0.5141869788899669,-1.8896314109891985,2.010981818926622,38.99544744527789,53.69393683990001,27.286751308324437,3150.375,0.8751041666666667,5.062960875033292,1.642833033685422,02569.csv,B0033,156,2569,24,1.5518620461881203,64
4.198084263883445,3.687668594854964,3.3814913105388644,1.904031637069275,0.5104156690284807,-1.872743521398214,2.0099226373890655,37.746988287643894,52.91956948214362,28.28021731201171,3134.078,0.8705772222222222,4.961682432259556,1.6196458285724302,02571.csv,B0033,158,2571,24,1.5144550545105004,65
4.197903885845773,3.688873347334531,3.3819655060503893,1.9196175823544368,0.5090305385112419,-1.8642972903813007,2.0094460976863178,37.50735630364932,52.77330169161603,28.48677258489316,3129.797,0.8693880555555555,4.926366826369864,1.6106417979129757,02573.csv,B0033,160,2573,24,1.5051936202146428,66
4.181130210987576,3.624020206850946,3.329913840594753,1.852348915398631,0.5571100041366304,-1.959422143897036,2.0136528959640816,38.883555668352116,53.75237854927132,28.826155920135353,3161.89,0.8783027777777778,5.243667528163871,1.7108097184566757,02577.csv,B0033,164,2577,24,1.605823969917045,67
4.195278411672913,3.6387239662328343,3.34671969744035,1.8154710749647816,0.5565544454400784,-1.9438219079215997,2.0129125219984862,39.70651744278487,54.49882525049124,28.25387269335512,3196.859,0.8880163888888889,5.288430517204101,1.7161689214882105,02581.csv,B0033,168,2581,24,1.6249005195877049,68
4.197729147288927,3.667919656332861,3.366597142576843,1.9709912361310515,0.5298094909560658,-1.9207619197190013,2.013408363994082,38.69688917568081,53.48032268666943,27.76539528113633,3171.906,0.881085,5.177423343126514,1.6824682143129066,02583.csv,B0033,170,2583,24,1.589785130036615,69
4.197620289512095,3.676696187562201,3.3665010841717966,1.8937050882323652,0.5209241019498938,-1.9034234318764343,2.0117594884973826,37.93115370815918,53.19212326974819,28.66083765717057,3160.8429999999935,0.8780119444444426,5.085311299823973,1.6621358531227786,02585.csv,B0033,172,2585,24,1.5552386152299904,70
4.197202654978761,3.681131305419905,3.3683893640779714,1.936708367530743,0.5160713495588558,-1.8953087437661214,2.011760292497,37.670702628979534,52.91631108720558,28.777169818819438,3147.141,0.8742058333333333,5.028310858367551,1.6470092413109954,02587.csv,B0033,174,2587,24,1.539756404636803,71
4.197265181641886,3.683892345239847,3.3686183095745217,1.898472277042985,0.5133728364020391,-1.8860721599248624,2.011230839425107,37.48833504505954,52.95164787724483,29.08816123654335,3141.203,0.8725563888888889,4.985822705856931,1.6362927427451148,02589.csv,B0033,176,2589,24,1.5293174002138357,72
4.196099622186929,3.676914382179392,3.3619229093944987,1.8471266740226868,0.5191852400075367,-1.9022031487355253,2.0111886766881235,39.01194436489727,54.15703950174405,28.95994901990895,3151.047,0.8752908333333334,5.05433045060257,1.6546378170994953,02593.csv,B0033,180,2593,24,1.547680553576876,73
4.196552042597536,3.6731081817952687,3.362373596039391,1.8671703949444944,0.5234438608022671,-1.902560854268258,2.0117608859969733,39.95408175672587,54.90254753232506,28.501609738489893,3159.172,0.8775477777777778,5.082508712954723,1.6592021625327538,02595.csv,B0033,182,2595,24,1.5659920939439786,74
4.197202431807518,3.682717239986389,3.368466070250841,1.9378745892006957,0.5144851918211288,-1.8857964938998257,2.0111637090229944,38.629206981182826,53.80008363828377,28.54265063308652,3141.047,0.8725130555555556,4.990128692319021,1.6356394112197097,02597.csv,B0033,184,2597,24,1.5416252851780503,75
4.19689594164954,3.6853977892052785,3.36347185491077,1.8429746742692776,0.5114981524442617,-1.8764237604426466,2.00968331602708,37.93003488357471,53.54505652293522,29.40012402334043,3135.0310000000027,0.8708419444444452,4.9322936205889825,1.6257097007390813,02599.csv,B0033,186,2599,24,1.517590655990168,76
4.196436668221134,3.686856323022529,3.3632359535533882,1.8767034375876257,0.509580345198605,-1.8755057458521922,2.010028902164596,37.62158369702063,53.29577183051126,29.504554006332,3117.984,0.8661066666666667,4.893636412160644,1.6156954619567006,02601.csv,B0033,188,2601,24,1.5075202042593092,77
4.196049728818034,3.686829190711486,3.3583847581016526,1.823408615215652,0.5092205381065478,-1.8746252042601181,2.0094912938922467,37.78621151878811,53.69065218748237,30.154025237788225,3125.328,0.8681466666666666,4.886042615211887,1.6179863465162203,02605.csv,B0033,192,2605,24,1.49549282626034,78
4.196518488404076,3.687593683960091,3.3645795285682984,1.914352330463475,0.5089248044439847,-1.866968412651517,2.0097240147793425,37.780545613375104,53.4617189956508,29.589824799524948,3120.172,0.8667144444444445,4.869884463378947,1.6089047410412336,02607.csv,B0033,194,2607,24,1.4997618811573148,79
4.196230149993989,3.688674667787081,3.3647328172276567,1.9242052922699,0.5075554822069077,-1.8579558703430965,2.0090462604288586,37.48831223397221,53.31089209854774,29.829607272493384,3116.641,0.8657336111111111,4.833830366694517,1.600081379774849,02609.csv,B0033,196,2609,24,1.4906966807803954,80
4.1963909319790265,3.687993228296498,3.360281651978189,1.846946703906843,0.5083977036825287,-1.8652023718774091,2.008936775838879,37.84650784146758,53.6277468644108,29.891666170800033,3110.844,0.8641233333333334,4.840188073423993,1.6035994150643404,02611.csv,B0033,198,2611,24,1.4800999425051866,81
4.1961236676040885,3.689769253067038,3.3661837656093314,1.912127707319289,0.5063544145370504,-1.856568813720333,2.009097277545085,37.50067380952265,53.311289666668536,29.736017131653565,3101.406,0.8615016666666666,4.809868858475515,1.591730309103947,02613.csv,B0033,200,2613,24,1.4676091496100632,82
4.1936766136410535,3.69042588553884,3.369029139242048,1.9981993087869525,0.5032507281022136,-1.8482708540348454,2.0087454320395803,37.46771056598812,53.24781973161767,29.786071210809748,3099.563,0.8609897222222223,4.783921366948527,1.5835714479130123,02617.csv,B0033,204,2617,24,1.4729818491920503,83
4.196012929045855,3.690069126830951,3.3652385724141607,1.9676969517091,0.5059438022149041,-1.847975231148244,2.0085479333230087,37.59818541161091,53.32567282742489,29.81561456740395,3104.64,0.8623999999999999,4.778534658708877,1.5850693675717982,02619.csv,B0033,206,2619,24,1.4742872137206404,84
4.196160612669127,3.6898349768027527,3.3618926452165643,1.8011165493797343,0.5063256358663741,-1.8544013778989676,2.007986302132127,37.701434924362204,53.67135316275077,29.93631456322273,3099.875,0.8610763888888889,4.78709130198798,1.5879456295069518,02621.csv,B0033,208,2621,24,1.4635162808346138,85
4.196047705028354,3.690765452318254,3.363675541904795,1.935722285136851,0.5052822527101002,-1.8463602302715172,2.0082959822553987,37.53461374251148,53.425915759836265,30.021892801335635,3093.25,0.8592361111111111,4.750740696958712,1.5779986440898293,02623.csv,B0033,210,2623,24,1.4527095680488362,86
4.1956276970934345,3.69029465108762,3.3590605059993033,1.8530896744385117,0.5053330460058145,-1.8534144162144512,2.008302543484767,37.84394106488913,53.80241246385534,30.17501153680897,3086.688,0.8574133333333334,4.753235848950282,1.5807195845293722,02625.csv,B0033,212,2625,24,1.4557303847230247,87
4.195876729666962,3.691967438675652,3.3651551542737717,1.9965159983729224,0.5039092909913099,-1.8376882337108682,2.007886415827521,37.62240216799661,53.538703332548565,30.184793334576348,3094.281,0.8595225,4.726052753106839,1.57176697024059,02629.csv,B0033,216,2629,24,1.459740099618568,88
4.1956602220307575,3.6909327969669823,3.3585848303538435,1.817348554391127,0.5047274250637752,-1.8440924557115652,2.0070457442885608,37.85402355267617,53.85443523479271,30.316077850580655,3088.328,0.8578688888888889,4.725951241609396,1.574448176754888,02631.csv,B0033,218,2631,24,1.448711504158192,89
4.1955373937605405,3.6899564516458674,3.35905242705326,1.840119681149193,0.5055809421146731,-1.8441168780731472,2.007511269004867,38.470904652851125,54.31271092311757,30.214372380982812,3095.687,0.8599130555555555,4.742419456188311,1.5779270636972775,02633.csv,B0033,220,2633,24,1.4666759762884336,90
4.195536714662514,3.6892322843321015,3.362682403709533,1.8717606752777656,0.5063044303304123,-1.8444990382739714,2.007682583346092,39.05355467673962,54.717249684368554,29.82800969390562,3102.062,0.8616838888888889,4.76512037331837,1.5806342426660067,02635.csv,B0033,222,2635,24,1.4689502109504418,91
4.1955231496734555,3.688826664285261,3.3650098815184712,1.9004154638642283,0.5066964853881943,-1.8447179134276697,2.0080459049265103,39.44221992740732,55.03279239327084,29.27232401968691,3107.141,0.8630947222222223,4.782655795750611,1.583016380083554,02637.csv,B0033,224,2637,24,1.471116588522042,92
4.195939576756794,3.691154665670452,3.355774785877264,1.795323655635375,0.5047849110863423,-1.842164817595224,2.0068960205429374,38.22999069332894,54.39303449657184,30.553193517826813,3090.719,0.8585330555555556,4.7134470866244085,1.573582341343413,02641.csv,B0033,228,2641,24,1.4473012364654927,93
4.195006589145168,3.692378857042203,3.3539193468726696,1.7802670666869505,0.5026277321029653,-1.8405597937226963,2.0067382638550195,37.758104647901995,54.05963088053671,30.747724618752958,3069.812,0.8527255555555555,4.6678360538473465,1.5618700850370808,02643.csv,B0033,230,2643,24,1.4205315547561643,94
4.200886512488945,3.693942079817392,3.3605316490849235,1.921681538108464,0.5069444326715531,-1.8322958668074303,2.007145500101787,37.428049618035296,53.59788130809244,30.638192081901312,3064.437,0.8512325,4.644663610936613,1.5520594043223446,02645.csv,B0033,232,2645,24,1.4241466094817417,95
4.200958313999685,3.6911505233553608,3.3547493929832592,1.77881535602872,0.5098077906443241,-1.8406157622829122,2.006553747624584,38.5029228575476,54.608136974659445,30.880737779460787,3083.25,0.8564583333333333,4.695556770657681,1.568240617140577,02647.csv,B0033,234,2647,24,1.4412820083364295,96
4.195133561150031,3.691343235546049,3.3635996156389574,1.9534408897799111,0.5037903256039815,-1.8326291343034717,2.0074555319706797,38.83348222581879,54.5574027155619,30.19165243226189,3076.484,0.8545788888888889,4.6832732650329305,1.5582161824817182,02649.csv,B0033,236,2649,24,1.4448965388921615,97
4.193623574075107,3.6906407570690023,3.3569917985687048,1.8222744588584343,0.5029828170061048,-1.8392992395990233,2.00704542193514,39.052180409304285,54.99418815591436,30.177569847813444,3081.297,0.8559158333333333,4.700633886483319,1.5672680196335549,02653.csv,B0033,240,2653,24,1.4540256354795746,98
4.1948883355748166,3.6930000903956097,3.356737655890981,1.8129227899512983,0.5018882451792068,-1.8297056790119524,2.0060010073530257,38.021927947894824,54.16320225337546,30.41125117445534,3065.953,0.8516536111111112,4.635381515475785,1.5507238420682186,02655.csv,B0033,242,2655,24,1.4226030447542912,99
4.194713943990352,3.694329168801657,3.3595402684946825,1.9001242255219513,0.500384775188695,-1.820934982680164,2.00593051820167,37.73309166360951,53.87733726225828,30.58923989151375,3055.828,0.8488411111111112,4.596579805344631,1.5389194748149961,02657.csv,B0033,244,2657,24,1.410196954589097,100
4.200794831783912,3.693957317112615,3.3577795891012125,1.8618268075580215,0.5068375146712971,-1.8285914763057718,2.0062567805287848,37.88253804875795,54.005408924827464,30.713566232916907,3051.468,0.84763,4.611139035349946,1.5433853715677746,02659.csv,B0033,246,2659,24,1.4144881298999457,101
4.201229193181646,3.6913642256481944,3.3555412354678467,1.7571531937270366,0.5098649675334519,-1.837054902454502,2.0062086016256737,39.09683297382756,55.01715436055076,30.591062914024278,3069.0,0.8525,4.671320127724247,1.5595006712935744,02661.csv,B0033,248,2661,24,1.431360032946153,102
4.195456528334941,3.6901234930538673,3.3594857050424136,1.8292747932433169,0.5053330352810739,-1.837816023009627,2.007032033378582,39.853212783951,55.56824997306065,30.075261828533115,3079.235,0.8553430555555556,4.705540525032076,1.5653011682274545,02665.csv,B0033,252,2665,24,1.4515133236517528,103
4.194509310604787,3.691931727836907,3.358051208135682,1.7807877780971682,0.5025775827678802,-1.8280312164109505,2.0056390951777296,39.04623892631281,54.92871435196593,30.015513913470688,3070.344,0.8528733333333334,4.650237320498117,1.5522734908689935,02667.csv,B0033,254,2667,24,1.4230376757726733,104
4.1942429283104055,3.695670134064248,3.3644871236228617,1.93715684685712,0.4985727942461575,-1.8096060815655475,2.00521847423186,37.820538353520355,53.80101502575858,30.10710527821019,3051.4839999999967,0.8476344444444436,4.5656356968719205,1.5267269782052912,02669.csv,B0033,256,2669,24,1.396298696255913,105
4.200848155352064,3.6962092020665978,3.3612447904950984,1.8780478013995328,0.5046389532854665,-1.8091575935883184,2.0047113189253367,37.73310595477053,53.90914216170243,30.68439386082051,3054.812,0.8485588888888889,4.5591828498022196,1.5279798501276924,02671.csv,B0033,258,2671,24,1.3979060730399124,106
4.200565338678372,3.695290652862115,3.35671886762914,1.8094020919691347,0.5052746858162567,-1.8167109753774657,2.004876170013481,38.006666099531806,54.23260277977909,30.852533092027862,3046.532,0.8462588888888889,4.563004274757359,1.5311079850322469,02673.csv,B0033,260,2673,24,1.4011347560096767,107
4.194606941815903,3.6914451077050088,3.359022917654344,1.8197773356081153,0.5031618341108941,-1.8264479842957797,2.0057941778339283,39.784628994566496,55.63045478699343,30.069270831635173,3071.782,0.8532727777777778,4.653802386200892,1.5520152281972126,02677.csv,B0033,264,2677,24,1.436782528945267,108
4.194711355930272,3.6903816418581448,3.3606718289908803,1.836381881007388,0.504329714072127,-1.8267902000568095,2.0060457832283882,40.35944876635067,56.16713312985831,29.855043357366114,3074.532,0.8540366666666667,4.6630993248322685,1.5522373855813136,02679.csv,B0033,266,2679,24,1.4370006879546382,109
4.194653346541879,3.692817256324836,3.358394883350331,1.75385880069876,0.5018360902170436,-1.8243917057977057,2.0052247734267437,39.40096297699252,55.53601912262827,30.171300759170048,3053.656,0.8482377777777778,4.612700377584416,1.5403896454507549,02681.csv,B0033,268,2681,24,1.410355528453481,110
4.193960242158124,3.696583006276534,3.3625185980231946,1.977912246538546,0.49737723588159044,-1.8064502971208865,2.005204144516747,38.23202468655914,54.42859597766174,30.44555860038648,3031.953,0.8422091666666667,4.519757092656061,1.5150383900097477,02683.csv,B0033,270,2683,24,1.382633397996189,111
4.193738828291326,3.696037159027243,3.352730063565273,1.8406238091435183,0.497701669264083,-1.8133450646172389,2.004964225509959,38.186119358463095,54.60293074972065,31.050645899476173,3023.5,0.8398611111111111,4.502429687733927,1.516710735129283,02685.csv,B0033,272,2685,24,1.3699403583067564,112
4.19371473353332,3.69461557786559,3.348905668243179,1.793591568720353,0.49909915566773044,-1.8127387092209186,2.0043694952453803,38.7565059715467,55.29175004355109,31.666165506442997,3042.703,0.8451952777777778,4.522873682798752,1.5258263658167974,02689.csv,B0033,276,2689,24,1.3786129327882322,113
4.468345307156076,3.711902445541256,3.457384162912773,1.880422567759453,0.7564428616148198,-1.5628707519379117,1.9626336533016615,39.21824541685028,57.637403832441095,31.59781173869062,4424.203,1.2289452777777778,5.8927766257847045,1.9064077513175774,02691.csv,B0033,278,2691,24,1.8035959863147193,114
4.192884657368934,3.6929743730579663,3.376673863925851,1.9260869684651196,0.4999102843109675,-1.7979194894124642,2.0040867294212226,39.05310062274121,54.65393012817871,29.223917603995638,3066.766,0.8518794444444444,4.603417777773152,1.525301800428349,02695.csv,B0033,282,2695,24,1.4234424290662009,115
4.194067273871393,3.69475589972292,3.373391130621014,1.9774094380313447,0.4993113741484727,-1.7963463690245949,2.004141332783143,38.41375319607374,54.152949724280695,29.564900075050264,3046.125,0.8461458333333334,4.54634188440164,1.5124873617113133,02697.csv,B0033,284,2697,24,1.3946003892958665,116
4.19368013682872,3.6941271533352737,3.364186626496377,1.8428005555738187,0.4995529834934467,-1.8032850146688266,2.0038662833038754,38.46902673499884,54.53515875704883,30.168247964807872,3033.625,0.8426736111111112,4.528967272493908,1.5134071079626776,02699.csv,B0033,286,2699,24,1.3961613987822286,117
4.200481772749099,3.694638900687209,3.358003989298615,1.7746653306163975,0.5058428720618902,-1.8108049336910572,2.0042805271692985,38.5100324254832,54.77734925210607,30.73336582693297,3028.562,0.8412672222222222,4.526481002493325,1.517301486406399,02701.csv,B0033,288,2701,24,1.384968608315797,118
4.193411625017548,3.695210378260146,3.36155800725267,1.8460476497404992,0.49820124675740196,-1.8013083911049832,2.0036596013347667,38.40063671961678,54.64702813763124,30.518728171550475,3020.984,0.8391622222222223,4.490817992168679,1.504672749553796,02703.csv,B0033,290,2703,24,1.3715114742475478,119
4.190843298670948,3.6965318932238542,3.3646263159375533,1.9599501667839596,0.4943114054470934,-1.7919918693222388,2.003688479820965,38.39044541549165,54.505104228610136,30.49955880936707,3017.391,0.8381641666666667,4.462142319494564,1.4958538482507848,02707.csv,B0033,294,2707,24,1.3616865084879255,120
4.193246621463424,3.69622432207493,3.3608925382067016,1.9111619475065968,0.4970222993884943,-1.7916249952930718,2.0032147002759584,38.413629652125955,54.421332192558104,30.358413064888722,3022.14,0.8394833333333332,4.460413391920049,1.4982949077796512,02709.csv,B0033,296,2709,24,1.3796301360966086,121
4.193431004458486,3.696300046640152,3.3571675251434945,1.7914848144741025,0.4971309578183343,-1.798733884420521,2.003101533109231,38.44024987650422,54.599932749714995,30.60616109012347,3009.016,0.8358377777777778,4.453670423543399,1.4974575787775766,02711.csv,B0033,298,2711,24,1.364231776003204,122
4.200650322742635,3.698214147617165,3.3650892446963074,1.8461845656811997,0.50243617512547,-1.7887872050368798,2.0022123411293973,38.18714693456589,54.621715057959925,30.775217118528104,3014.672,0.8374088888888889,4.451547378130224,1.492312922920944,02713.csv,B0033,300,2713,24,1.3418414512081456,123
4.2006243085499655,3.698384749765636,3.363027417163423,1.8424801617142232,0.5022395587843294,-1.7888403713952685,2.002471948707453,38.18649962226669,54.55731341596549,30.760598384140604,3010.703,0.8363063888888889,4.43585826293681,1.4894013973347053,02715.csv,B0033,302,2715,24,1.355221569579225,124
4.193448740854408,3.697609803889614,3.3583632498611675,1.8293764049246997,0.4958389369647942,-1.7886164084551721,2.002099062098337,38.536213089297746,55.041315475822266,31.095280171384474,3011.75,0.8365972222222222,4.42552214913655,1.490278067163726,02719.csv,B0033,306,2719,24,1.3403860264029774,125
4.200287436644031,3.6975117419497674,3.3574236498195957,1.7818288008009142,0.5027756946942632,-1.7964130441048565,2.002759529991668,38.552272664006516,54.87421915377841,30.881388007543933,3005.734,0.834926111111111,4.439119707502182,1.4934753048186955,02721.csv,B0033,308,2721,24,1.3594078914195438,126
4.192836775725013,3.6985069826531234,3.360766302094452,1.8799745135000576,0.4943297930718895,-1.787019212781781,2.0024264722510705,38.455511167512036,54.605029117345865,30.563705969284722,2993.75,0.8315972222222222,4.400956062878522,1.480567180794717,02723.csv,B0033,310,2723,24,1.3457100861355502,127
4.200298809538312,3.6989298808451623,3.3594711162840047,1.8632410129416257,0.5013689286931498,-1.78684609892111,2.002165014194646,38.45383838785278,54.77196645266215,30.91330413101659,2998.125,0.8328125,4.403357523786676,1.4830372510239085,02725.csv,B0033,312,2725,24,1.3477611420854358,128
4.20027821207153,3.698275622675269,3.352476127724087,1.7604885282268967,0.5020025893962612,-1.7942781727538535,2.0022270521976826,38.59571101696619,55.081324460303485,31.278907049041326,2990.859,0.8307941666666666,4.399095641877471,1.4861025179628393,02727.csv,B0033,314,2727,24,1.335482103134067,129
4.192514367451183,3.696235576527621,3.3599659156305464,1.8980864731881968,0.4962787909235624,-1.7787288593777348,2.001545574623548,39.84838963202564,56.28817834549751,31.269965809113007,3024.453,0.8401258333333333,4.424166002436007,1.489014570886573,02731.csv,B0033,318,2731,24,1.353154941842234,130
4.19294556405614,3.6933978977788144,3.352934086228004,1.765463647928582,0.49954766627732594,-1.7963772790558135,2.002702622792009,40.8588418858713,57.27354368026744,30.703894625062212,3030.765,0.8418791666666666,4.476529429377723,1.5058760811261522,02733.csv,B0033,320,2733,24,1.3709677706044292,131
4.199991227798003,3.6936366493100854,3.343287590707508,1.7789329307031558,0.506354578487918,-1.805219032161489,2.0038180532636085,40.645674557350794,57.229192207488595,31.40458234767935,3020.813,0.8391147222222223,4.45709643159781,1.5090013467273915,02735.csv,B0033,322,2735,24,1.357426672491866,132
4.199721786449104,3.6951351889189463,3.3304566806630636,1.9751406850610136,0.504586597530158,-1.8050690579203057,2.0053114083561736,40.22816795562337,57.19704022437858,32.56844825344814,2998.156,0.8328211111111111,4.3698068514774295,1.4976064848560655,02737.csv,B0033,324,2737,24,1.3443678821106904,133
4.19871242892298,3.6947568292624617,3.3209246656155607,1.7718580087129037,0.5039555996605185,-1.8114911161465173,2.004206636251336,40.06014962782639,57.01987269382395,32.932863651081185,2986.766,0.8296572222222223,4.352057863582218,1.4979600792488956,02739.csv,B0033,326,2739,24,1.33005823859453,134
4.17727346487854,3.690691920205501,3.340032080385694,1.9154948072138345,0.4865815446730388,-1.8025216435721638,2.0046249584378844,40.062941403566036,55.93330356332492,31.171425142977984,3032.328,0.8423133333333334,4.4630797262272655,1.5150415534248791,02743.csv,B0033,330,2743,24,1.4033641858066626,135
4.191445596329994,3.6927611324810585,3.365998712772332,1.9395710043147305,0.4986844638489356,-1.7876356209052575,2.003003611598265,40.262388264621016,56.299084505467846,30.4617047255499,3047.703,0.8465841666666667,4.5117061915929195,1.5082925188193634,02747.csv,B0033,334,2747,24,1.3865570950229378,136
4.19282190457564,3.693010851429681,3.3457011047959266,1.9213252989145688,0.49981105314595853,-1.7957587291291346,2.0038289977470813,39.997401224885536,56.50951504855041,31.301781698823177,3034.968,0.8430466666666666,4.450871182376313,1.5083613351761882,02749.csv,B0033,336,2749,24,1.3704138176872631,137
4.2003206248142115,3.69574712854625,3.346323103330572,1.9978451295419195,0.5045734962679616,-1.7944892722865402,2.004379148392912,39.574089613864224,56.69165778744567,32.21910494600478,3011.7339999999967,0.8365927777777769,4.404460805215586,1.496180347125383,02751.csv,B0033,338,2751,24,1.325319393635713,138
4.2005349328403865,3.77858123258773,3.5025083166259967,1.4425192802033469,0.42195370025265655,-1.3524928232333502,1.8998148272540494,35.98333032061264,55.51714083426434,31.317193250593448,3002.922,0.834145,3.350793599534212,1.1227114840821966,02753.csv,B0033,340,2753,24,0.8439684993200656,139
4.192983578510316,4.013680020801453,3.8878704029237765,1.5585045696383768,0.17930355770886308,-0.4098076101048112,1.2088912533810077,30.119688488829738,45.807200259053744,21.594065690140756,2986.718,0.8296438888888888,0.981000587011341,0.3383899375487036,02755.csv,B0033,342,2755,24,0.298661803715835,140
4.18960689548105,4.064571052096059,3.9545425965879493,1.203791745361808,0.12503584338499074,-0.3263585049640118,1.0865471711831178,30.940513967139797,46.03459549176176,20.354546725247626,3006.203,0.8350563888888889,0.7846316285501892,0.271347428177855,02759.csv,B0033,346,2759,24,0.2344867974702557,141
4.190979344710272,4.076203147892305,3.987610232479158,1.5484910888494308,0.11477619681796725,-0.2716005858874483,0.9979089987607143,31.002948619577534,44.981619190674095,18.631115471434665,3011.609,0.8365580555555555,0.654048752318698,0.22625441375129296,02761.csv,B0033,348,2761,24,0.2025633038072582,142
4.190858292815643,4.0686293153158966,3.9673029925231815,1.9233358352697387,0.1222289774997467,-0.3170614258991049,1.078559500367179,30.353188245577265,44.437719613927904,18.991048232605696,2985.953,0.8294313888888889,0.7592657395359418,0.2619759198610381,02763.csv,B0033,350,2763,24,0.2353199565407024,143
4.190894892157285,4.064603817161488,3.949305726224602,1.477441018016571,0.12629107499579728,-0.33378469731868937,1.0996303013983095,29.92194766382464,46.16094346830902,21.649211134660764,2976.312999999994,0.8267536111111095,0.7787872168505738,0.2745465610044295,02765.csv,B0033,352,2765,24,0.2355042783748287,144
4.19146431605178,3.937094593894867,3.7530265184592335,1.7051348869638063,0.254369722156913,-0.6350119541631206,1.4632726463070875,32.39035931572692,51.875290776017344,27.721902106667688,2964.75,0.8235416666666666,1.4814219539167106,0.5199235818304593,02767.csv,B0033,354,2767,24,0.4304242256752923,145
4.1890145295921934,3.930750719208295,3.7437278161410794,0.9861339962587278,0.25826381038389856,-0.647927020958107,1.4720509064115601,32.954165794905116,51.767777887259,27.13712119006032,2969.953,0.8249869444444444,1.5320038706566423,0.5320506217246367,02771.csv,B0033,358,2771,24,0.4643633320269643,146
4.191809961918757,3.960081085572656,3.8025429033127534,1.3263821081867295,0.2317288763461014,-0.5493227175747412,1.3742521789616593,32.988995755051256,51.02675215928651,25.285674946703857,2988.453,0.8301258333333333,1.3122480442639866,0.45367807360030465,02773.csv,B0033,360,2773,24,0.3994839380247729,147
4.1904720737187295,3.6674425489435496,3.2312787223699537,1.8345225826317897,0.5230295247751799,-1.925947099684237,2.0132768139860193,45.33521672468352,61.13715999731606,34.44623001411131,3001.235,0.833676388888889,4.502559314170228,1.6016223033699486,02775.csv,B0033,362,2775,24,1.461469789426299,148
4.197955168406999,3.6899840360041223,3.337618232944289,1.9860807469381487,0.5079711324028766,-1.8473131233384892,2.0097674344372707,40.620147730266055,56.348749401178914,30.83950477832266,2976.234,0.8267316666666666,4.503773056827968,1.5240095916002068,02777.csv,B0033,364,2777,24,1.4150999545382532,149
4.199581881706975,3.692850277684523,3.3407978157952662,1.8841219743920603,0.5067316040224523,-1.844518264194251,2.008454357829451,39.683995746406474,55.51777727453801,31.001802986124712,2950.39,0.8195527777777778,4.460384229391348,1.5080526059046069,02779.csv,B0033,366,2779,24,1.383632373873956,150
4.192605373755114,3.694938681971724,3.3451260552283553,1.8129527074235323,0.4976666917833903,-1.8328005456847734,2.0067363872451547,39.047236578784684,54.98845662264607,30.970549507389133,2941.719,0.8171441666666667,4.423235185614387,1.494193270889968,02783.csv,B0033,370,2783,24,1.3705402893609833,151
4.200006145928445,3.6971865143782208,3.357137371109369,1.9644189853209997,0.5028196315502238,-1.814347722959519,2.0066149005847973,38.66855198329813,54.53862414235327,30.683513518716072,2946.969,0.8186025,4.3996320373121165,1.480828216608476,02785.csv,B0033,372,2785,24,1.3557042566115398,152
4.199748662269959,3.696517888689688,3.351453240465127,1.8546413788349956,0.5032307735802712,-1.8221926476157024,2.0060753006783947,38.84148471879362,54.72686731387149,30.799777730943738,2936.171,0.8156030555555555,4.397094916460821,1.48250496892727,02787.csv,B0033,374,2787,24,1.3578385793919765,153
4.19986267410377,3.6957942641034913,3.346026215342865,1.7877573640818558,0.5040684100002784,-1.8306905769975232,2.0062527711138105,39.052551352201455,55.0046224518596,30.986294001592146,2927.281,0.813133611111111,4.397847253672173,1.485221447466194,02789.csv,B0033,376,2789,24,1.3609083979571397,154
4.199784078520709,3.697224739688924,3.350979420027859,1.9183209167927544,0.502559338831785,-1.8209388850738168,2.0065597446386105,38.79448240276511,54.71731449617404,30.866961734168225,2924.422,0.8123394444444445,4.372053658779371,1.4757659540994672,02791.csv,B0033,378,2791,24,1.3495626547684758,155
4.044383082216898,3.645707441471605,3.342644131880222,1.8528656809384136,0.39867564074529316,-1.568210357203081,1.9648078783173868,38.509868638012954,54.428778601713,28.902288600994115,3023.859,0.8399608333333333,3.851878564488231,1.3137630442411026,02795.csv,B0033,382,2795,24,1.1888877132486642,156
4.193893385945015,3.66899344873017,3.3518592869527803,1.948475871638004,0.5248999372148448,-1.887501094191758,2.0124917308349155,40.15830993087354,54.890003781719805,28.383884343320503,3056.172,0.8489366666666667,4.85398165772701,1.597299722578562,02799.csv,B0033,386,2799,24,1.5041493934608643,157
4.192228643619013,3.672441459219711,3.3468424673944153,1.8283531317172372,0.519787184399302,-1.876137336259163,2.010553479583794,39.45022733421382,54.47368119654309,28.96285953044339,3045.078,0.845855,4.779581672052752,1.5824489799230892,02801.csv,B0033,388,2801,24,1.4899088638712767,158
4.199907627033468,3.678823272254144,3.3508471294894773,1.888528315752074,0.5210843547793242,-1.8659348672273262,2.0101516083001925,38.94097771129498,54.12307476528604,29.36806187199593,3034.25,0.8428472222222222,4.725334679151955,1.5684669268993725,02803.csv,B0033,390,2803,24,1.475330178643193,159
4.199750237010081,3.683020291040092,3.355670268634572,1.924025874710363,0.5167299459699888,-1.8556627342355745,2.0097079865923235,38.66654129149028,53.77302966651147,29.35922180082279,3022.609,0.8396136111111111,4.67730216180968,1.553786539046311,02805.csv,B0033,392,2805,24,1.459830765413703,160
4.200007095257734,3.681766855507581,3.353308872329983,1.800492506386291,0.5182402397501535,-1.8545310784984728,2.008436443990862,39.336362061944186,54.609405212648525,29.825536014016496,3028.828,0.8413411111111111,4.686991047308043,1.5566861878284526,02807.csv,B0033,394,2807,24,1.4474169057725728,161
4.193187154613999,3.6804577629949806,3.355576427429911,1.793120582655924,0.5127293916190183,-1.854560270480603,2.0083726638343107,40.212462412867474,55.29324534393817,29.171106259258394,3037.875,0.8438541666666667,4.712954957992437,1.5606641412543851,02811.csv,B0033,398,2811,24,1.4676323674647154,162
4.191335465387503,3.685587489325032,3.3638323924431814,1.8969132609228216,0.5057479760624712,-1.8335819983714545,2.0078513814305983,39.15441493084491,54.26200652741747,28.669291368633765,3023.187,0.8397741666666666,4.63290609200641,1.535901144525184,02813.csv,B0033,400,2813,24,1.441552493165527,163
4.2001706293322,3.688000087810126,3.3571376570885594,1.8056023837774513,0.5121705415220736,-1.8420750095953933,2.007784134408612,38.472340837695874,54.01880189925328,29.854738416465743,2996.922,0.8324783333333333,4.586184963342397,1.52833971435544,02815.csv,B0033,402,2815,24,1.418392873584403,164
4.199985912721998,3.6898132764595406,3.361111422960934,1.862859289057269,0.5101726362624577,-1.8314678023298128,2.007244413261636,38.10278800382275,53.57147874982123,29.794848592353055,2986.469,0.8295747222222223,4.539655495226714,1.5135195283869638,02817.csv,B0033,404,2817,24,1.4031824838852518,165
4.200092034422385,3.6911332043278944,3.3674136761881375,1.9520601805312336,0.5089588300944903,-1.8211918432229095,2.007207189038199,38.13961733869117,53.4828168564585,29.698521180048182,2979.219,0.8275608333333333,4.515921981271505,1.5031970491698012,02819.csv,B0033,406,2819,24,1.3911104661211642,166
4.192967636550445,3.6906992096130993,3.3717064606024185,1.9878541604164133,0.5022684269373454,-1.8123034655027377,2.0063280381064885,38.75498314355583,53.870140403015185,29.223704951356567,2995.047,0.8319575,4.528431023759953,1.5035504242047617,02823.csv,B0033,410,2823,24,1.4086019958134537,167
4.200173402903593,3.6900957485282504,3.3721296388578876,1.9566455890224008,0.5100776543753422,-1.8216175674206458,2.0071306465250385,39.165872874745595,54.16164128030712,29.029891847175257,2989.828,0.8305077777777777,4.556104966751035,1.5094074049304473,02825.csv,B0033,412,2825,24,1.413770890394895,168
4.200367739813544,3.6906450864108473,3.370281011025519,1.893671531145131,0.5097226534026964,-1.82079151069233,2.0065688824670014,39.025069457187186,54.16534435153781,28.88158095427303,2989.391,0.8303863888888889,4.543379423318453,1.5070032349939222,02827.csv,B0033,414,2827,24,1.412472234540845,169
4.200227759967035,3.6924943395111622,3.364268931307196,1.828763483963188,0.5077334204558728,-1.817964724512839,2.0055800493527953,38.3251245457817,53.79228026466776,29.661472022260075,2967.2810000000027,0.824244722222223,4.479464263493559,1.494202832305005,02829.csv,B0033,416,2829,24,1.3831900026575588,170
4.200007033569212,3.6947940991123094,3.3720392126554684,1.9584399411299585,0.5052129344569023,-1.798635457145711,2.0049025240794105,37.878182669376734,53.22509160340434,29.48422738391232,2962.609,0.8229469444444444,4.42895926784493,1.4765619612706922,02831.csv,B0033,418,2831,24,1.3646098107432565,171
4.192454644905032,3.694103480773858,3.362230190450641,1.8220675972367208,0.498351164131174,-1.8064428802106411,2.004484906464972,37.905840036253096,53.57857958784029,30.09818764880271,2957.016,0.8213933333333333,4.422827921835751,1.4810122040390434,02835.csv,B0033,422,2835,24,1.369751365782437,172
4.199950861106375,3.6911962581074618,3.3636193969648573,1.7715995765672343,0.5087546029989132,-1.8173405882716633,2.0052835523463997,39.1223902532353,54.498255010844275,29.633209556946543,2973.281,0.8259113888888888,4.496394678929656,1.4976496279073552,02837.csv,B0033,424,2837,24,1.3867946911071662,173
4.191157886642788,3.691426680535412,3.3703866336965356,1.8584436263684136,0.4997312061073762,-1.8068979814568502,2.004921294385,39.39196447810482,54.46813289210952,28.913607392973322,2968.016,0.8244488888888889,4.476240497583872,1.4865345539623107,02839.csv,B0033,426,2839,24,1.3918615875742792,174
4.191665895078951,3.694197094424096,3.3756959922995033,1.9792800716788903,0.4974688006548549,-1.7968101494502102,2.0049867903735366,38.80564596554866,53.89419947351141,28.651420291438296,2959.281,0.8220225,4.435023809079577,1.473308736244477,02841.csv,B0033,428,2841,24,1.377162352180965,175
4.200174099897373,3.695493225426338,3.366639210990064,1.846857607499265,0.5046808744710347,-1.8043699219153886,2.004454272176165,38.29516028833109,53.782251370205934,29.679856770199876,2942.797000000006,0.8174436111111127,4.406211375154112,1.4719077905469944,02843.csv,B0033,430,2843,24,1.3599525359390852,176
4.170298376292169,3.690317240506416,3.370719403191649,1.9297681149166703,0.47998113578575285,-1.786679633285191,2.003282536340238,39.482066579608755,54.80009542618075,29.09650288387717,2978.89,0.8274694444444444,4.433890805060949,1.4752671761514382,02847.csv,B0033,434,2847,24,1.379779043170725,177
4.193174474439054,3.694739713945818,3.368376555569585,1.9404476337602208,0.49843476049323643,-1.805526191357153,2.005445488829668,38.22420789035359,53.59426450012642,29.541866398147146,2948.891,0.819136388888889,4.421730022048138,1.4759627438578942,02851.csv,B0033,438,2851,24,1.3631373661966442,178
4.200041332683148,3.69426820007469,3.3605555096355064,1.8078076221500168,0.5057731326084585,-1.813761282828491,2.0051180183925523,38.212225319933545,53.860038336831,30.074977597085855,2938.547,0.8162630555555556,4.412133739844218,1.4775726480290834,02853.csv,B0033,440,2853,24,1.3652295228794809,179
4.199734233391325,3.695817479420944,3.3664344500865964,1.901348395168944,0.503916753970381,-1.802941147720235,2.004894549852311,38.03726842877258,53.50394440240513,29.82559699983734,2925.484,0.8126344444444444,4.373149571544041,1.4628791939378119,02855.csv,B0033,442,2855,24,1.3498620694059131,180
4.199766230715077,3.695398410103413,3.360999914466085,1.820065501803385,0.5043678206116637,-1.8116624900760223,2.005246445011757,38.08745383569629,53.71091736477066,30.06109389254006,2917.297,0.8103602777777777,4.373299103878855,1.4655078798850527,02857.csv,B0033,444,2857,24,1.3529504172332432,181
4.199220802674783,3.694674413001038,3.3597145615560104,1.781542687267246,0.5045463896737452,-1.8111731864316711,2.004735333001605,38.371162533264,53.96609282803159,30.023246597979206,2918.938,0.8108161111111112,4.374697814766038,1.4659054312750592,02859.csv,B0033,446,2859,24,1.3535740542605128,182
4.189337598233517,3.69532700262418,3.360790017915932,1.8027051007685868,0.49401059560933724,-1.799607080950245,2.0035719092993496,38.21500087152169,53.89601837110568,30.040390411231225,2918.25,0.810625,4.33959994314055,1.456091372058474,02863.csv,B0033,450,2863,24,1.3432225183905024,183
4.199234827601777,3.696081102195805,3.364551990412796,1.845120981293168,0.5031537254059719,-1.8000478038107868,2.004023640799167,38.068361542357145,53.58335886886063,29.827972590597838,2915.4839999999967,0.8098566666666658,4.342902341503487,1.4545357656635973,02865.csv,B0033,452,2865,24,1.3412081769053426,184
4.199025428944479,3.697323859711627,3.370459024271422,1.9386542857041755,0.5017015692328517,-1.7893303733112242,2.0039333292967516,37.98761504071771,53.35830232724686,29.638879002722952,2906.015,0.8072263888888889,4.311773348186166,1.4422000085873041,02867.csv,B0033,454,2867,24,1.3277389969987805,185
4.197710813920559,3.691479745144456,3.3647395351261364,1.8652024206914877,0.5062310687761031,-1.7980109473876715,2.0041371936089702,38.3556643629041,53.56872781314004,29.669036599071674,2894.14,0.8039277777777778,4.312735656585877,1.443741732695103,02869.csv,B0033,456,2869,24,1.329778900445409,186
4.194824465751656,3.696986024765029,3.3724762289358954,1.9741597310368288,0.49783844098662655,-1.7871202282133007,2.004045849042115,38.587739723836165,54.028944257752215,29.0805442695691,2892.031,0.8033419444444444,4.297219596135533,1.433503701955375,02871.csv,B0033,458,2871,24,1.3356045028702497,187
4.190422468532795,3.6992188472343575,3.3682526298407938,1.9140482800494216,0.4912036212984372,-1.7864058289054177,2.003253275410994,37.84946765760722,53.32084823607714,29.756148957305754,2888.719,0.8024219444444445,4.272295676608272,1.4324501608538638,02875.csv,B0033,462,2875,24,1.3177489685711123,188
4.199724031292612,3.6988624962203223,3.368834125820871,1.9249905185886904,0.5008615350722896,-1.7962891627935822,2.0045669053929616,37.81892879614016,53.15804525272694,29.709425371097442,2875.641,0.7987891666666667,4.278534727914037,1.4325279624562144,02877.csv,B0033,464,2877,24,1.317605472474197,189
4.19851840639296,3.698749536561362,3.3643721242108837,1.848326319700026,0.4997688698315983,-1.8053146501565176,2.0048863106743613,37.98975162560657,53.44440984728841,29.788703175973943,2860.7810000000027,0.7946613888888896,4.275489217848262,1.432738503598507,02879.csv,B0033,466,2879,24,1.3185279522072382,190
4.199051265280784,3.6983865817874984,3.3599563575039135,1.7964863123561203,0.5006646834932855,-1.8145360631140475,2.005285920445223,38.110497566784815,53.71116793928585,30.158853419324753,2852.844,0.7924566666666667,4.278585944439616,1.4354151949553393,02881.csv,B0033,468,2881,24,1.3215397269813982,191
4.198244533751371,3.6938600206878487,3.3696602072768207,1.9550178000855185,0.5043845130635223,-1.794060809034671,2.0048104415290773,38.158711514227996,53.18757385880901,29.496385641007283,2854.64,0.7929555555555555,4.245487922354193,1.4199853022331066,02883.csv,B0033,470,2883,24,1.3046615372928705,192
4.159853250996576,3.6835244924864714,3.3817276755972934,1.9991954704388992,0.47632875851010503,-1.7532558725802958,2.000116219070547,41.901714617344744,56.49572691828426,27.051494065484572,2897.844,0.8049566666666667,4.270624227022414,1.4088685383960042,02887.csv,B0033,474,2887,24,1.3280324770208678,193
4.195184914935837,3.6937224217529874,3.379780519797374,1.982805388419431,0.5014624931828493,-1.7969595693199287,2.00545874598618,40.72593783748325,55.32081069602003,27.79227100040702,2896.063,0.8044619444444445,4.372203817404621,1.4439628656627963,02889.csv,B0033,476,2889,24,1.3634549770713926,194
4.199286359433009,3.696958361716894,3.3656667993678133,1.8088951260538595,0.5023279977161152,-1.8148752451997945,2.0053159453728258,39.388005009279006,54.57622829352292,29.24426278134196,2866.234,0.7961761111111111,4.3283936843944,1.4437030678922598,02891.csv,B0033,478,2891,24,1.3291316747402466,195
4.1997715267621105,3.6995129931885007,3.3648038854052915,1.8655437173642175,0.5002585335736098,-1.813083056493043,2.0060056115532428,38.64570917130626,54.008789265404765,29.74013536911438,2836.609,0.7879469444444445,4.266208174917513,1.4274506959149167,02893.csv,B0033,480,2893,24,1.3124201086917682,196
4.199637020490028,3.70104888829149,3.371817482414552,1.994367058308584,0.4985881321985386,-1.8021170413093346,2.006153851000251,38.3036813037848,53.47500454222108,29.403340839466768,2829.516,0.7859766666666667,4.23223397045269,1.414117223030759,02895.csv,B0033,482,2895,24,1.3152825503676355,197
4.121227217169418,3.1452014253532408,3.3464479682177357,2.1274170450668684,0.976025791816177,-3.881093691840246,0.746487522696456,52.450611378612734,61.11438949471705,17.96289115953416,1572.359,0.43676638888888886,5.696280405212558,1.703316443986384,02900.csv,B0030,1,2900,43,1.6560706096175404,1
4.191393070810043,3.312392816472032,3.3780751936361146,2.1401060472348874,0.8790002543380107,-3.7838858314888455,0.9560632385011015,54.113241117794225,61.9990871891876,17.455547461718957,1723.281,0.47868916666666667,6.144050224408965,1.8184713298775956,02902.csv,B0030,3,2902,43,1.7815548749509116,2
4.191314909952094,3.349618284046072,3.3818672028482375,2.1657237815883463,0.8416966259060223,-3.78000742647211,0.9633206796076518,54.157828260748424,61.89071493502735,17.286714705624526,1705.906,0.47386277777777774,6.08218791193146,1.7990871584478745,02904.csv,B0030,5,2904,43,1.761969227822918,3
4.191325136243738,3.363204662480438,3.3803545588103714,2.095376108282347,0.8281204737632999,-3.7771963627067855,0.9685246076495349,54.212018750385205,62.214205409958005,17.603483796623976,1697.688,0.47158000000000005,6.044846843117794,1.7890879772156745,02906.csv,B0030,7,2906,43,1.751755031874225,4
4.191406236830394,3.387542758441693,3.383237725223628,2.12524665517798,0.8038634783887013,-3.774391482257296,0.9737256261611278,54.19837692352459,62.31179793095802,17.70977533189732,1686.094,0.46835944444444444,6.002464011285992,1.7756990608875518,02908.csv,B0030,9,2908,43,1.7381688070362076,5
4.180910152329337,3.2667591961357134,3.374148303155992,2.0759632130565406,0.9141509561936232,-3.8401506129683893,0.8424662669048505,54.14161744851121,62.29994268441351,17.713929808118394,1678.563,0.4662675,6.068124533544447,1.7991501259942089,02912.csv,B0030,13,2912,43,1.750674529346134,6
4.191286299168944,3.3338084050192887,3.3806295984219497,2.0440070679316857,0.857477894149655,-3.8162308411426897,0.8931720431566161,54.21167948917778,62.48134926186261,17.862507046536848,1677.469,0.4659636111111111,6.037765159070803,1.7871519340313937,02914.csv,B0030,15,2914,43,1.7491047649061158,7
4.19167898729129,3.3960415986314683,3.387081847293872,2.173948548947525,0.7956373886598218,-3.790540920260821,0.943794778863719,54.18634900836399,62.158212651524295,17.558842705197854,1666.093,0.4628036111111111,5.965454947987967,1.763292788759829,02916.csv,B0030,17,2916,43,1.7252544028765475,8
4.191660740391253,3.413055281908902,3.3879461849049983,2.1712631392036204,0.778605458482351,-3.7878863152954003,0.9490780097180473,54.15360140656882,62.11029841216025,17.51739346635049,1654.328,0.45953555555555553,5.919666897157072,1.7498293860197336,02918.csv,B0030,19,2918,43,1.7112621367644252,9
4.190382359026825,3.4270654954959023,3.3883925705991067,2.1722790601698723,0.7633168635309224,-3.78521295034333,0.9547047703928074,54.168189231806274,62.21537292970592,17.58642170613725,1643.812,0.45661444444444443,5.878150700108526,1.7375627638725128,02920.csv,B0030,21,2920,43,1.6990418392711273,10
4.18494757447594,3.3798695020070193,3.3829900242224884,2.1399140868464497,0.8050780724689206,-3.8087556215689466,0.9083566175476209,54.22057063412252,62.42078136779365,17.802015353066494,1652.266,0.4589627777777778,5.938091850503632,1.7575836630656883,02924.csv,B0030,25,2924,43,1.7185770039532977,11
4.19138696373963,3.424390487351894,3.3872270612733906,2.112329336316492,0.7669964763877357,-3.7838496795424073,0.9573552356531468,54.24400266886001,62.42541404009337,17.79639938640387,1648.672,0.45796444444444445,5.891823803150918,1.7421468525242565,02926.csv,B0030,27,2926,43,1.70324722921867,12
4.1916098999207785,3.4386201783326107,3.387969833955272,2.1141726056716275,0.7529897215881678,-3.7810084173912366,0.9628490466305387,54.24150010859243,62.43136471336018,17.79867650376118,1636.969,0.45471361111111114,5.846310812538588,1.7286155357581376,02928.csv,B0030,29,2928,43,1.689458044662304,13
4.19104446122881,3.456324781338571,3.3908449439184096,2.1697054636701996,0.7347196798902385,-3.7778398595622393,0.9684850535538593,54.183697227073836,62.27459158639179,17.672466328923583,1625.187,0.4514408333333333,5.802973605569624,1.7148747192705467,02930.csv,B0030,31,2930,43,1.6756136292719177,14
4.191251588829171,3.4532451032029297,3.3859058007878593,2.0502203248956845,0.7380064856262409,-3.7765035959555266,0.9708602218691226,54.228866401573256,62.57843700986901,17.953771185998157,1622.016,0.45056,5.782695368851277,1.7111686742302061,02932.csv,B0030,33,2932,43,1.6718407140871654,15
4.17866916142942,3.2740740546478717,3.375492904033759,2.056845844411806,0.9045951067815485,-3.8520176715688708,0.8178169886800667,54.15865206479903,62.47198799326229,17.90872536472535,1638.422,0.45511722222222223,5.945611063400055,1.7629484184905932,02936.csv,B0030,37,2936,43,1.7233056681204446,16
4.19028213835832,3.381954262783334,3.381550645715128,2.0026548733538236,0.8083278755749861,-3.8026336945838506,0.921736405104694,54.242750421230845,62.678287399200066,18.073379338320358,1646.438,0.45734388888888894,5.907287210780696,1.7490369224053914,02938.csv,B0030,39,2938,43,1.709207290507283,17
4.189121322830359,3.434559461918513,3.3864480900407194,2.098247338071892,0.7545618609118461,-3.7747932414905923,0.9741786657667919,54.26601179807604,62.48426799373123,17.862464065121728,1634.765,0.4541013888888889,5.827803437340245,1.7238896794732703,02940.csv,B0030,41,2940,43,1.684001734344571,18
4.189336480826855,3.450201803622341,3.387180494037813,2.095250035916422,0.7391346772045138,-3.7717048923113476,0.9798223571126149,54.24164371768822,62.520660259063135,17.9103050402804,1622.016,0.45056,5.7782016939061975,1.7093736313272538,02942.csv,B0030,43,2942,43,1.66898698813004,19
4.1879616710018945,3.449859438528198,3.3813445010797873,1.965222517702767,0.7381022324736963,-3.7701783748857105,0.9827159539295985,54.32282816477177,62.837923181745914,18.204819017785738,1616.25,0.44895833333333335,5.745225255125183,1.7024676207345357,02944.csv,B0030,45,2944,43,1.6620689362837142,20
4.183271591734627,3.4443893363606555,3.385606758982866,2.1649300939348857,0.7388822553739716,-3.770286001350055,0.982750885231099,54.27566161448939,62.47596510401283,17.911534332774295,1622.218,0.4506161111111111,5.774672397363013,1.7090943183653906,02948.csv,B0030,49,2948,43,1.6687049625248174,21
4.188984079544006,3.4801395225885603,3.3887947335699504,2.1107101939003567,0.7088445569554453,-3.74290317214084,1.030216703863092,54.34652062246305,62.54340291733675,17.909911829883555,1619.656,0.44990444444444444,5.7251019583480005,1.693427504943195,02950.csv,B0030,51,2950,43,1.652762183550463,22
4.188017123469818,3.492546921315259,3.390949417762555,2.154272422860638,0.6954702021545587,-3.7394250053816305,1.0366217902957573,54.369563893787316,62.542537819338854,17.86220769719337,1605.484,0.44596777777777774,5.673662512257005,1.677624851565453,02952.csv,B0030,53,2952,43,1.648481366235244,23
4.188931370316714,3.4934497198763443,3.3873404080498895,2.056878607135279,0.69548165044037,-3.737622424800312,1.0395297828658205,54.38101073340462,62.633169726331985,17.984362772293956,1600.75,0.4446527777777778,5.64803869389516,1.6718488228778465,02954.csv,B0030,55,2954,43,1.6307406443132095,24
4.189721988537926,3.501240975584903,3.3880651957973615,2.0619330487714467,0.6884810129530226,-3.7356557463501385,1.0426432363757354,54.366222070376075,62.63885708285674,17.989381813695537,1595.0,0.44305555555555554,5.623488521172507,1.6644160182328538,02956.csv,B0030,57,2956,43,1.62323023017929,25
4.182121595717829,3.474768534568747,3.3873336724752856,2.182829076635093,0.7073530611490821,-3.737388532394875,1.0396438331571125,54.36082826974155,62.50972828784737,17.89050387138007,1612.422,0.447895,5.68961181884255,1.6837936306030268,02960.csv,B0030,61,2960,43,1.654190654039439,26
4.18953881832451,3.4994373212819463,3.391596603751742,2.152270345667462,0.6901014970425638,-3.733773399938973,1.0458926950752165,54.329082038301124,62.41430430344205,17.79186126696743,1598.969,0.44415805555555554,5.642124461657154,1.6681745220500945,02962.csv,B0030,63,2962,43,1.638514396616985,27
4.18877344296717,3.498168539355966,3.3844695827460796,1.98536642488698,0.6906049036112041,-3.7318248243234815,1.0493672670018825,54.350797312061744,62.71706660837061,18.0993069612477,1592.187,0.44227416666666663,5.604034872986218,1.6603399719840535,02964.csv,B0030,65,2964,43,1.618847673357618,28
4.187311002547918,3.511127307152203,3.3883015570002266,2.085108474542319,0.6761836953957148,-3.72789586160175,1.0556069266401122,54.30570319180817,62.554566036297686,17.975177910305312,1577.484,0.43818999999999997,5.5510032437058925,1.6432646063985636,02966.csv,B0030,67,2966,43,1.6134212267751404,29
4.188843927084549,3.5177709546258233,3.389973588057286,2.1156809695842997,0.6710729724587257,-3.7258803546166885,1.0590503195806344,54.311769035681074,62.48691429447336,17.848084889740377,1571.547,0.4365408333333333,5.530569046297253,1.6365431835530715,02968.csv,B0030,69,2968,43,1.6066443601761986,30
4.184536605382707,3.510455101791246,3.386403894086122,2.0858806041580396,0.6740815035914611,-3.7258300678775145,1.0587950945290694,54.31694947968931,62.59235284434121,18.062387650163345,1578.484,0.43846777777777773,5.5498957081139135,1.6439609096341083,02972.csv,B0030,73,2972,43,1.6138387876938998,31
4.188530465383751,3.5137622710788556,3.382990062267617,1.9452863886535996,0.6747681943048955,-3.7235246959842048,1.0622170232181818,54.37602664745592,62.84622214879507,18.261732751596305,1574.469,0.43735250000000003,5.526055169036487,1.6384902454543355,02974.csv,B0030,75,2974,43,1.596329501327274,32
4.188186051563081,3.5198641965059676,3.3809665909442286,1.916660490161616,0.6683218550571133,-3.7209177432015643,1.0657275726914217,54.40922760509475,63.0242156686281,18.42349073142065,1568.281,0.4356336111111111,5.497179901734645,1.631031188864373,02976.csv,B0030,77,2976,43,1.589078586740699,33
4.187572655651913,3.5245738774688795,3.3813241868366974,1.927250989755404,0.6629987781830331,-3.7188832576508455,1.0688186042838723,54.43118438830086,63.00027240816272,18.400168291962416,1561.422,0.4337283333333333,5.469072590066931,1.6227574931794861,02978.csv,B0030,79,2978,43,1.5805481432309574,34
4.1898269490660445,3.5317101208537345,3.3870672693934285,2.051939170845275,0.65811682821231,-3.7178481811964144,1.072425169364828,54.42543761419732,62.80130766887856,18.174834405081796,1554.234,0.4317316666666666,5.451216071332354,1.6151108760762556,02980.csv,B0030,81,2980,43,1.584613105427081,35
4.18309178516488,3.5089560246425955,3.382718302752806,2.0447593292567268,0.6741357605222844,-3.719718780129346,1.0689706916305866,54.40878572720797,62.737405296482684,18.192281070880306,1573.734,0.4371483333333333,5.518227317571296,1.6364721955885357,02984.csv,B0030,85,2984,43,1.5936651221220737,36
4.187178870202528,3.5394757845164624,3.3896129797375174,2.1123670299751245,0.6477030856860657,-3.6895994891111914,1.1158553199611885,54.42284720424547,62.57852749153667,17.998287249371074,1566.578,0.43516055555555555,5.4561054483278095,1.615672241773029,02986.csv,B0030,87,2986,43,1.5849874126960888,37
4.188051091406103,3.528338300575132,3.38569510149779,2.029028311417829,0.6597127908309708,-3.7133420593367292,1.0796346966934303,54.38754363122996,62.84908045214772,18.27199205653762,1550.047,0.4305686111111111,5.430186919499112,1.609397738196573,02988.csv,B0030,89,2988,43,1.5787064969416462,38
4.188640007307298,3.5333028015819727,3.387023398111767,2.0574175231777425,0.6553372057253255,-3.711313300597217,1.0830374277183668,54.45246463683033,62.7284644620379,18.08291819596719,1543.64,0.42878888888888894,5.4054059434041655,1.6016830359109977,02990.csv,B0030,91,2990,43,1.570705516096967,39
4.18874384592953,3.5360286685644247,3.3870565445350174,2.068863283525511,0.652715177365105,-3.709186360280257,1.0862213243998224,54.41109814733754,62.69299470731855,18.0966820386221,1536.781,0.4268836111111111,5.3784825764669755,1.5937783241973995,02992.csv,B0030,93,2992,43,1.562780404428482,40
4.18669249732225,4.139862403794621,4.033096790443365,1.9487619326826215,0.046830093527629124,-0.253835020646125,0.9733351471443814,7.85677103517608,9.925006929139911,5.082639725681307,1063.609,0.2954469444444444,0.20635888606704972,0.07411221405276676,02996.csv,B0041,0,2996,4,0.055620243768194,1
4.192080127914615,4.138428825715285,4.014033100816979,1.9012002130732608,0.0536513021993299,-0.293046177761019,1.0367794285956162,7.793067309492064,10.752582877071836,4.228282515023474,1067.641,0.2965669444444445,0.23525995967278815,0.08569871910656586,02999.csv,B0041,3,2999,4,0.0556974726122768,2
4.191347724375943,4.143818701737208,4.039068503173861,1.964899016000036,0.047529022638734375,-0.25930915106300784,0.983876230073698,7.471857159027487,10.859754872978824,5.481197078662225,1048.687,0.2913019444444444,0.21118362099589294,0.07437440611409461,03001.csv,B0041,5,3001,4,0.0558390162918539,3
4.1917973063597005,4.1438571570411025,4.035518711643437,1.9253389098858815,0.047940149318598024,-0.26117269551816813,0.9862463524015177,7.8427380417497545,10.755318068306904,5.470389919032925,1039.984,0.28888444444444444,0.20936641497242503,0.07464347679158514,03003.csv,B0041,7,3003,4,0.056148059974053,4
4.1915271596061165,4.139145960669873,3.980423400468267,1.9131372213178368,0.05238119893624393,-0.392884133732256,1.1921778724494525,8.729861757639965,10.897588103290213,5.2646384378177435,687.328,0.19092444444444442,0.20859735785902944,0.07459355736752164,03005.csv,B0041,9,3005,4,0.056470531599139,5
4.193074594720731,4.144859100726947,4.032988865305357,1.8627826858792496,0.048215493993783554,-0.2603556231508528,0.9819813644766895,7.667746337954232,9.341307040097297,4.860760105756774,1047.531,0.2909808333333333,0.20700935969086523,0.07492748623794088,03007.csv,B0041,11,3007,4,0.0440922918408019,6
4.190930382833961,4.142190592590403,4.033685949693059,1.91439695870045,0.04873979024355801,-0.2642055168350503,0.9911039635795771,7.7591749084721195,10.393349980789248,3.76484679281334,1038.375,0.2884375,0.21206569971963626,0.0753724502297467,03011.csv,B0041,15,3011,4,0.0567719130814178,7
4.192374235053111,4.143306437871433,4.032799639644717,1.893564747050834,0.049067797181677975,-0.2665742084454271,0.9947853431110567,7.595487830652279,10.096648262126736,3.315830197472219,1030.703,0.2863063888888889,0.211026002700487,0.07530538329827151,03013.csv,B0041,17,3013,4,0.0569383765007572,8
4.191327200131171,4.143142610873761,4.024475259565998,1.839446966520227,0.04818458925741087,-0.2703077571001647,0.9968575857612091,8.243992753511499,10.90616342735489,5.888265386108825,1010.765,0.28076805555555556,0.20515470101858885,0.0751195452132761,03015.csv,B0041,19,3015,4,0.0444014841131225,9
4.192240496772134,4.149176536310528,4.057419271798581,1.976983963738619,0.04306396046160543,-0.2259631180369299,0.9230537987531588,7.468945958924572,8.568134800681483,4.196017618735455,1025.719,0.28492194444444446,0.18293274116804298,0.06370492061158614,03017.csv,B0041,21,3017,4,0.0446343581849161,10
4.191258812894846,4.141804548462313,4.0272103363763785,1.873021814547241,0.049454264432532646,-0.2720271416604874,1.0032024212301083,7.530653071201209,10.723989411834728,4.083059553699116,1016.859,0.2824608333333333,0.21022401459171405,0.07586120102887489,03019.csv,B0041,23,3019,4,0.0447987224365748,11
4.189358962775868,4.147466566453418,4.050486744587676,1.9477419384591268,0.04189239632245023,-0.23602951698570515,0.9404449018196611,7.508014036482144,10.069265727154304,5.539155668751935,1021.079,0.28363305555555557,0.18938557643649406,0.06639236844727057,03023.csv,B0041,27,3023,4,0.0467089878078547,12
4.1923282190146365,4.142774735118976,4.0253168657448795,1.848331298599493,0.04955348389566083,-0.2734892167877026,1.0030636782691287,7.7964600722995465,11.678125966059154,5.208170865254565,1010.562,0.2807116666666667,0.20819869329954419,0.07578078387638187,03025.csv,B0041,29,3025,4,0.0449537153308952,13
4.190942779501297,4.147621784799838,4.052602606442854,1.9596888390790304,0.04332099470145945,-0.2334393540995562,0.9362566918056594,7.80345244909983,10.184555541046697,4.97609978667888,1003.313,0.27869805555555555,0.184326251050343,0.0643444017253539,03027.csv,B0041,31,3027,4,0.0452193290195426,14
4.191226012147699,4.147031706083982,4.05448270357176,1.9992324205815248,0.04419430606371755,-0.23474919435723152,0.9402895577351654,7.338169121535551,10.778359079693514,4.277941727773018,1006.187,0.2794963888888889,0.1877927710699919,0.06486100550771855,03029.csv,B0041,33,3029,4,0.0454022241469497,15
4.191096507657491,4.147664058394599,4.049754413243471,1.9251333188603237,0.043432449262891915,-0.23568926542344776,0.9385468491301853,7.996082185455724,10.339342995308634,5.165790376923016,996.765,0.2768791666666667,0.1844409000361376,0.06486793438948392,03031.csv,B0041,35,3031,4,0.0456790122497417,16
4.189961850648953,4.145755984348509,4.05160764529163,1.974005533207924,0.04420586630044454,-0.23708766412975693,0.9440563996660997,7.616516148546487,11.13650452054683,4.509251996545694,999.422,0.27761722222222224,0.18735777810034046,0.06501581113099444,03035.csv,B0041,39,3035,4,0.0455208025703398,17
4.191653501161077,4.147458279072124,4.046009584492231,1.8695092344510635,0.04419522208895277,-0.23747574678748198,0.9400762880699364,8.20486682580586,9.695569312291523,4.5292948169465514,990.234,0.275065,0.18214261937476725,0.06496399879745259,03037.csv,B0041,41,3037,4,0.0457285414602425,18
4.190226764700187,4.140446511403692,3.9895918681265607,1.9264050760509093,0.04978025329649505,-0.3840869068940257,1.1819605097215193,8.601584414303469,10.5100184115379,4.749217616751755,608.953,0.1691536111111111,0.184756453015131,0.0649825744079151,03039.csv,B0041,43,3039,4,0.045860512192502,19
4.191659967488507,4.140789531299599,3.985571015537921,1.9303413820598547,0.05087043618890785,-0.3994046475100103,1.204080362345496,8.142046999932631,10.61900706852965,4.9619841910628,586.719,0.16297750000000003,0.1855576137856441,0.0651373406457344,03041.csv,B0041,45,3041,4,0.045983556030275,20
4.191331438635326,4.139760848385148,3.980535614492745,1.9192879295943024,0.051570590250178405,-0.40701282792967935,1.2133418764051123,8.360837093570488,10.81117656025071,5.075541495639438,575.922,0.15997833333333333,0.1852402233664087,0.0652191846795069,03043.csv,B0041,47,3043,4,0.046128762966734,21
4.183214463492353,4.138854518159669,4.044423526176633,1.8958889997737756,0.04435994533268417,-0.22708609506318284,0.9213129300620981,7.424942900733046,8.406830339250588,3.4399828360290883,1050.406,0.2917794444444444,0.18614627224919192,0.06567644835220948,03047.csv,B0041,51,3047,4,0.0463714545530443,22
4.189679172714852,4.145304631360417,4.046519260018804,1.8503922251966067,0.044374541354435415,-0.22827621606261198,0.9221766937077859,7.9013472750820934,9.345446470246117,4.8249131076919145,1040.75,0.2890972222222222,0.18244655755868947,0.06544810325150134,03051.csv,B0041,55,3051,4,0.0464238542531432,23
4.189653140378957,4.144385338008176,4.0486772026987,1.9189577261874915,0.04526780237078132,-0.2361895202725738,0.9392994013358736,7.528844792233565,10.959408995323104,4.652679648898897,1019.125,0.2830902777777778,0.1895991843997165,0.06625789459745793,03053.csv,B0041,57,3053,4,0.0465794695305646,24
4.19045275127286,4.1399143546846595,3.987337891451254,1.8900554775200376,0.05053839658820092,-0.3826962842101839,1.1784521207096552,8.951655882288602,10.83821929996881,4.533928085444946,618.844,0.17190111111111112,0.18611587404266655,0.06578017530356643,03055.csv,B0041,59,3055,4,0.0467260089483965,25
4.190833049386039,4.145306992456237,4.044136561678348,1.8174460639575951,0.04552605692980194,-0.23064748794571,0.9259202884268682,8.178079824357086,9.713734913231036,4.904670370218216,1039.547,0.28876305555555554,0.1824419498730486,0.06598861303934153,03057.csv,B0041,61,3057,4,0.0468634724324437,26
4.189592566688092,4.143421440058646,4.04413456868279,1.8839750015583072,0.04617112662944578,-0.24064511559111754,0.9476933066963965,7.858156748807482,11.338971542207569,4.319524999103277,1004.328,0.27898,0.18892259456559377,0.06666227792469036,03059.csv,B0041,63,3059,4,0.0471230704848885,27
4.189609384055311,4.143494900723283,4.043477180478885,1.8734696416805767,0.046114483332027945,-0.24024507058518205,0.946494861306544,7.290664996377678,8.874610339188825,3.017709668926802,1005.75,0.279375,0.18809783115939135,0.06655417555940228,03063.csv,B0041,67,3063,4,0.047089685801538,28
4.189446084209475,4.142826593279851,4.04227054005478,1.886110144063044,0.04661949092962381,-0.24333347418814666,0.9520997270228635,7.329912113720836,10.892975819528624,4.324308885954244,995.797,0.2766102777777778,0.18873294825484588,0.06671562320210547,03065.csv,B0041,69,3065,4,0.0471681699068244,29
4.1891043787909386,4.142101158154764,4.040909605277031,1.873963241781132,0.04700322063617435,-0.24301113896312274,0.9510354101813258,7.554859379508905,9.921480417012177,3.1041111126367413,998.921,0.27747805555555555,0.18896350501773418,0.0669522578196938,03067.csv,B0041,71,3067,4,0.0474166233958466,30
4.189473836577093,4.142750191301,4.034959849871617,1.8016696485993335,0.04672364527609307,-0.24443978997902824,0.951056255873278,7.849809440149771,9.340703602759724,4.702146956747245,989.141,0.2747613888888889,0.18320529578092437,0.06658468289119374,03069.csv,B0041,73,3069,4,0.0474736581861432,31
4.188624466391725,4.141249720313693,4.036614663983007,1.8542865324237547,0.047374746078031826,-0.2485960738151262,0.9615503835203887,7.70135529903965,10.415323507314886,3.498681043677264,979.203,0.2720008333333333,0.18831153037479387,0.06716738091429703,03071.csv,B0041,75,3071,4,0.047671071688296,32
4.188704298444031,4.1415124670392345,4.037642497951333,1.843811769338875,0.047191831404796325,-0.2455503892791554,0.9554876416644352,7.894047750295666,10.395152109274877,3.3456573565603787,994.031,0.2761197222222222,0.18840327544007857,0.06739337833435466,03075.csv,B0041,79,3075,4,0.0477561486679362,33
4.188518145476937,4.1408649458153555,4.034094593369476,1.838701263626609,0.04765319966158188,-0.2514955135210832,0.9657068917767827,8.037186019526875,11.381000616023892,4.5763487509112375,971.516,0.2698655555555555,0.18765526393668408,0.06741384823965788,03077.csv,B0041,81,3077,4,0.0478336905290522,34
4.188480803141571,4.138842349512479,4.012161986962798,1.839823604952559,0.04963845362909236,-0.29997684312829737,1.0496093287190125,7.949369169721323,11.200598645773905,4.6432490750384785,810.563,0.2251563888888889,0.1867315628677464,0.067373668807382,03079.csv,B0041,83,3079,4,0.0479228171589379,35
4.189045773222253,4.135218120859688,3.9650186584361826,1.811117308582499,0.053827652362564926,-0.4022840734511658,1.2011633823038874,9.047225819573063,10.936042652403566,4.744066303527334,599.047,0.16640194444444445,0.18422855768679774,0.06735182897215433,03081.csv,B0041,85,3081,4,0.0481080249716144,36
4.189640889914263,4.0222477059906465,3.3407510468710684,1.750577605139322,0.16739318392361646,-1.943108082149396,2.0546880338576017,6.867303793453594,9.652988520428655,5.119338161117187,109.078,0.030299444444444445,0.17717404574825346,0.06650271048338753,03083.csv,B0041,87,3083,4,0.0480878273582587,37
4.189817892276336,4.0230637449913065,3.376535267030834,1.7948775590357675,0.16675414728502957,-1.962068668738532,2.072197286027134,7.376798555753924,9.298616166335734,3.4977282673240717,109.171,0.03032527777777778,0.18359311492877214,0.06731736003445495,03087.csv,B0041,91,3087,4,0.0484226192632661,38
4.191983739835927,4.036489359419967,3.516920360081993,1.975138784399138,0.1554943804159601,-1.7719212345736954,2.0994023061341167,6.443867741135219,8.441835425382303,3.7132235096469604,96.484,0.02680111111111111,0.15554818277387128,0.05463643474973359,03089.csv,B0041,93,3089,4,0.0479864952546282,39
4.192012798131299,4.023336744796274,3.356583779630796,1.7728949542450014,0.1686760533350249,-1.9559507912713312,2.066380403758884,8.159447293088878,10.811071564713467,4.797668343341076,109.094,0.030303888888888887,0.18007725857780568,0.06692734265195477,03091.csv,B0041,95,3091,4,0.0482217520049512,40
4.1929659402394455,4.038009769819511,3.506509095784585,1.9302106494417557,0.15495617041993448,-1.7607054829879762,2.087534410892995,5.5290205453691215,7.830975218816948,4.190606136728608,96.906,0.026918333333333336,0.15373548057195563,0.05435965963446497,03093.csv,B0041,97,3093,4,0.0478773156676534,41
4.193229331386959,4.038229166553849,3.5159000773941735,1.9650910927147995,0.15500016483311008,-1.768133964644233,2.0951193145871807,7.124961498497141,9.120173569834156,3.691362291090492,97.015,0.02694861111111111,0.1562222381639725,0.05490934840484847,03095.csv,B0041,99,3095,4,0.0482903205557941,42
4.145769602236702,3.509161728800701,3.3112454225976364,1.9984945380049617,0.636607873436001,-0.8543609566361372,0.36017822217485507,9.154846882609299,14.806765885071044,9.531063838352782,5608.781,1.5579947222222221,4.384136504685883,1.3310011410919458,03099.csv,B0041,103,3099,4,1.2156494086360898,43
4.16529255096133,3.583209073040047,3.3541760641303275,1.9980483774045472,0.5820834779212829,-0.7981740885950973,0.40767610876868704,8.881539906101905,13.99744937533934,9.217413435411395,5703.296,1.584248888888889,4.192818051357555,1.26358038502137,03103.csv,B0041,107,3103,4,1.1476416320946563,44
4.187489255858448,3.5941362826441443,3.3570606628058544,1.969259944196061,0.5933529732143032,-0.7810567570267977,0.4195767590453586,8.750669611128531,14.356275659290002,8.436793465261896,5668.032,1.5744533333333335,4.073796860187081,1.228874598052372,03105.csv,B0041,109,3105,4,1.1194574527298191,45
4.18641602512711,3.619538705681295,3.360601023233454,1.9711826686049976,0.5668773194458145,-0.7613195099194562,0.4317910439732179,8.86215516188506,14.518586105925962,8.469389798136277,5634.047,1.5650130555555555,3.936360183886274,1.1903464918768234,03107.csv,B0041,111,3107,4,1.0841325641850128,46
4.1865714064230355,3.653545331819813,3.376453566741124,1.992456853950006,0.5330260746032227,-0.7425489892830268,0.4427243285283489,8.671218071184747,12.628628797798616,8.225863041434422,5582.375,1.5506597222222223,3.806446184277577,1.1502950692331584,03109.csv,B0041,113,3109,4,1.0607784232892656,47
4.187026822244992,3.6594754275045327,3.3670420302190878,1.9860813942080051,0.5275513947404589,-0.7321893718076324,0.4479201270129848,8.757399436040695,14.249076739876308,8.295263272933328,5567.329,1.5464802777777777,3.7210414391568847,1.130778764165878,03111.csv,B0041,115,3111,4,1.0170312865626592,48
4.163668493269088,3.671176996272993,3.364330094542419,1.9641170559105663,0.4924914969960952,-0.7199523659573055,0.45389351103161313,8.639658664137915,13.400963787224589,9.09796109958097,5528.453,1.535681388888889,3.6196907302953187,1.1039617773986725,03115.csv,B0041,119,3115,4,1.0000374999808574,49
4.187200947787786,3.680252582693387,3.3751162200711295,1.9738816345942325,0.5069483650943987,-0.7118463228821923,0.45763365473456846,8.65548107609068,13.143596987494345,8.730448757568205,5513.39,1.5314972222222223,3.5765399663138675,1.0885666670944367,03117.csv,B0041,121,3117,4,0.991506494786248,50
4.186784389157799,3.679291851716228,3.3621759630641312,1.96202217374659,0.5074925374415709,-0.7087128423143153,0.4591969651974924,8.759984675272241,14.777209247015293,10.574202856989356,5486.187,1.5239408333333333,3.5225690423424068,1.0781743233463137,03119.csv,B0041,123,3119,4,0.9655644425371016,51
4.186125026049552,3.687529987304416,3.368210631607209,1.9654140118768375,0.49859503874513633,-0.6979025722864981,0.4638511481965443,8.830297151200996,14.304402604245366,8.699794085874666,5461.922,1.5172005555555554,3.4517466564173436,1.057252898857394,03121.csv,B0041,125,3121,4,0.9383311962439672,52
4.186746028379296,3.691239197420447,3.370853913355754,1.986312676889039,0.4955068309588486,-0.6933558264284685,0.4658146087035281,8.799768115250679,14.331273599738246,8.597275497853268,5438.157,1.5105991666666667,3.4125229349970674,1.045426356252825,03123.csv,B0041,127,3123,4,0.9298903389240268,53
4.163061069240633,3.6930084472592095,3.3581793261108124,1.9630747982406385,0.47005262198142317,-0.6902880247189804,0.46689129893284387,8.745105198865453,14.563719307573445,10.299513461809532,5402.875,1.5007986111111111,3.353620502858011,1.0338265729141325,03127.csv,B0041,131,3127,4,0.9072117399448598,54
4.186772472927074,3.699878805043233,3.37598164284238,1.9779431503032712,0.4868936678838409,-0.6857268851295145,0.4686497588299315,8.946917298516645,13.829855263617011,8.263374587968496,5384.438,1.4956772222222223,3.339049968146834,1.0235003891750158,03129.csv,B0041,133,3129,4,0.9176870676937324,55
4.186831658425379,3.7012357424100233,3.3752161891444517,1.9639398858129091,0.48559591601535557,-0.6851603503311268,0.46905301964145235,9.040543925569377,13.737164003906685,8.301789934666637,5344.859,1.4846830555555557,3.308857455592126,1.0148869056101542,03131.csv,B0041,135,3131,4,0.9157430721963028,56
4.186655518987532,3.704776743692826,3.378276210248986,1.9702983324374248,0.48187877529470624,-0.6819162824683658,0.47022679832199316,8.532733645586704,12.81091218035467,8.338942753689807,5305.156,1.4736544444444444,3.2707987243814327,1.0029753085144228,03133.csv,B0041,137,3133,4,0.9111662690050432,57
4.18742749688236,3.697272510651037,3.3576825497066554,1.9730383300739132,0.4901549862313228,-0.6894186362655551,0.4673319441226134,8.782675041661408,14.671197747849568,10.084779837187114,5284.547,1.467929722222222,3.277095316792852,1.0105038704772227,03135.csv,B0041,139,3135,4,0.8968901443572698,58
4.162342972042818,3.706975894949083,3.372443445163586,1.9838761544280692,0.45536707709373436,-0.6747860827784834,0.4728584187874451,8.560357801003482,13.038382746716444,8.380028789012213,5267.843,1.463289722222222,3.200951073166845,0.985897763572799,03139.csv,B0041,143,3139,4,0.8862133472800153,59
4.187165554713402,3.699672028049622,3.3616482008091766,1.9788346452939312,0.4874935266637799,-0.6895848665473618,0.46726675200117707,8.764133478033603,13.71449439237538,8.978262904778877,5229.688,1.4526911111111112,3.24700875118106,1.0000263678703805,03141.csv,B0041,145,3141,4,0.8931124136187014,60
4.187045396695641,3.698575779942604,3.355787384613788,1.981400280220432,0.48846961675303735,-0.6897175362541831,0.4672017903700057,8.765404824218605,14.575589138075149,10.182513047024784,5206.954,1.446376111111111,3.2243447699818297,0.995303632998078,03143.csv,B0041,147,3143,4,0.880898507091054,61
4.186293612544601,3.706838200583732,3.3727607964555295,1.9709138772975625,0.4794554119608687,-0.6799724655286791,0.4711679802223198,8.755093905294753,13.067203225526349,7.929692462085772,5179.062,1.4386283333333334,3.174509926968176,0.9764459435511932,03145.csv,B0041,149,3145,4,0.8798879382023741,62
4.187093036345873,3.698957541041479,3.3509928631825083,1.963309434324626,0.48813549530439415,-0.6917951426190971,0.466383911834793,8.893802155578395,14.838581695723231,10.22163824632571,5144.109,1.4289191666666667,3.1916495466585832,0.9868925293428314,03147.csv,B0041,151,3147,4,0.8682347537115443,63
4.16185874534121,3.703867975233623,3.3532732844068915,1.969632856814267,0.4579907701075867,-0.6809063812932633,0.47062110641311156,8.81827276383748,14.14400886283852,8.943724620084971,5142.891,1.4285808333333332,3.130698848491659,0.9706976599242255,03151.csv,B0041,155,3151,4,0.8443569490395516,64
4.186536627382842,3.705377727546193,3.3628002392609977,1.9745500537070804,0.48115889983664895,-0.68532451408367,0.46900755548191564,8.817889726396931,13.627764711730384,8.1303000448423,5109.734,1.4193705555555556,3.145233268261969,0.9704449338960133,03153.csv,B0041,157,3153,4,0.8657093203148538,65
4.186463574636571,3.703885249168362,3.3571560938046234,1.9757714925691652,0.482578325468209,-0.6877787777947552,0.4679962751755852,8.813349159884925,13.996072333026769,8.504528317739648,5078.937,1.4108158333333334,3.132188413437307,0.9680581830611308,03155.csv,B0041,159,3155,4,0.848696904019178,66
4.186593388980786,3.703981310076726,3.353212474513757,1.9845398354520496,0.48261207890405977,-0.6879305049076954,0.4679005001508107,8.798028132789177,14.227945473001952,9.211099513501646,5051.672,1.403242222222222,3.1120259254236764,0.963596464956783,03157.csv,B0041,161,3157,4,0.8364948433646345,67
4.201942981365258,3.3558750579766676,3.415635388206693,2.4407952016086623,0.8460679233885906,-1.048298128077691,1.7517030347394746,33.531461449042084,42.07194057268294,15.790189289312956,6515.422000000006,1.809839444444446,5.986053919538488,1.8636903433435106,03162.csv,B0027,3,3162,24,1.8233077742149364,1
4.20685147285374,3.355717417414291,3.405140913759623,2.4193060956450503,0.8511340554394486,-1.049212058679183,1.7519905096454098,33.768115475386416,42.526459613766654,16.561741605423165,6516.219,1.8100608333333335,5.913982881218168,1.8661945387970589,03164.csv,B0027,5,3164,24,1.814238465116796,2
4.206087528624208,3.3988580033138,3.425659661801085,2.4982363525248754,0.8072295253104076,-1.0465273412198817,1.750533925426768,34.0575363030056,42.65704114936764,16.491221626602773,6489.5,1.802638888888889,5.858711332531759,1.853990828076182,03166.csv,B0027,7,3166,24,1.812859679313087,3
4.206597549468143,3.3944118820456675,3.4201699208239194,2.4798358184535396,0.8121856674224759,-1.0503251867609642,1.752342226815099,34.34311925332076,43.07456793109374,16.78602194156198,6471.25,1.7975694444444446,5.83876338593485,1.8558884140581289,03168.csv,B0027,9,3168,24,1.814424244673997,4
4.206708529635488,3.392360675020466,3.4180604683404985,2.4669313816061296,0.8143478546150225,-1.0497801003401392,1.752059386913408,34.3900563067441,43.12836631992577,16.786331722414324,6466.672,1.7962977777777775,5.826927921667866,1.8543265826279647,03170.csv,B0027,11,3170,24,1.812800333853042,5
4.182675464297748,3.3680669644764567,3.3978401981445576,2.492471012096456,0.8146084998212917,-1.0476986183510901,1.7514526143020162,34.16207101391941,42.9279467397339,16.764605032018373,6410.672,1.780742222222222,5.742165391670384,1.8364999558012725,03174.csv,B0027,15,3174,24,1.7946038703195293,6
4.202193645397168,3.3428159145508807,3.3984422668226393,2.4232193266263646,0.8593777308462873,-1.0572775446036453,1.7566120097310602,33.65117316898919,42.344909658609986,16.431643290458467,6474.156,1.7983766666666667,5.925171612527853,1.870243320847453,03178.csv,B0027,19,3178,24,1.816519171293833,7
4.207150334625055,3.3766206190803336,3.411384397730043,2.4791120561344835,0.8305297155447215,-1.0548269593999815,1.7547868386653585,33.993154419553875,42.50145921854707,16.180930770642288,6460.75,1.7946527777777779,5.873861870716311,1.862645393023613,03181.csv,B0027,22,3181,24,1.819833556519024,8
4.206397551973287,3.3746122127441796,3.40775629545449,2.428102703648056,0.831785339229107,-1.0553776405080413,1.7551577027864314,34.121102900157744,42.75456095698592,16.504452831485317,6448.907,1.7913630555555555,5.844782585051961,1.8599766022522766,03183.csv,B0027,24,3183,24,1.816980986440728,9
4.206620391551443,3.365388813998877,3.4031041806987625,2.4202095510772232,0.8412315775525658,-1.0554671306178591,1.7552082623367051,34.521504581092735,43.208685492251035,16.676129430311093,6447.125,1.7908680555555556,5.840795816677042,1.8598488871089647,03185.csv,B0027,26,3185,24,1.8047602710768988,10
4.194991220811618,3.3466825768002697,3.38665218439762,2.3998890148152445,0.8483086440113481,-1.055670294257971,1.7554802594515793,33.91883669839733,42.59572185384836,16.685483481115252,6431.219,1.7864497222222222,5.807435877299004,1.857358200558412,03189.csv,B0027,30,3189,24,1.8021778881408677,11
4.2023598960429815,3.384141614353408,3.4140369130125587,2.483742346997907,0.8182182816895733,-1.0529574586448567,1.753692819700695,34.203791109857484,42.63365730314649,16.315650251213636,6442.203,1.7895008333333335,5.836190429267436,1.854009561525628,03193.csv,B0027,34,3193,24,1.810054375611175,12
4.206482819011052,3.3413011431722475,3.3945090590148355,2.382935984422233,0.8651816758388047,-1.0601013419063348,1.7578623087315306,34.48622307207774,42.89197473994752,16.170489709959508,6427.079,1.7852997222222222,5.8802079219348835,1.8633225729190508,03195.csv,B0027,36,3195,24,1.8191618703574552,13
4.205237613119845,3.390750991887319,3.4204049256076163,2.4903839742860163,0.8144866212325259,-1.0537206430621189,1.7542538727298096,34.40141739485764,42.73670303920533,16.05697774635106,6417.156,1.7825433333333334,5.84258479909738,1.8506839177425523,03197.csv,B0027,38,3197,24,1.806344581230731,14
4.205946910651655,3.3583405048869572,3.401908039296132,2.39789040439265,0.8476064057646981,-1.060902364203764,1.7580446537638015,34.3150259504104,42.71819238433457,16.161190446772572,6398.907,1.7774741666666667,5.852079794742295,1.8567561792753853,03199.csv,B0027,40,3199,24,1.8120006378747944,15
4.205053312485709,3.36932069660063,3.407597938928066,2.41937557251393,0.8357326158850786,-1.0613281994084631,1.758243732998886,34.450526992415796,42.87852551010068,16.27066495953985,6384.75,1.7735416666666666,5.843198788926236,1.853981920522025,03201.csv,B0027,42,3201,24,1.809238569578753,16
4.181855642136106,3.3075959093080756,3.3774091842080276,2.444119634453687,0.8742597328280302,-1.061988907424718,1.7587620976684957,34.741504044616725,42.99196482622249,15.825880346862462,6284.063,1.7455730555555555,5.777572431723353,1.8269477640007232,03205.csv,B0027,46,3205,24,1.7820717716005336,17
4.202820080160637,3.299946715721563,3.3771878224396685,2.395925863485738,0.9028733644390741,-1.0662806393885873,1.761029345141331,34.663008920131865,42.920147884014575,15.884644172810113,6370.937000000005,1.7697047222222237,5.882056230528802,1.8603141127216158,03209.csv,B0027,50,3209,24,1.8145504562341048,18
4.206436642050531,3.325166570400596,3.390746744780089,2.408349641748691,0.8812700716499351,-1.0653782286766844,1.7607495486480977,34.47643463041281,42.77821015998406,15.887877518344478,6359.812,1.7666144444444445,5.867897509903333,1.8541750465176325,03211.csv,B0027,52,3211,24,1.809153485164282,19
4.20638281753962,3.335664696258461,3.3939882666698242,2.399239705167686,0.8707181212811586,-1.0657949875596553,1.7611886756981487,34.45771838499012,42.71393681070588,15.963958273278791,6346.156,1.7628211111111112,5.84887848240115,1.8517174233780371,03213.csv,B0027,54,3213,24,1.806555150809371,20
4.2054658678946755,3.3424367374327635,3.395270569622429,2.378335964879865,0.863029130461912,-1.0664883306260853,1.7617283965631718,34.276431502022604,42.66066961608101,16.025104351621085,6328.172,1.7578255555555555,5.8266440300320275,1.8477632306036176,03215.csv,B0027,56,3215,24,1.802401655959492,21
4.206584936190674,3.373483228053552,3.4104656511949063,2.437999478526856,0.8331017081371219,-1.0632318841030186,1.7596150729784519,34.35292925698558,42.64239690775237,16.100624680231668,6326.062,1.7572394444444444,5.806004335130486,1.8420484805675645,03217.csv,B0027,58,3217,24,1.7964331683322998,22
4.202720536521346,3.358054295305309,3.4006414041604756,2.484818012933219,0.8446662412160366,-1.0590432103446814,1.7569657948549,33.64812848797218,41.86831727976231,15.956187114771677,6352.843,1.764678611111111,5.80319033032444,1.8424454093340457,03224.csv,B0027,65,3224,24,1.8088036930508289,23
4.206301818692852,3.3619049838019364,3.403879368199544,2.456168013420922,0.8443968348909157,-1.0635509942186294,1.7593696772789096,33.75077258934032,41.97207960495628,15.982567247288188,6309.172000000006,1.7525477777777794,5.787936270800035,1.8377606785758898,03226.csv,B0027,67,3226,24,1.7915527748749651,24
4.205750597989692,3.3828876573241806,3.4141854712687336,2.4697995830050976,0.822862940665511,-1.0638261484808664,1.7596922829632649,33.72038549007088,41.92250461031742,15.944795254734931,6284.297,1.7456380555555555,5.768078113193291,1.8318578747410643,03228.csv,B0027,69,3228,24,1.7853375192239571,25
4.20589200120434,3.400175722413523,3.4230599701504794,2.491582666091738,0.805716278790817,-1.0651012851496238,1.7598952235817957,33.812030459081335,42.14300769699952,16.216849964191056,6265.969,1.7405469444444444,5.754747283417834,1.8272209500584042,03230.csv,B0027,71,3230,24,1.793209210325309,26
4.205560793070628,3.3648937947570956,3.4023930606429906,2.3944859739266695,0.8406669983135324,-1.0684596107286113,1.7618655759929995,33.79680193008211,42.43039551713637,16.523013254004866,6266.641,1.740733611111111,5.763862889383449,1.834177977374305,03232.csv,B0027,73,3232,24,1.7873097711102113,27
4.186200185347402,3.290288430792597,3.3633791712406205,2.4249816079125552,0.8959117545548048,-1.0694140697591357,1.762469716834803,33.92036482801563,42.033372446715575,15.98245671561439,6198.75,1.721875,5.701178957731695,1.8173541858528732,03236.csv,B0027,77,3236,24,1.7700926253324452,28
4.181684067765273,3.3640865193218974,3.439679725636751,2.6909422904080547,0.8175975484433757,-1.8098343456068091,0.5771319984822731,32.08333169533252,37.78004007704112,14.881848713961027,3360.922,0.9335894444444445,5.826185465685864,1.6893051844930356,03241.csv,B0044,2,3241,22,1.686525555152074,1
4.183923616071334,3.3747460434942633,3.452824239327816,2.6852515353168815,0.8091775725770702,-1.8219328456366495,0.5599183849709556,31.44294016626267,37.37920163006831,14.894112695246758,3289.406,0.9137238888888889,5.76475360379853,1.6652594537069596,03243.csv,B0044,4,3243,22,1.6624606531639186,2
4.183717457974608,3.3689010081832835,3.4521568195939896,2.6435613323767395,0.8148164497913246,-1.8359320421754788,0.5386063274468227,31.14990089807352,37.15907806475986,14.918988838646374,3244.797,0.9013325,5.731957636241137,1.6562103539183726,03245.csv,B0044,6,3245,22,1.6534010755700512,3
4.183480576276661,3.3748725264579043,3.4552256770525456,2.6433677125804977,0.8086080498187571,-1.8454888344252118,0.5234200119107342,31.12954746264574,37.12091726941865,14.971445744869005,3211.438,0.8920661111111111,5.707291411648363,1.6480317546643675,03247.csv,B0044,8,3247,22,1.6452145903490936,4
4.1815793438438185,3.3874946108279547,3.463672030116032,2.684789036307898,0.7940847330158638,-1.8546992944071559,0.5080329231754062,31.513994261671055,37.70825289621454,15.190076299020223,3175.594,0.8821094444444445,5.68600224852956,1.6384748823695143,03249.csv,B0044,10,3249,22,1.635664062367341,5
4.18108163961898,3.2896584926178556,3.5268413438277695,3.2896584926178556,0.8914231470011242,-1.978883934795127,0.16986180122000688,30.9572734254796,35.59949904890386,12.488082582925092,2646.625,0.7351736111111111,5.133738909959432,1.4574247466990697,03253.csv,B0044,14,3253,22,0.0,6
4.183320051971667,3.388696256533534,3.4680330762776053,2.6725301429926103,0.7946237954381332,-1.8756028913091127,0.47079091595472655,31.634787338016164,37.649599494653536,14.541898567928957,3121.672,0.8671311111111111,5.66001868579331,1.6295755402443861,03255.csv,B0044,16,3255,22,1.6267769765146465,7
4.183385673000076,3.4069875293051957,3.4679406316174908,2.69384241497005,0.7763981436948799,-1.8740941775158022,0.47369169654201604,31.273656122735403,37.14337821498799,14.477280038710614,3102.937,0.8619269444444444,5.620900461759537,1.6187906996206416,03257.csv,B0044,18,3257,22,1.6159715504743064,8
4.182968735483095,3.4136387699646016,3.465103331199183,2.6763379244951913,0.7693299655184931,-1.87297275010726,0.47573758304502606,31.0513882525287,37.11952925248905,14.757637566017056,3089.437,0.8581769444444444,5.586782501767102,1.6104239128490196,03259.csv,B0044,20,3259,22,1.6076028386649623,9
4.182885737502341,3.4207481174729533,3.463878052026492,2.6678573050009757,0.7621376200293875,-1.871931466677304,0.47783352615435004,30.825315603911406,36.8278472964388,14.720058342592328,3077.75,0.8549305555555555,5.559314145348132,1.6032247769997803,03261.csv,B0044,22,3261,22,1.6003360401431612,10
4.1809489315384525,3.423664339073906,3.4618790737027214,2.651692148341609,0.7572845924645466,-1.8711336666924587,0.47921446861593425,30.772306222074594,37.07362320866197,15.078677201425595,3074.875,0.8541319444444444,5.547626715578865,1.6007530368690064,03265.csv,B0044,26,3265,22,1.5978700914991917,11
4.183395298117799,3.426541307949364,3.4619567664351507,2.638384304971687,0.7568539901684348,-1.869887873532527,0.4814744553872053,30.77793162980491,37.27343452416563,15.2599499643119,3061.891,0.8505252777777778,5.520764745508611,1.5929450644809102,03267.csv,B0044,28,3267,22,1.5900310265163515,12
4.18312292936732,3.439447050853956,3.4608461967292694,2.633572972853497,0.7436758785133639,-1.8624610796586116,0.4945314124017272,30.734077377574607,36.92555325153096,14.942955773457342,3058.469,0.8495747222222222,5.489737825562973,1.5846028708644484,03269.csv,B0044,30,3269,22,1.5816311155652092,13
4.183401469736752,3.4546862687359474,3.462773986667914,2.670554577314724,0.7287152010008042,-1.8611231730261666,0.496889540786307,30.711931701692418,36.82542072716141,14.859307674520757,3040.75,0.8446527777777778,5.455902087735232,1.5744390428634878,03271.csv,B0044,32,3271,22,1.5714556311034702,14
4.182608034549464,3.4645912994869854,3.46142516586872,2.662418584963947,0.7180167350624784,-1.8534672146493336,0.5099039780983041,30.692223526355477,36.86402084995953,14.926013283499092,3037.641,0.8437891666666667,5.424988874938094,1.566212361347777,03273.csv,B0044,34,3273,22,1.563220798569978,15
4.180665797789407,3.4738724052580148,3.459888006806987,2.656737093913297,0.7067933925313925,-1.8464485055279791,0.5217242006008657,30.656716513936473,36.854479447477715,15.027296394450705,3044.828,0.8457855555555556,5.413227089421415,1.563695317395982,03277.csv,B0044,38,3277,22,1.5606775388245586,16
4.183243082901965,3.4765098753449704,3.459225464203645,2.6456088379984415,0.706733207556995,-1.8450475324556972,0.5239802525242483,30.677651249958302,37.00807199261186,15.133177595953555,3030.25,0.8417361111111111,5.383545652824292,1.5554441688077498,03279.csv,B0044,40,3279,22,1.5523886011314287,17
4.182596378873874,3.4840894313424213,3.459378780567444,2.657434360611611,0.6985069475314525,-1.8438251021984409,0.5256572574667683,30.670401222972917,36.85691194751145,14.95970471143584,3017.578,0.838216111111111,5.355470157993686,1.547528058608103,03281.csv,B0044,42,3281,22,1.5444592876561969,18
4.1827588365539485,3.4967812022478166,3.4594746923592585,2.6700448196473143,0.6859776343061319,-1.8359182150531628,0.5382543271762874,30.695903900430444,36.933977837728406,15.083584649701915,3015.0,0.8375,5.327331115495818,1.5396238158537447,03283.csv,B0044,44,3283,22,1.536558134180655,19
4.182965523323816,3.4945641813040194,3.457758884701852,2.6538669632174807,0.6884013420197963,-1.837930189329905,0.5351611933109403,30.693601629277207,36.96952216360131,15.088849993155137,2999.454,0.8331816666666667,5.304599167607489,1.5338575147422522,03285.csv,B0044,46,3285,22,1.5307255867941072,20
4.17495739021519,3.504414730046966,3.4604365465272604,2.679338771098678,0.6705426601682238,-1.822406275328598,0.5582193916306711,31.3317805416781,37.880341936530016,15.750771705047224,3054.859,0.8485719444444444,5.358761504451314,1.5483569947446425,03289.csv,B0044,50,3289,22,1.545242808242328,21
4.1804104728622375,3.5003216485531605,3.4673706320595796,2.6880235920055937,0.680088824309077,-1.8277755287188366,0.55062401093294,32.003093392777586,38.4338113726962,15.480226009293439,3034.875,0.8430208333333333,5.351558371131906,1.542798364101995,03293.csv,B0044,54,3293,22,1.5397144491816253,22
4.183012088063382,3.5088886672602615,3.4682443755783012,2.687370056924405,0.6741234208031206,-1.8199294716775476,0.5626304415241543,32.229129548420126,38.62527616952544,15.383616570406861,3030.0,0.8416666666666667,5.320790799578075,1.5336552218406116,03295.csv,B0044,56,3295,22,1.5305357077773765,23
4.182991073101482,3.516005192645503,3.4662944691430644,2.6893554366992016,0.6669858804559787,-1.8182280699458226,0.5651932608663193,32.11597218782517,38.54196067361033,15.406010707207258,3011.781,0.8366058333333333,5.280181392526632,1.5231546355391208,03297.csv,B0044,58,3297,22,1.5199735224097084,24
4.182731552192122,3.505445449868525,3.4597034229251418,2.633690741780774,0.6772861023235968,-1.82344115362652,0.5576246641554571,31.969087731359647,38.50117611497123,15.564811613731209,2990.25,0.830625,5.249137225968681,1.5168240231115189,03299.csv,B0044,60,3299,22,1.5136629526844203,25
4.182713459240956,3.5263824378904047,3.4622130413589143,2.6891582121304634,0.6563310213505513,-1.814801427898659,0.569880270484009,31.87470050843518,38.43383998472231,15.663261787102932,2980.234,0.8278427777777777,5.207305169640401,1.5044400734772696,03301.csv,B0044,62,3301,22,1.501287000699295,26
4.180239999673539,3.529781838490304,3.4628505734955555,2.6829363216833317,0.6504581611832347,-1.8075840969590578,0.5800322782054074,32.24329057966032,38.70474156110448,15.583595536993016,2994.844,0.8319011111111111,5.212429525635264,1.5055784156008105,03305.csv,B0044,66,3305,22,1.5023814734911674,27
4.182573946557156,3.5261545770129255,3.4628624711973686,2.6587209985414955,0.6564193695442304,-1.8065211847034746,0.5817569081144133,32.62193857776337,39.13185799913766,15.555486343837877,2987.672,0.8299088888888889,5.198463339920723,1.5013097129142423,03307.csv,B0044,68,3307,22,1.4980955154277502,28
4.182850498002054,3.531870606627692,3.4614145860859864,2.660938360343116,0.6509798913743619,-1.8052430334885246,0.5836844600397988,32.534721843990155,39.06117424677476,15.555752413620539,2975.1100000000006,0.8264194444444446,5.169687195939655,1.4939062124684914,03309.csv,B0044,70,3309,22,1.4906542391377111,29
4.182966025381988,3.5288503031620597,3.4567536825256298,2.6382065057381183,0.6541157222199279,-1.8105860657133828,0.5763458802202687,32.315090431633784,38.900911326239694,15.640536823535676,2953.219,0.8203386111111112,5.1409752295739555,1.4876708820586635,03311.csv,B0044,72,3311,22,1.484397163943621,30
4.182931442119697,3.552478369819296,3.457596686753219,2.680375195087231,0.6304530723004014,-1.7950692987909964,0.5974764408413852,32.11227103017126,38.637548513661336,15.660776262348026,2955.484,0.8209677777777777,5.097845236749665,1.4758060101917176,03313.csv,B0044,74,3313,22,1.4725321936230114,31
4.1793816650979885,3.56324144015358,3.456382425532515,2.695456060678521,0.6161402249444086,-1.786985657468036,0.6081713477965005,31.7443365044674,38.14612160171512,15.365488014266361,2957.016,0.8213933333333333,5.072482086980555,1.4696337934292343,03317.csv,B0044,78,3317,22,1.4663149382113208,32
4.183025078755878,3.5514506226852394,3.455898543666277,2.658317830680757,0.6315744560706387,-1.7928445896165708,0.6004961497193906,32.11351047936838,38.41020545726171,15.192674332067764,2948.219,0.8189497222222223,5.077046965278379,1.4704350780849018,03319.csv,B0044,80,3319,22,1.4671298468877776,33
4.182131682130832,3.55501029693585,3.4536993651226653,2.6504983510643836,0.627121385194982,-1.7913668174036652,0.6024436779266827,32.04801967333395,38.342879393411714,15.04664738773689,2935.5,0.8154166666666667,5.046168101822914,1.462702353777497,03321.csv,B0044,82,3321,22,1.4593858997633138,34
4.182626282409245,3.568546814982376,3.4526946539372747,2.688935729076874,0.6140794674268695,-1.7891101484216256,0.6055317090467354,31.708021910539802,37.97725957749192,15.062936797804785,2913.797000000006,0.8093880555555572,4.998516385832911,1.4501211327413008,03323.csv,B0044,84,3323,22,1.4467901368505207,35
4.182799215645239,3.573015899595583,3.44942355838508,2.687761244178016,0.6097833160496555,-1.7876594976231701,0.6077272510676894,31.467203186429348,37.797055139354214,15.19957669207096,2900.703,0.8057508333333333,4.966010842830537,1.4424149049752166,03325.csv,B0044,86,3325,22,1.4390669859638228,36
4.179973909655392,3.5738193809321954,3.4464363236508913,2.668468130193828,0.6061545287231969,-1.7797845626759963,0.617639350503117,31.560453436032944,37.93561044482721,15.572347646158509,2914.031,0.8094530555555556,4.960961381117446,1.442287180531366,03329.csv,B0044,90,3329,22,1.4389892550462602,37
4.182978380469111,3.5625836536370183,3.447035324752623,2.6420564556682917,0.6203947268320924,-1.786101275708508,0.6097165881952838,31.887709097598353,38.32554543437737,15.49627327394856,2901.968,0.8061022222222222,4.963084706280025,1.4420118888034863,03331.csv,B0044,92,3331,22,1.4386198779578576,38
4.183054454837302,3.5741605633100213,3.4510808838042264,2.6780728769094244,0.608893891527281,-1.7774334664210216,0.6207343455872792,32.164811812502585,38.556109997490786,15.332321167054491,2901.734,0.8060372222222222,4.9420762856245,1.434697589682845,03333.csv,B0044,94,3333,22,1.4313412096653504,39
4.18231054917298,3.581482178632123,3.450413161794029,2.6917750634373303,0.600828370540857,-1.7758066384425826,0.6228613963267934,32.13295425226488,38.62165239845955,15.405407619157721,2887.407,0.8020575000000001,4.910774435213433,1.426350729219323,03335.csv,B0044,96,3335,22,1.422973037663468,40
4.182416637290177,3.58047558127388,3.44468943990224,2.68001440979752,0.601941056016297,-1.78107743904082,0.6161596344750433,31.751336888270355,38.18800348171553,15.334599877637476,2861.937,0.7949824999999999,4.874653955264441,1.4183909487146376,03337.csv,B0044,98,3337,22,1.4150153099745095,41
4.177605302188679,4.136551958791687,4.054818943483505,2.5311035775191533,0.0410533433969924,-0.21883274923266322,0.914035990562849,7.057089335323658,9.757496138930122,4.909525585061387,1055.25,0.293125,0.18915256262025773,0.06404083069462385,03341.csv,B0044,102,3341,4,0.0572172710622218,42
4.1758503096814,4.132797274883668,4.048971725415953,2.5372412665469883,0.04305303479773226,-0.22917871468766657,0.9341097631819163,6.945113627374995,9.760471127293034,4.11479647615227,1012.187,0.28116305555555554,0.1903925340676968,0.06411590500228828,03345.csv,B0044,106,3345,4,0.0573587470253984,43
4.1760882615952974,4.132835392966636,4.048139868634576,2.5608994701667624,0.04325286862866129,-0.23457936698907242,0.9441982069859014,6.969210950143102,9.69821406411427,3.3137049477742417,991.172,0.27532555555555555,0.19243414511630338,0.06431453969611492,03347.csv,B0044,108,3347,4,0.0574968754544523,44
4.176702751698478,4.133456767983784,4.04489102283376,2.4875185728014695,0.04324598371469435,-0.23761419438252948,0.9495715552721687,7.1320933104899575,9.00106106019679,4.203405346927994,982.094,0.2728038888888889,0.1904160007426344,0.06450793980229887,03349.csv,B0044,110,3349,4,0.0576308880988852,45
4.173920852315538,4.132808596857486,4.058712789171854,2.652711478763571,0.04111225545805208,-0.2099858295389897,0.8956222892768816,6.9052479876970985,8.446753567938917,3.858168830572616,1063.609,0.2954469444444444,0.18673713246214838,0.06163103900925856,03351.csv,B0044,112,3351,4,0.0551169133397871,46
4.176052130765157,4.128105015229725,4.04058000450648,2.567871692937443,0.047947115535432516,-0.2518669105532582,0.9758996488597576,6.719645217752847,9.004482980571387,2.8227090387070746,1067.641,0.2965669444444445,0.22266823807594094,0.0738939197837248,03354.csv,B0044,115,3354,4,0.0674075526574801,47
4.177001690332218,4.1286070754017565,4.038574138704129,2.537541377739229,0.048394614930461266,-0.25717248545758564,0.9856008644943842,6.752194119869617,10.10838939092693,5.780123117549479,1048.687,0.2913019444444444,0.22244873811810256,0.07419100784577477,03356.csv,B0044,117,3356,4,0.0675676530317139,48
4.176258717683466,4.134918440074762,4.060984637180495,2.6996320897449855,0.04134027760870396,-0.2168958065340876,0.9094992071605768,6.682861474834709,9.084345421523768,5.032421678692327,1039.984,0.28888444444444444,0.19111849085727198,0.062171533650526106,03358.csv,B0044,119,3358,4,0.0556373104491564,49
4.177474490963576,4.1257067748608085,3.9901324953918995,2.502639203032668,0.0517677161027672,-0.3924814177291053,1.1980955831085567,7.805372903557112,9.9732818280256,5.538489915761898,687.328,0.19092444444444442,0.22300911644638788,0.07477692498837168,03360.csv,B0044,121,3360,4,0.0682243327610682,50
4.177754475108936,4.135563573656689,4.060072156375749,2.645057195756969,0.04219090145224769,-0.21680725503393133,0.9096240223149311,6.452537181339348,7.130613484534643,3.450574703109202,1047.531,0.2909808333333333,0.1913454192477416,0.06263277659678657,03362.csv,B0044,123,3362,4,0.0560524534315144,51
4.176437545781662,4.127241090649013,4.036259706472422,2.5457909784374686,0.049196455132648254,-0.2627044986257249,0.9957518008202856,6.89796196003197,9.420302039012588,3.0998083209077274,1038.375,0.2884375,0.2271928391812052,0.07540808907803896,03366.csv,B0044,127,3366,4,0.0686822013010505,52
4.1766732396736,4.127186473195887,4.034899045788163,2.525156138635263,0.04948676647771322,-0.2660568669142741,1.0006278418361065,6.643140512754006,8.596928821276874,2.4009349178231663,1030.703,0.2863063888888889,0.22738773504809262,0.07552394107591272,03368.csv,B0044,129,3368,4,0.0687475535334652,53
4.176262440841608,4.134428295821622,4.05627259287341,2.667566835510919,0.04183414501998595,-0.22645846348554163,0.9288577442481423,6.823596011664432,8.914167582596768,5.329154680303811,1010.765,0.28076805555555556,0.19338496715398265,0.06313011867973801,03370.csv,B0044,131,3370,4,0.0565143989134748,54
4.17780020929139,4.134947937921308,4.056631496996698,2.6214259323214453,0.04285227137008185,-0.2243099150823807,0.9237730385147581,6.621700828774675,7.468130255797678,3.8437192128557256,1025.719,0.28492194444444446,0.1933216247856958,0.0634913702000975,03372.csv,B0044,133,3372,4,0.0567330718538736,55
4.177530439833207,4.127543076343453,4.033722240018022,2.5339139586135624,0.04998736348975452,-0.27219298018702565,1.0114493179015096,6.654177389025503,9.34228820478629,3.5997558847051767,1016.859,0.2824608333333333,0.22971225039482104,0.07621449192499938,03374.csv,B0044,135,3374,4,0.0694133756360175,56
4.176436149558298,4.132734357249311,4.052548629680626,2.6459372770148692,0.04370179230898685,-0.23539096687777275,0.9443071091801134,6.691030736897561,9.296386526511638,5.787813057319343,1021.079,0.28363305555555557,0.20313827424466532,0.06639673657437399,03378.csv,B0044,139,3378,4,0.0593176644466495,57
4.177198757478185,4.127005414098857,4.031869983878109,2.5126783310210183,0.05019334337932779,-0.27579395871276174,1.0170579801699462,6.789742456285512,10.402010089986526,5.186004114993964,1010.562,0.2807116666666667,0.2303496431733514,0.07666084634128131,03380.csv,B0044,141,3380,4,0.0698170725362273,58
4.175693660429193,4.1331117060888705,4.0546007592526,2.676683003373552,0.042581954340322525,-0.23192836333731057,0.9392590556984879,6.652607169727167,9.139614420555528,5.434759034427438,1003.313,0.27869805555555555,0.19752986487648377,0.06424450081240847,03382.csv,B0044,143,3382,4,0.0574643508969407,59
4.1767178653680554,4.1262105109570015,4.029900462300052,2.509819479017468,0.05050735441105392,-0.2784044039379529,1.0224840808404725,6.727197790202006,10.577915316418856,5.039321996657368,1006.187,0.2794963888888889,0.23246439587574932,0.07735951853282276,03384.csv,B0044,145,3384,4,0.0705377438399369,60
4.175734240124533,4.132756769807868,4.0528579449382525,2.659947287863178,0.04297747031666521,-0.23468645740446364,0.9442872570310308,6.704744929431838,9.153655205612418,5.705139749091124,996.765,0.2768791666666667,0.1991866513013788,0.06491819513931425,03386.csv,B0044,147,3386,4,0.0580546605234449,61
4.174858788640489,4.124232143624501,4.027030974078611,2.502902423851419,0.05062664501598846,-0.2817775496820992,1.028308276391784,6.688129486124422,10.601194386353557,5.347784789024121,999.422,0.27761722222222224,0.2331681179541016,0.07766228911498825,03390.csv,B0044,151,3390,4,0.0708399201529106,62
4.175396670709832,4.131481323620592,4.048647775995237,2.597947039498895,0.043915347089240164,-0.23781178807825715,0.9496076536552064,7.135311524033081,8.524863523744626,3.825351020414434,990.234,0.275065,0.1977890923933666,0.06516825654169826,03392.csv,B0044,153,3392,4,0.0581718361305258,63
4.176278504943042,4.1290103005481,4.006197810720952,2.688243972514366,0.047268204394941726,-0.3839746086117853,1.187873578883094,7.514206392471801,9.440256551104172,5.020231173991792,608.953,0.1691536111111111,0.2010272469175053,0.06515459929377555,03394.csv,B0044,155,3394,4,0.0583051571279828,64
4.1759985062489635,4.1281368221553985,4.001898132433219,2.6997767051836083,0.04786168409356506,-0.39910424698891406,1.209312808906505,7.105939545905624,9.577062674735402,5.157330288185735,586.719,0.16297750000000003,0.20186935508942402,0.06527826756946443,03396.csv,B0044,157,3396,4,0.0584559266936776,65
4.176892285737099,4.12847320903054,3.9995228828543783,2.6926916057581445,0.048419076706559316,-0.4072004054361969,1.2201586654707326,7.121133621766568,9.571995894192735,5.21852836262011,575.922,0.15997833333333333,0.2020300240028414,0.06540331293266118,03398.csv,B0044,159,3398,4,0.058629861106387,66
4.173446035964009,4.130206178861365,4.053493486866572,2.6700548004006626,0.043239857102643775,-0.2265541392450527,0.9288442918593434,6.525840333846862,7.124889090041003,2.8396253383089656,1050.406,0.2917794444444444,0.20278160201266449,0.06591231572637887,03402.csv,B0044,163,3402,4,0.0589003321838338,67
4.1757127493459585,4.131744498336176,4.052074849774992,2.6107085277536015,0.0439682510097823,-0.2291913700387426,0.9341187457201724,7.0347000891113804,8.324153740739145,4.183431194031477,1040.75,0.2890972222222222,0.20093226691945107,0.06608213390204538,03406.csv,B0044,167,3406,4,0.0590646770201104,68
4.176015929727789,4.12476936471441,4.028366353886938,2.500114336550371,0.05124656501337821,-0.2819333043565596,1.0281289138093352,6.8973768386013505,10.63955759206541,5.3129189859601675,1019.125,0.2830902777777778,0.23926087413853706,0.07949321736582311,03408.csv,B0044,169,3408,4,0.0724057998284407,69
4.176353738400277,4.12090697343428,3.9662515216379144,2.463640728476522,0.0554467649659971,-0.46093159458169275,1.287034354691308,8.12797412482593,10.376173431482592,5.418624462334347,618.844,0.17190111111111112,0.23789081724704092,0.07953569847980714,03410.csv,B0044,171,3410,4,0.0725563284689165,70
4.177102599239209,4.132568841855832,4.052244387669817,2.5987325707723405,0.04453375738337684,-0.23199889868853293,0.9392414165664332,6.951583874586089,8.316021086973787,4.299692903111198,1039.547,0.28876305555555554,0.2032178972144869,0.06676466469896382,03412.csv,B0044,173,3412,4,0.0595922298890959,71
4.175766598515428,4.1238579238373845,4.024847285360175,2.4742429443982785,0.051908674678043276,-0.28835896667589855,1.0396968953688814,6.953046195579622,10.655557073631597,4.712384107775519,1004.328,0.27898,0.24154379113714558,0.08044696243623263,03414.csv,B0044,175,3414,4,0.0732170902276858,72
4.174362644498064,4.129917794984331,4.051149690799867,2.693112294857156,0.04444484951373351,-0.2402036412336424,0.9554464788314885,6.413311987885646,7.631714348736341,2.303248580520939,1005.75,0.279375,0.20759930539689586,0.06692886769312863,03418.csv,B0044,179,3418,4,0.0598410084998697,73
4.175874340371016,4.123428906963438,4.023626364549916,2.476301013332819,0.0524454334075779,-0.2918314525277321,1.0456411427545336,6.779577103952525,10.509625598200184,4.838363657536211,995.797,0.2766102777777778,0.24236828694039955,0.08066696176553191,03420.csv,B0044,181,3420,4,0.0734434705697157,74
4.176007922304425,4.123444004293982,4.0230998765187564,2.455959621392259,0.05256391801044291,-0.2917484860639784,1.0454914612088173,6.978468873690951,9.204729619835248,2.7761366544129613,998.921,0.27747805555555555,0.2427219776879373,0.08088765788515175,03422.csv,B0044,183,3422,4,0.0737373960592326,75
4.176332232374171,4.131465851802199,4.047078241937264,2.595966933411927,0.04486638057197201,-0.2460711384456988,0.9664036022245382,6.809785593582902,7.96351554428054,4.207758227430784,989.141,0.2747613888888889,0.20605906117776665,0.06745822378199431,03424.csv,B0044,185,3424,4,0.0603231248972743,76
4.176068533506241,4.123208978748907,4.02025965935536,2.4476887634196065,0.05285955475733406,-0.298818492738235,1.0579169271761968,6.971049837313714,9.367163499816083,2.9607333966786387,979.203,0.2720008333333333,0.24372236936686453,0.08131760502455539,03426.csv,B0044,187,3426,4,0.0740961197823434,77
4.1740583227112635,4.1290273921784415,4.048987988645058,2.696514442504613,0.04503093053282203,-0.24619641320878316,0.9663106816390193,6.579881562367587,8.36281681813677,2.3705986753821557,994.031,0.2761197222222222,0.2109117606444613,0.06791790892709382,03430.csv,B0044,191,3430,4,0.0607171505329549,78
4.175423863730147,4.130120431964664,4.048190135327761,2.690051793810678,0.04530343176548346,-0.25222392819933964,0.9778790532985127,6.690126647286674,9.833929266126528,4.45560200870684,971.516,0.2698655555555555,0.21105329986080007,0.06804962087206666,03432.csv,B0044,193,3432,4,0.0608284422939796,79
4.174918527597704,4.128452491933104,4.031325666700656,2.682527208849319,0.046466035664599836,-0.3018936240718056,1.0638632275455884,6.925009518097775,9.82294821385076,4.328519618606574,810.563,0.2251563888888889,0.21081476518090705,0.06809160625360072,03434.csv,B0044,195,3434,4,0.0609288444479822,80
4.175487105309189,4.1259328793701435,3.99633832641595,2.6522914416676375,0.04955422593904579,-0.4070041672359562,1.220312062625124,7.831469751479566,9.64729446630716,4.6360991567741445,599.047,0.16640194444444445,0.21050150751539903,0.06835532937602606,03436.csv,B0044,197,3436,4,0.0612203873656202,81
4.176924395260363,4.013179157800582,3.5339557623459625,2.546878970446884,0.1637452374597803,-1.9943360872313463,2.102581694527075,6.3578218287881425,8.475214897845488,4.213862160157839,109.078,0.030299444444444445,0.20639801912044659,0.06833291317029541,03438.csv,B0044,199,3438,4,0.061336775826916,82
4.176472262163263,4.01543311516974,3.5662543456123466,2.6459302194913836,0.16103914699352284,-1.996129232362493,2.1015027133508295,6.5954208155010985,7.906766993792881,2.5675675008571277,109.171,0.03032527777777778,0.21113789627976662,0.06849251281425178,03442.csv,B0044,203,3442,4,0.0615021959933087,83
4.177509034327151,3.977433632079869,3.480657456568583,2.5366466461777906,0.2000754022472817,-2.217653041798755,2.1014955815477805,6.324536214740793,8.628110902694925,4.064666184825437,96.484,0.02680111111111111,0.2068516139807665,0.06851179734046305,03444.csv,B0044,205,3444,4,0.0615436456229027,84
4.178674620885059,4.016789225299525,3.559655619146663,2.619612898646795,0.16188539558553394,-1.9957140019130049,2.1030688506241146,7.644851838660085,9.541833690746394,3.696848445844263,109.094,0.030303888888888887,0.20963126779043056,0.06831960035364562,03446.csv,B0044,207,3446,4,0.0613682829819075,85
4.180128549369836,3.977762600530259,3.4710657400965403,2.48420676655347,0.2023659488395766,-2.2172078365634906,2.1029665584325388,5.10818141008298,7.890349591233944,4.985593425798334,96.906,0.026918333333333336,0.20597471777986245,0.06865301469258339,03448.csv,B0044,209,3448,4,0.0616335088887399,86
4.178594409188522,3.97832212096772,3.4889263102095542,2.5492794097929745,0.20027228822080145,-2.217892317465651,2.10217370190824,6.978200107513246,9.207557697837885,3.9395370162623102,97.015,0.02694861111111111,0.20921911339606752,0.06896116807696157,03450.csv,B0044,211,3450,4,0.0619810308759487,87
4.132709552803766,3.419844090039504,3.438530012225991,2.6987042664288663,0.7128654627642614,-0.948665522461736,0.21306987643340541,7.831586108538486,10.171915363933092,5.207452233160532,5608.781,1.5579947222222221,5.090853055428954,1.4798783233670778,03454.csv,B0044,215,3454,4,1.4779954511171076,88
4.158928271771768,3.445169317963351,3.4576572257357188,2.6902025456609366,0.713758953808417,-0.9429836446189774,0.224925034682518,7.730546352316417,10.296016892383854,5.933163773083085,5703.296,1.584248888888889,5.175516456618967,1.4960897385112952,03458.csv,B0044,219,3458,4,1.494119871447679,89
4.173670999223567,3.4449002898550436,3.4553887210557868,2.682194069736634,0.7287707093685238,-0.9448444362873196,0.22163924790204567,7.787963683864436,10.396418259744522,5.194146732869354,5668.032,1.5744533333333335,5.150701626440973,1.4899493536890052,03460.csv,B0044,221,3460,4,1.488007820113173,90
4.173428084270444,3.4610402376666234,3.453365325098602,2.698791325109984,0.7123878466038209,-0.9421563938919909,0.2267552487197224,7.849823078169805,10.675119900160505,5.663032294764841,5634.047,1.5650130555555555,5.101276809997978,1.4768229030886384,03462.csv,B0044,223,3462,4,1.4748338592717107,91
4.17295985340472,3.4707688932039567,3.4533767517944844,2.6972261726105513,0.7021909602007632,-0.9414963206117185,0.22831014435843908,7.863220580243154,10.562265269293302,6.750761501784915,5582.375,1.5506597222222223,5.050503135378621,1.4623914439390298,03464.csv,B0044,225,3464,4,1.4604378044785566,92
4.172771279792943,3.47728287954328,3.4460660596643384,2.6816548421625512,0.6954884002496624,-0.9389221140572902,0.23299302514841497,7.930106785779635,10.76625471358321,5.534886546326367,5567.329,1.5464802777777777,5.011741010654874,1.4543512380974253,03466.csv,B0044,227,3466,4,1.452380841576719,93
4.15544388290786,3.475952772687804,3.4382387035909514,2.6758389635879234,0.6794911102200558,-0.9382244730141405,0.23422151233320615,7.888437545923743,10.911129725577434,7.119794300588495,5528.453,1.535681388888889,4.961193200047587,1.4431081959334036,03470.csv,B0044,231,3470,4,1.441102888364986,94
4.172195811279475,3.492534910262206,3.4385248959075603,2.6766750362925413,0.679660901017269,-0.9336418704048167,0.24309141023483347,7.818043363205418,10.81913572086399,5.8526115966820855,5513.39,1.5314972222222223,4.922595954389075,1.4320210326342884,03472.csv,B0044,233,3472,4,1.4300355978410688,95
4.171402160517197,3.5195548509418253,3.4365202293034374,2.695622084623807,0.6518473095753721,-0.9277519140513346,0.2531409324271598,7.830974235734798,11.006306031992889,7.565943418721882,5486.187,1.5239408333333333,4.862075894813823,1.4159863595591164,03474.csv,B0044,235,3474,4,1.413943296719903,96
4.170188354997629,3.540231132629273,3.4352027430527405,2.6908429071948605,0.6299572223683563,-0.9210832456029233,0.26418395343853335,7.878562179371438,10.614675024239112,6.0025591127810625,5461.922,1.5172005555555554,4.80133409906782,1.3993328428115577,03476.csv,B0044,237,3476,4,1.3972667497450315,97
4.170349799747877,3.549033034175941,3.4334546922415696,2.6963132256039875,0.6213167655719358,-0.9181073344708772,0.2686714089304824,7.960251571512366,10.78731375840829,5.869118219017116,5438.157,1.5105991666666667,4.760836932923404,1.3886025918554612,03478.csv,B0044,239,3478,4,1.3865375876825874,98
4.152097901125397,3.5589131619970353,3.425091148228222,2.6889652303475895,0.5931847391283616,-0.9147769465297864,0.27342545754681163,7.825815360855775,10.646148713943534,7.214198737699489,5402.875,1.5007986111111111,4.698996940885422,1.3745420878108323,03482.csv,B0044,243,3482,4,1.3724753685724698,99
4.169872871486082,3.575724647123294,3.43285332747351,2.697702269918439,0.594148224362788,-0.9097059602545033,0.2813006472462387,7.871717073752719,10.149343674038578,5.33742526187636,5384.438,1.4956772222222223,4.665113330711157,1.3619737717377547,03484.csv,B0044,245,3484,4,1.3598593948812812,100
4.17029400170211,3.5795905831244874,3.4316708520467616,2.6908621173584564,0.5907034185776223,-0.9089147628345589,0.2825750858193495,7.872850841533409,10.269672545542075,5.318349894627459,5344.859,1.4846830555555557,4.624378294227096,1.3507893623479847,03486.csv,B0044,247,3486,4,1.3486733410392264,101
4.16968317987712,3.5894824249326205,3.4305423593747584,2.6956578221948044,0.5802007549444999,-0.9053632291923375,0.2872140745805945,7.787673589037049,10.511836729394169,5.731435234374021,5305.156,1.4736544444444444,4.569114775231496,1.3355033202652324,03488.csv,B0044,249,3488,4,1.3334258933205057,102
4.170671249766948,3.56673989102567,3.4188541266416608,2.683891843696469,0.6039313587412782,-0.9122769052973728,0.27772499268950546,7.997910807563725,11.2498423901219,6.185063542963141,5284.547,1.467929722222222,4.573979013551253,1.3408505003296867,03490.csv,B0044,251,3490,4,1.3387793081075827,103
4.149844268077626,3.600774643323901,3.42241373548389,2.6861736439095387,0.5490696247537246,-0.8993675928683105,0.2958247558543525,7.881896352735887,10.478668312226782,5.794087091415706,5267.843,1.463289722222222,4.4940200125764145,1.3174818051446588,03494.csv,B0044,255,3494,4,1.3153320403016997,104
4.170207896534634,3.5723995517215763,3.4160977003080477,2.6915218489806785,0.5978083448130573,-0.9110321130421604,0.27949016472345484,8.022448822976777,11.276068425006786,5.86632171877632,5229.688,1.4526911111111112,4.515160429284309,1.325066553349448,03496.csv,B0044,257,3496,4,1.322963328110081,105
4.169943833836458,3.589097994535681,3.415875051664848,2.698223036073629,0.5808458393007765,-0.9054157927585382,0.28768113802460366,7.977920186292173,11.18488048040138,6.066312676692371,5206.954,1.446376111111111,4.463700933309752,1.310835353578622,03498.csv,B0044,259,3498,4,1.3086991524155074,106
4.168649657337103,3.609543284688733,3.420770509924939,2.6884148666237393,0.5591063726483703,-0.8971488250209094,0.2989357889655122,8.016774436428086,10.572845919227095,5.082899910656278,5179.062,1.4386283333333334,4.402713099709313,1.2918693840727125,03500.csv,B0044,261,3500,4,1.2897499583900436,107
4.168865124534303,3.5971883241554266,3.412152763562302,2.699098319484438,0.5716768003788766,-0.9036459257898942,0.2899336729219955,8.104364904391632,11.286420953867148,7.349910867133758,5144.109,1.4289191666666667,4.395821539284954,1.29269710871987,03502.csv,B0044,263,3502,4,1.2906172590904164,108
4.14775004325363,3.616430426752012,3.411365387592042,2.692387025960113,0.5313196165016181,-0.893479421104461,0.30380000778773264,8.021367388918382,10.532008688910055,6.198182792273059,5142.891,1.4285808333333332,4.33859653292282,1.2773728084164084,03506.csv,B0044,267,3506,4,1.2752011253442166,109
4.16768084822256,3.617770180938744,3.4151055404827564,2.684075358151804,0.5499106672838154,-0.8950327018530826,0.30197310550796297,8.012944452376887,10.49676940873906,5.70803248990695,5109.734,1.4193705555555556,4.321412029582281,1.270724870742446,03508.csv,B0044,269,3508,4,1.268607265737458,110
4.167944485512648,3.625872029014331,3.4139726333379956,2.687825351809013,0.542072456498317,-0.8916525424860515,0.3062532822187696,7.944197776199544,10.219372011443095,5.504732638572473,5078.937,1.4108158333333334,4.277063109805594,1.258719376249698,03510.csv,B0044,271,3510,4,1.2565759973225976,111
4.167775501643388,3.62875590408682,3.410670178184504,2.6932435794466025,0.5390195975565679,-0.8905662435522527,0.3072657937973065,7.904886527570053,10.307592528834146,6.2890583100224635,5051.672,1.403242222222222,4.245032613602169,1.2507797308968882,03512.csv,B0044,273,3512,4,1.2486254509320869,112
3.848136609578083,2.692363558999662,3.3100621558905616,2.692363558999662,1.155773050578421,-1.9773749348609406,0.20422373332793073,24.892073733003087,25.25510878948548,1.342131592458589,1819.406,0.5053905555555556,3.3112237277044034,1.0019825881753313,03514.csv,B0036,0,3514,24,1.001982588175331,1
4.176511038116691,2.685636595881031,3.4631992414146664,2.685636595881031,1.49087444223566,-1.9856445663953957,0.15331468369566711,25.959062630105592,26.547068220384585,1.6758358894931291,3260.531,0.9057030555555555,6.2268730332436775,1.801100756628892,03518.csv,B0036,4,3518,24,1.8011007566288924,2
4.183288040976774,2.662489466857697,3.4699576163352273,2.662489466857697,1.5207985741190773,-1.9861546605764795,0.15370833172786927,25.802571879383937,26.495839445842005,1.9573400175060058,3265.75,0.9071527777777778,6.25019893693725,1.804449250659785,03520.csv,B0036,6,3520,24,1.8044229856020628,3
4.1841614854004145,2.6573808763123017,3.4705857000702847,2.6573808763123017,1.5267806090881129,-1.987051011427963,0.1543233853426193,25.60229945293067,26.383869073507284,2.168845276384939,3264.109,0.9066969444444444,6.251317299683642,1.8043918441346882,03522.csv,B0036,8,3522,24,1.804388833772829,4
4.18413822475754,2.663543957344219,3.4698672359538234,2.663543957344219,1.5205942674133208,-1.9874522127800511,0.15499758008889178,25.340807182068417,26.038513721787695,2.0331662469188103,3253.531,0.9037586111111111,6.231026800280112,1.7989305990187625,03524.csv,B0036,10,3524,24,1.7989248871784247,5
4.184490871998835,2.6678994227263173,3.463667726287471,2.6678994227263173,1.5165914492725179,-1.9875372326723815,0.15507399168518848,25.066700521969093,25.52893924273116,1.778929135987518,3242.578,0.900716111111111,6.199550656347953,1.792996521672392,03526.csv,B0036,12,3526,24,1.792996521672392,6
4.18000056083009,2.6568692251182435,3.4626756481952135,2.6568692251182435,1.5231313357118461,-1.987391854073237,0.15562682162693087,24.87901399238054,25.434898613415253,1.650112503605861,3234.625,0.8985069444444445,6.182700273671638,1.7885507985621891,03530.csv,B0036,16,3530,24,1.7885507985621891,7
4.184814968147981,2.682881821919537,3.466538555244563,2.682881821919537,1.5019331462284438,-1.9874986659392755,0.15573757182674192,24.962178834594535,25.49992828339642,1.7133033457390425,3235.36,0.8987111111111111,6.191255666376428,1.78908569307277,03532.csv,B0036,18,3532,24,1.7890856930727703,8
4.184936056128164,2.643495320901669,3.465990459572376,2.643495320901669,1.541440735226495,-1.9873121102019284,0.1562677208236183,24.97176766201835,25.538807420659257,1.6892056734490666,3236.125,0.8989236111111111,6.190982214313147,1.7893137312833287,03534.csv,B0036,20,3534,24,1.7893137312833287,9
4.185159966585472,2.6529146015025353,3.466849428071611,2.6529146015025353,1.5322453650829364,-1.9871920484366135,0.15680245089993183,24.904899107239256,25.42021899627584,1.6336868631944554,3230.25,0.8972916666666667,6.1814390435403705,1.7860759459480866,03536.csv,B0036,22,3536,24,1.7860759459480868,10
4.185259470361049,2.6640070437952477,3.467879751690846,2.6640070437952477,1.5212524265658014,-1.986994298783672,0.1574382589037869,24.82894570331574,25.3761734466722,1.6840094789195597,3226.078,0.8961327777777778,6.174728058136805,1.7836324249650817,03538.csv,B0036,24,3538,24,1.7836324249650817,11
4.180655805950688,2.6528698625456295,3.4680189335962623,2.6528698625456295,1.5277859434050587,-1.9872186588415872,0.15808286479594527,25.10525347823647,25.609167303887254,1.6131568387262973,3224.5,0.8956944444444445,6.172772166309956,1.7829728738072719,03542.csv,B0036,28,3542,24,1.782972873807272,12
4.185452668161143,2.6683619850669116,3.470195201959518,2.6683619850669116,1.5170906830942315,-1.986822691116423,0.15839927302267137,24.951154809529978,25.488141454729305,1.5907658479644269,3222.188,0.8950522222222222,6.171062463378074,1.7813775963259666,03544.csv,B0036,30,3544,24,1.7813775963259668,13
4.185644073979811,2.6856316852084854,3.471307979909313,2.6856316852084854,1.5000123887713253,-1.9870379004309504,0.15879666016873795,24.904434158959226,25.39250622395775,1.5935334002702,3216.546000000002,0.8934850000000005,6.163072666729576,1.7785359545932942,03546.csv,B0036,32,3546,24,1.7785359545932946,14
4.1855690457286165,2.683085255855837,3.4716713367418284,2.683085255855837,1.5024837898727794,-1.9869312681166182,0.15922984297433054,24.887170444449442,25.45190297763985,1.645850014187161,3211.859,0.8921830555555555,6.154617138344018,1.7759043090943396,03548.csv,B0036,34,3548,24,1.7759043090943398,15
4.1854366878064155,2.6821176155277855,3.474226898019182,2.6821176155277855,1.50331907227863,-1.986804032971213,0.15967857097001423,25.527212929862493,26.00580839279124,1.6189975984843166,3215.859,0.8932941666666666,6.166594392487106,1.7780426649905912,03550.csv,B0036,36,3550,24,1.7780426649905914,16
4.18175155698921,2.659668132739057,3.4759464645675298,2.659668132739057,1.5220834242501526,-1.9866252110882103,0.15997316494301497,26.409994049975936,26.845307972510515,1.4799772250853778,3225.125,0.8958680555555556,6.1873534355399595,1.7830029333591657,03554.csv,B0036,40,3554,24,1.7830029333591657,17
4.18601707914653,2.6726649868851067,3.4817927176696424,2.6726649868851067,1.5133520922614232,-1.9868092429179043,0.15990257650205816,27.24956363748299,27.815052029087457,1.7832349046794675,3234.343,0.898428611111111,6.2158994724991805,1.7883000424613877,03556.csv,B0036,42,3556,24,1.7883000424613875,18
4.185429868468947,2.6506943508802054,3.4752876993515778,2.6506943508802054,1.5347355175887412,-1.9866026335678093,0.16057297493725153,25.79213906476866,26.20275128566912,1.3024210867059764,3218.25,0.8939583333333333,6.1731569122056955,1.779294712578026,03558.csv,B0036,44,3558,24,1.779294712578026,19
4.183946382168659,2.6668651734647586,3.47360641557491,2.6668651734647586,1.5170812087039005,-1.9863244377080878,0.1613442604887194,25.237865068781456,25.704404765618435,1.3864070162616038,3203.5,0.8898611111111111,6.140878493531769,1.7709235500451852,03560.csv,B0036,46,3560,24,1.7709235500451854,20
4.184483195811819,2.699376305602087,3.474225056890293,2.699376305602087,1.4851068902097322,-1.9862809909576005,0.16198841761457353,24.99097283085835,25.460838794232757,1.5025856457076223,3194.39,0.8873305555555555,6.124530742985899,1.7659050180801104,03562.csv,B0036,48,3562,24,1.7659050180801104,21
4.166505229896513,2.627373237504619,3.476093760887936,2.627373237504619,1.5391319923918942,-1.9858147027956174,0.16208013849162922,32.80125252337081,37.62543555779899,11.644269851382308,3225.219,0.8958941666666667,6.187822643770702,1.7826929241469243,03566.csv,B0036,52,3566,24,1.7826929241469245,22
4.181691190398081,2.6486517814110364,3.478693083596387,2.6486517814110364,1.5330394089870447,-1.9840774818957672,0.16151251071632208,31.56958368042232,36.14360152332376,11.228064335955231,3252.985,0.9036069444444444,6.240191634140167,1.7964662072920203,03570.csv,B0036,56,3570,24,1.7964662072920203,23
4.184954917937507,2.6240374089622858,3.4750535971066037,2.6240374089622858,1.560917508975221,-1.9825278870850223,0.16244730134487526,30.90999308530252,35.625609247013934,11.521574028999297,3245.25,0.9014583333333334,6.213866575911105,1.7909083533422896,03572.csv,B0036,58,3572,24,1.7909083533422898,24
4.186460975475055,2.626618792448541,3.473958373265381,2.626618792448541,1.5598421830265137,-1.982424743717115,0.16313714184324227,30.76520980990786,35.57170100720283,11.672366807433747,3235.031,0.8986197222222222,6.192258947385241,1.7851800280887398,03574.csv,B0036,60,3574,24,1.78518002808874,25
4.186163586614144,2.6336670386490053,3.473907031933396,2.6336670386490053,1.5524965479651383,-1.9820980837755804,0.1634380111888261,30.827871356237775,35.70160875626844,11.762099225156174,3228.141,0.8967058333333333,6.1780804318952995,1.7811343176546526,03576.csv,B0036,62,3576,24,1.7811343176546524,26
4.186271381082588,2.663548100827095,3.4760652075601257,2.663548100827095,1.522723280255493,-1.9821566894712763,0.16409756336780762,31.04477819361822,35.94641088579465,11.811131449603035,3217.875,0.8938541666666666,6.162215316016807,1.7755589097317528,03578.csv,B0036,64,3578,24,1.7755577789223569,27
4.1822811861971285,2.645759955186599,3.4762696586688855,2.645759955186599,1.5365212310105294,-1.9821407736423282,0.16430131476060067,31.495558048290054,36.334410213773005,11.665898915210125,3220.219,0.8945052777777778,6.167466173909512,1.776885870616115,03582.csv,B0036,68,3582,24,1.776885870616115,28
4.1851989243326,2.682232775431839,3.4773296157781552,2.682232775431839,1.5029661489007613,-1.9819851541329787,0.1648855360119119,31.22858520243483,35.97981353599547,11.49894984793929,3210.234,0.8917316666666667,6.149859461164541,1.7713100826558388,03584.csv,B0036,70,3584,24,1.7713083410378214,29
4.186613141003604,2.636976729427503,3.4741834201518116,2.636976729427503,1.5496364115761008,-1.9818200869731324,0.1652139395749544,30.77808307184711,35.59540889841283,11.605276433875314,3210.546,0.8918183333333333,6.144608227984872,1.7713348840874137,03586.csv,B0036,72,3586,24,1.7713348840874137,30
4.184959584091136,2.625473231549502,3.4723504122251145,2.625473231549502,1.5594863525416343,-1.9817861525113654,0.16561038406910453,30.558421734854203,35.45428075393079,11.765945525489869,3200.969,0.8891580555555556,6.123083476627802,1.7660842866405053,03588.csv,B0036,74,3588,24,1.766084286640505,31
4.184793481944206,2.6876812013759497,3.4751627339527484,2.6876812013759497,1.4971122805682566,-1.9817252941957082,0.1663550210629027,30.72558468538039,35.64366066127881,11.796672981529447,3188.625,0.8857291666666667,6.104164632630329,1.7592793663412327,03590.csv,B0036,76,3590,24,1.7592793663412327,32
4.182513698980909,2.68500337747393,3.476326267904414,2.68500337747393,1.497510321506979,-1.9817660120442022,0.16666921597726514,31.23295964013785,36.101132129359335,11.746888573502755,3191.735,0.8865930555555556,6.112558147203519,1.7610368813762423,03594.csv,B0036,80,3594,24,1.7610368813762425,33
4.185287638546102,2.6519664988321767,3.475057563311369,2.6519664988321767,1.5333211397139253,-1.9816902385826145,0.1670255140188284,31.072817634800376,35.918627450147724,11.634597463656,3190.313,0.8861980555555555,6.1075969307426305,1.7602427673657057,03596.csv,B0036,82,3596,24,1.760242767365706,34
4.1849685069062055,2.6336440877825646,3.4727432532131424,2.6336440877825646,1.5513244191236408,-1.981485223109768,0.16753357615873826,30.6408857593701,35.53291026153138,11.707750624249478,3182.156,0.8839322222222222,6.087197784213299,1.7555899416034397,03598.csv,B0036,84,3598,24,1.7555899416034395,35
4.186322425483099,2.627746605322606,3.472459772164966,2.627746605322606,1.5585758201604931,-1.98155009393224,0.16784289000889546,30.615000516436165,35.58661163053266,11.851509145769626,3180.156,0.8833766666666667,6.0832009580567945,1.754565349410635,03600.csv,B0036,86,3600,24,1.7545602176655593,36
4.184728941577888,2.6356796620702037,3.4727100432360887,2.6356796620702037,1.5490492795076847,-1.9813008900975513,0.16839172541196773,30.62198587167864,35.60387176093939,11.862770955960741,3171.953,0.8810980555555555,6.067124356227097,1.7499108336094897,03602.csv,B0036,88,3602,24,1.7499108336094895,37
4.18258364766547,2.6450931525551966,3.4792060334218475,2.6450931525551966,1.5374904951102732,-1.9813367014782532,0.168122910762082,32.233363947568954,37.150900989394586,11.739007218118324,3192.172,0.8867144444444445,6.117619969910739,1.7610225525303758,03606.csv,B0036,92,3606,24,1.7610225525303758,38
4.1850359474371075,2.6704116794436663,3.483370799287766,2.6704116794436663,1.5146242679934412,-1.9812253431229576,0.16839699696893767,32.95844838713035,37.80882382148786,11.646204881968494,3194.735,0.8874263888888889,6.129695806125903,1.7624094574337117,03608.csv,B0036,94,3608,24,1.7624094574337117,39
4.184439660191505,2.6837393111584085,3.481411230676488,2.6837393111584085,1.5007003490330968,-1.9811725960467894,0.16888768693159387,32.33796562819801,36.91705917872691,10.923417572143425,3178.75,0.8829861111111111,6.095441661855874,1.7536170397120676,03610.csv,B0036,96,3610,24,1.7536170397120676,40
4.184857659714457,2.654784886935533,3.4750001030504976,2.654784886935533,1.5300727727789245,-1.981126497626356,0.1696087740505407,31.201004004004968,36.08766208839117,11.617752978611438,3165.359,0.8792663888888889,6.0585651249494665,1.7462044775191676,03612.csv,B0036,98,3612,24,1.746204477519168,41
4.184391042617079,2.650821200008131,3.4729861560107773,2.650821200008131,1.5335698426089484,-1.981010008821274,0.17047334769189398,30.844212128034435,35.833124475553674,11.81545543469148,3155.25,0.8764583333333333,6.035641819183662,1.7406205224487898,03614.csv,B0036,100,3614,24,1.7406176172769725,42
4.1737970037050784,2.6761945611553157,3.4793522768122993,2.6761945611553157,1.4976024425497627,-1.9808915610510243,0.17005549660936753,32.19294879984907,37.01706025174733,11.608964832211797,3173.766,0.8816016666666667,6.0819880010887974,1.750690404425682,03618.csv,B0036,104,3618,24,1.750690404425682,43
4.18216296627966,2.679442027657799,3.4863598949467836,2.679442027657799,1.5027209386218607,-1.9811169585618567,0.16972284257124776,33.061467350604964,37.72356956982813,11.326018225401196,3199.485,0.8887458333333333,6.144534333831901,1.7651120551539152,03622.csv,B0036,108,3622,24,1.765112055153915,44
4.185045339068736,2.656640378340114,3.4833864674331436,2.656640378340114,1.5284049607286225,-1.9811266494742925,0.1699158124340852,32.35366819628823,36.98324646085538,11.13429033530246,3196.015,0.8877819444444444,6.132375164122777,1.763188826756488,03624.csv,B0036,110,3624,24,1.763188826756488,45
4.290021871695731,2.697143455219266,3.521360251690921,2.697143455219266,1.592878416476465,-1.9836817212075872,0.16026300085672612,34.70040609904863,39.35953919640877,11.800108151854815,3595.281,0.9986891666666666,6.980198518730616,1.9854929528970957,03626.csv,B0036,112,3626,24,1.9854929528970957,46
4.182221579047507,2.6612712387136295,3.4817614471677625,2.6612712387136295,1.5209503403338775,-1.9822350506501858,0.17015323653927963,32.421923396380706,37.027075053721425,11.142377709919035,3198.0,0.8883333333333333,6.1370980797464885,1.7653557308133236,03630.csv,B0036,116,3630,24,1.765355730813324,47
4.184685800633224,2.6908838763824483,3.4797578588851743,2.6908838763824483,1.4938019242507754,-1.9820268271645947,0.17080550233428285,31.609192155405946,36.34456840908186,11.439517049040447,3183.516,0.88431,6.104987945788442,1.7571880383127276,03632.csv,B0036,118,3632,24,1.7571880383127276,48
4.184560765856749,2.6365640724626367,3.4759650916373124,2.6365640724626367,1.5479966933941123,-1.9820222805220724,0.17102494299755938,31.31596403602263,36.1535770040422,11.595173550420295,3183.797,0.8843880555555556,6.099134923382595,1.7573770661844437,03634.csv,B0036,120,3634,24,1.7573770661844437,49
4.186186804679722,2.6235919177171154,3.4781154314639453,2.6235919177171154,1.5625948869626067,-1.9821008022150315,0.17136815464245655,31.998588265349394,37.00649086775502,11.927923994725575,3191.516,0.8865322222222223,6.1180527537674845,1.761737612797981,03636.csv,B0036,122,3636,24,1.7617376127979814,50
4.18445632292153,2.66145718134933,3.4830514284703322,2.66145718134933,1.5229991415722002,-1.981813383736276,0.17153628796757053,32.98892411466723,37.85686718856992,11.633631852211941,3189.985,0.8861069444444445,6.122894058032891,1.7606892547636666,03638.csv,B0036,124,3638,24,1.7606892547636663,51
4.1823560692950785,2.640601067759597,3.4809173250237535,2.640601067759597,1.5417550015354817,-1.9819214923373463,0.1717345852978273,32.83558656237567,37.45005504798,10.995664960433007,3189.734,0.8860372222222223,6.118946450240707,1.7606695621569832,03642.csv,B0036,128,3642,24,1.760669562156983,52
4.1845961576838935,2.6732282064652693,3.478940078791892,2.6732282064652693,1.5113679512186242,-1.981676320977873,0.1724584054924784,31.97863874379167,36.77795934417618,11.505675197629955,3176.016,0.8822266666666667,6.088666968378648,1.7529638026491523,03644.csv,B0036,130,3644,24,1.752963802649152,53
4.184400507018663,2.668754575341305,3.4777534118948465,2.668754575341305,1.5156459316773576,-1.9818237973110902,0.17299294889908376,31.7958885352369,36.644215074090106,11.632607383395264,3171.36,0.8809333333333333,6.078122320547783,1.7505357080241473,03646.csv,B0036,132,3646,24,1.750535708024147,54
4.184427133733743,2.658195971284472,3.4766647808370212,2.658195971284472,1.5262311624492706,-1.9816263251080133,0.1729088071110082,31.804649399184477,37.138598100953445,12.239525550911846,3170.843,0.8807897222222222,6.074692198631978,1.7500761995337286,03648.csv,B0036,134,3648,24,1.7500761995337284,55
4.184151039310892,2.684649370373972,3.4791247798630294,2.684649370373972,1.49950166893692,-1.98151142532868,0.17352696221595604,32.18425444090601,37.11821986816654,11.811244509881753,3164.672,0.8790755555555556,6.066841630155113,1.7465957802278382,03650.csv,B0036,136,3650,24,1.7465957802278385,56
4.1823205235968235,2.668665957651981,3.4818392989655798,2.668665957651981,1.5136545659448424,-1.9814622792671595,0.17344476045808727,33.27019350164624,38.21028860245779,11.73045918538778,3177.453,0.8826258333333333,6.096003516240996,1.7536142867887068,03654.csv,B0036,140,3654,24,1.753614286788707,57
4.1847408536372885,2.6672344803975685,3.4813626313858914,2.6672344803975685,1.51750637323972,-1.9813436819375347,0.17366122311209356,32.91813190932092,37.5096400873081,10.975230294876674,3172.375,0.8812152777777778,6.0851462248633945,1.750725029920349,03656.csv,B0036,142,3656,24,1.750725029920349,58
4.1839841806183,2.627654590987336,3.473301690187071,2.627654590987336,1.5563295896309635,-1.981529747622425,0.17457554974117717,31.48100878915281,36.38797733722857,11.626577014958695,3158.406,0.877335,6.045299397414326,1.7433055732501637,03658.csv,B0036,144,3658,24,1.743305349081011,59
4.1840998008627395,2.6888969070187216,3.4736758521826694,2.6888969070187216,1.4952028938440178,-1.9810876831465265,0.1750714974971108,31.127100398792322,36.0550831310012,11.751647658016058,3141.578,0.8726605555555556,6.012484437845275,1.7336625052776184,03660.csv,B0036,146,3660,24,1.733662505277619,60
4.1839906397375035,2.6648936078550007,3.4715154587275445,2.6648936078550007,1.5190970318825028,-1.981234977739969,0.17548400150373308,30.925481627228724,35.91912656959304,11.854695766783518,3138.187,0.871718611111111,6.002559768843633,1.7319207051538927,03662.csv,B0036,148,3662,24,1.7319207051538927,61
4.181891771142459,2.652977190328466,3.476844269698795,2.652977190328466,1.5289145808139928,-1.9812570591809957,0.17500275757916542,32.53816915596416,37.598391918046985,12.097683799099787,3157.969,0.8772136111111112,6.049798235284541,1.7428604522751465,03666.csv,B0036,152,3666,24,1.7428604522751463,62
4.184541597131144,2.69728379874788,3.482802133435059,2.69728379874788,1.487257798383264,-1.980916655360661,0.17526941993224485,33.5082870689835,38.473409883226125,11.839425630048844,3159.281,0.8775780555555556,6.061968533777709,1.743306971099712,03668.csv,B0036,154,3668,24,1.743306971099712,63
4.184300987548265,2.666438804228148,3.478717992363499,2.666438804228148,1.517862183320117,-1.981005969530254,0.17571621362082648,32.72223824057796,37.37835847467748,11.076212354477018,3150.375,0.8751041666666667,6.038079639282811,1.738524506272696,03670.csv,B0036,156,3670,24,1.738524506272696,64
4.1838772124619785,2.644225504233063,3.47116141622232,2.644225504233063,1.5396517082289156,-1.9809786114709511,0.17646586335876546,31.339643544788586,36.32515383321495,11.773163729488449,3134.078,0.8705772222222222,5.993787696304066,1.7295622663746975,03672.csv,B0036,158,3672,24,1.7295622663746972,65
4.183821312988277,2.6270672485920983,3.469009856426531,2.6270672485920983,1.5567540643961788,-1.981059447271351,0.17675647407735212,31.09122546658414,36.17136327433497,11.928324262560448,3129.797,0.8693880555555555,5.9823085812036325,1.7273036765742087,03674.csv,B0036,160,3674,24,1.7273036765742085,66
4.1715485738177795,2.681073460503821,3.475700880273514,2.681073460503821,1.4904751133139587,-1.9810177631821901,0.17607902286246935,32.074525923461515,36.94271187003511,11.952080407845134,3161.89,0.8783027777777778,6.05536401025216,1.7449370491071914,03678.csv,B0036,164,3678,24,1.7449370491071912,67
4.182258304676385,2.6173518629094725,3.4820950413929173,2.6173518629094725,1.564906441766912,-1.9810749842802888,0.1752889454085631,33.167208512161885,37.96104323229247,11.626515975899864,3196.859,0.8880163888888889,6.133852216310957,1.7642432071133693,03682.csv,B0036,168,3682,24,1.7642432071133691,68
4.184454856344911,2.6882522902609858,3.4802443576083624,2.6882522902609858,1.4962025660839253,-1.9809975649315257,0.17641640276113865,32.14047774193924,36.73214755581345,11.106876635663479,3171.906,0.881085,6.082442811909813,1.7504882032049593,03684.csv,B0036,170,3684,24,1.7504882032049596,69
4.184058614018653,2.639398647353621,3.473582906957752,2.639398647353621,1.5446599666650322,-1.9807582643680772,0.17718330571008975,31.245399132402053,36.082389553135755,11.584970125575005,3160.8429999999935,0.8780119444444426,6.049284087045594,1.7442710815479923,03686.csv,B0036,172,3686,24,1.7442710815479925,70
4.183841281165487,2.6623791019309224,3.4722242034096427,2.6623791019309224,1.5214621792345642,-1.9805282406081717,0.17745220937945955,30.941808328244683,35.84834420893077,11.74155515540561,3147.141,0.8742058333333333,6.0198031942472845,1.7365413923373954,03688.csv,B0036,174,3688,24,1.7365413923373951,71
4.183975300289575,2.6561014633579925,3.4700774937906473,2.6561014633579925,1.5278738369315823,-1.9804746484714413,0.1778406456028569,30.729579296950984,35.70394071930231,11.858084241819757,3141.203,0.8725563888888889,6.004621255699789,1.7332230931057557,03690.csv,B0036,176,3690,24,1.733223093105756,72
4.181961942180511,2.6878503046332485,3.4765508294649767,2.6878503046332485,1.4941116375472623,-1.98039190119071,0.17787871739525846,32.241219078736684,37.23120350609712,11.9965452798188,3151.047,0.8752908333333334,6.034424795789242,1.7386062290876199,03694.csv,B0036,180,3694,24,1.73860622908762,73
4.183342596486669,2.606635521236163,3.478023823464381,2.606635521236163,1.5767070752505057,-1.980509113557296,0.17817401925180282,33.273484981762124,38.21827936701842,11.810379886232504,3159.172,0.8775477777777778,6.05313741047712,1.7432134953746194,03696.csv,B0036,182,3696,24,1.7432134953746192,74
4.1839733173874905,2.684954312438798,3.4748978056910036,2.684954312438798,1.4990190049486927,-1.9805025193431718,0.17878422925080115,31.82186022608825,36.626274908995,11.442124957154103,3141.047,0.8725130555555556,6.012962625914085,1.733269821483297,03698.csv,B0036,184,3698,24,1.7332698214832971,75
4.184050915758624,2.6296325002671597,3.468132135397358,2.6296325002671597,1.554418415491464,-1.9804477654001489,0.17897557286929622,30.953485299150877,36.01597323994527,11.948601714178356,3135.0310000000027,0.8708419444444452,5.989806692724923,1.7298906291663272,03700.csv,B0036,186,3700,24,1.7298906291663272,76
4.183757537025025,2.676552998785705,3.4677152773874327,2.676552998785705,1.5072045382393204,-1.9802957447258618,0.1799050851433332,30.594113322212998,35.64214686208444,11.922612401223653,3117.984,0.8661066666666667,5.956073457995884,1.720440334884135,03702.csv,B0036,188,3702,24,1.7204403348841348,77
4.182829034438173,2.62514939238803,3.464870080840597,2.62514939238803,1.557679642050143,-1.980207910561322,0.17974644082216829,30.621050708667628,35.82141559167005,12.271402823188577,3125.328,0.8681466666666666,5.964896473416186,1.7244256003283218,03706.csv,B0036,192,3706,24,1.724420729012913,78
4.183818903348512,2.628502877540015,3.4658543618027586,2.628502877540015,1.555316025808497,-1.9800833052331595,0.18002382271039702,30.73760557478901,35.84687241575459,12.044503898405292,3120.172,0.8667144444444445,5.956563097764762,1.7214872814061164,03708.csv,B0036,194,3708,24,1.7214872814061166,79
4.183839437859511,2.619866867748,3.463489697714707,2.619866867748,1.563972570111511,-1.980268967910438,0.18036508902458945,30.475687104433288,35.6948403215532,12.279328058652613,3116.641,0.8657336111111111,5.946521230223228,1.7197448773569264,03710.csv,B0036,196,3710,24,1.7197448773569262,80
4.1837645974398825,2.6612878285284127,3.4657104202129614,2.6612878285284127,1.5224767689114698,-1.980057929657538,0.18089402312423505,30.665478038053948,35.819676472043525,12.173658263161336,3110.844,0.8641233333333334,5.938687688320355,1.7164304142145894,03712.csv,B0036,198,3712,24,1.7164304142145894,81
4.18376521232271,2.6699917743429817,3.4645909946616262,2.6699917743429817,1.513773437979728,-1.9800230190313004,0.18107028030882052,30.48169086494209,35.629734084261784,12.122326147834901,3101.406,0.8615016666666666,5.918683003801221,1.711202925329962,03714.csv,B0036,200,3714,24,1.711202925329962,82
4.181908017913433,2.6688661295694205,3.4629772764216105,2.6688661295694205,1.5130418883440129,-1.9800140007357074,0.18157167020169374,30.501790386236017,35.66196676336087,12.193140555982772,3099.563,0.8609897222222223,5.912680371454189,1.7102343231599222,03718.csv,B0036,204,3718,24,1.7102343231599222,83
4.1838810012271175,2.6222751020303923,3.4616288821771044,2.6222751020303923,1.5616058991967252,-1.9800726726918083,0.18145548847554518,30.48295279202987,35.75183992747387,12.316322821413085,3104.64,0.8623999999999999,5.920080995405749,1.7130968821510293,03720.csv,B0036,206,3720,24,1.713096882151029,84
4.183859782071598,2.643376209522438,3.4628964155593924,2.643376209522438,1.5404835725491597,-1.9799210298032588,0.18181909143446456,30.592002581671938,35.77783462667514,12.11708803815445,3099.875,0.8610763888888889,5.912718539228392,1.7103708617208135,03722.csv,B0036,208,3722,24,1.7103708617208135,85
4.183763340739041,2.6362266436030413,3.4611295820153054,2.6362266436030413,1.547536697136,-1.9796449702564978,0.1825464287142277,30.424569049276556,35.713721223369035,12.371734824069971,3093.25,0.8592361111111111,5.896218158704213,1.7064617296121436,03724.csv,B0036,210,3724,24,1.7064617296121434,86
4.183680554471844,2.6753943315026825,3.4632231738970973,2.6753943315026825,1.5082862229691618,-1.9797208473969017,0.18267222372122338,30.570652220376168,35.725860691702124,12.179631711104815,3086.688,0.8574133333333334,5.887514884793816,1.7029429979110946,03726.csv,B0036,212,3726,24,1.7029429979110946,87
4.182843320959444,2.626280067476453,3.4594353969848526,2.626280067476453,1.5565632534829912,-1.9798193556242383,0.1827124398229115,30.460459721443804,35.768527567848494,12.434045533451151,3094.281,0.8595225,5.8961714577660995,1.7072612643840062,03730.csv,B0036,216,3730,24,1.7072612643840062,88
4.18362497235851,2.6699754309728454,3.4619323762511636,2.6699754309728454,1.5136495413856648,-1.9796708243361156,0.18310334813653822,30.547691944309644,35.84926876193408,12.389189571522348,3088.328,0.8578688888888889,5.888575751094214,1.7038637196766078,03732.csv,B0036,218,3732,24,1.7038637196766078,89
4.183750461912779,2.6485692977117936,3.4640211108291785,2.6485692977117936,1.5351811642009854,-1.9796986341756921,0.18288846614623122,31.189572257243857,36.56783936040424,12.542967950641675,3095.687,0.8599130555555555,5.906309881923589,1.7079617948422277,03734.csv,B0036,220,3734,24,1.7079617948422274,90
4.183786894340978,2.652784779103966,3.4674082899150327,2.652784779103966,1.531002115237012,-1.9795447080949824,0.18306307073811057,31.8980817857202,37.22026804863562,12.414835747421876,3102.062,0.8616838888888889,5.923612251745547,1.711302283362779,03736.csv,B0036,222,3736,24,1.711302283362779,91
4.1838730463698965,2.61112320884266,3.467669094088933,2.61112320884266,1.5727498375272364,-1.9794620575291975,0.18282177218804063,32.32306890954346,37.24354714231705,11.584394942090029,3107.141,0.8630947222222223,5.933853444616601,1.714122057472244,03738.csv,B0036,224,3738,24,1.714122057472244,92
4.182910559206333,2.6171931724123265,3.4590063160949422,2.6171931724123265,1.5657173867940068,-1.979668515306621,0.18405174292889354,30.83436798904695,36.101954503621805,12.261349885671095,3090.719,0.8585330555555556,5.888598127376973,1.7053324925701603,03742.csv,B0036,228,3742,24,1.7053324925701605,93
4.183616020558508,2.6630699292303373,3.4580229191527696,2.6630699292303373,1.5205460913281703,-1.9792552718561545,0.18466031075263065,30.287043848864634,35.590895284221084,12.369202604380341,3069.812,0.8527255555555555,5.845756338538282,1.693460947253141,03744.csv,B0036,230,3744,24,1.6934609472531408,94
4.1835063699815285,2.659720848238619,3.4563349020618155,2.659720848238619,1.5237855217429095,-1.9792443099751138,0.18492382241139294,30.072000414523774,35.41708929698686,12.443494231826477,3064.437,0.8512325,5.832644187539721,1.6905244127230228,03746.csv,B0036,232,3746,24,1.6905244127230223,95
4.1862295732164165,2.6273527452578365,3.460450149170936,2.6273527452578365,1.55887682795858,-1.9791194191351382,0.18434226265264786,31.093661069729663,36.542285984903515,12.799837712629994,3083.25,0.8564583333333333,5.875214713339081,1.7007774858498301,03748.csv,B0036,234,3748,24,1.7007774858498304,96
4.183727110735532,2.679397409659904,3.463960681885895,2.679397409659904,1.504329701075628,-1.9791613878366452,0.1848954675383172,31.60762351123511,37.06815080209899,12.779209129031955,3076.484,0.8545788888888889,5.8684568249980575,1.6971104467944578,03750.csv,B0036,236,3750,24,1.6971104467944576,97
4.182001342341362,2.6638409912727004,3.4630674142567415,2.6638409912727004,1.5181603510686617,-1.979091763193608,0.18544542665545963,31.68782676208534,36.82684422999281,12.021521591889464,3081.297,0.8559158333333333,5.876286333579295,1.6997924522951835,03754.csv,B0036,240,3754,24,1.6997924522951835,98
4.183505107711148,2.638750759665419,3.456673276206162,2.638750759665419,1.5447543480457289,-1.9790766827277793,0.18573602184452043,30.64130472367544,35.92988720620677,12.271891252794724,3065.953,0.8516536111111112,5.835842482751124,1.6912704773954124,03756.csv,B0036,242,3756,24,1.691270477395412,99
4.183301376056718,2.6521564133104056,3.455027058159508,2.6521564133104056,1.5311449627463127,-1.979038060944376,0.1862574229088104,30.35775664232519,35.781290058222865,12.572475319894288,3055.828,0.8488411111111112,5.813973550134649,1.6857127009469863,03758.csv,B0036,244,3758,24,1.6857127009469863,100
4.183240444954854,2.6736629264226712,3.4563883170293215,2.6736629264226712,1.5095775185321827,-1.9788327303856927,0.18666387457123923,30.46760275047682,35.83938701624516,12.527408931152294,3051.468,0.84763,5.807573233383649,1.6832093771286156,03760.csv,B0036,246,3760,24,1.6832093771286156,101
4.183494017304386,2.665966871855665,3.4620724098422353,2.665966871855665,1.517527145448721,-1.9788745442826565,0.18625918691999985,31.690335464880064,37.17156479403066,12.720877242225995,3069.0,0.8525,5.850643107599378,1.6928863641695213,03762.csv,B0036,248,3762,24,1.692886364169521,102
4.181646831165721,2.6818321771597287,3.466006130026554,2.6818321771597287,1.4998146540059922,-1.9787981178503085,0.1862153058079388,32.58002111430287,37.84191340591018,12.332835886192786,3079.235,0.8553430555555556,5.876818539332298,1.698466817414463,03766.csv,B0036,252,3766,24,1.6984668174144633,103
4.183467994187793,2.6354438765341697,3.4601239314707923,2.6354438765341697,1.5480241176536231,-1.9788051627908367,0.1864090590266205,31.69291039725797,36.94021929474592,12.147709530231722,3070.344,0.8528733333333334,5.849783337448645,1.6935813413828429,03768.csv,B0036,254,3768,24,1.6935813413828429,104
4.1834014802387,2.633581331346773,3.453593464720813,2.633581331346773,1.5498201488919272,-1.978575532876541,0.18738033234046877,30.608400390292736,35.979852438003704,12.390636663798507,3051.4839999999967,0.8476344444444436,5.802376004393963,1.6830951253781286,03770.csv,B0036,256,3770,24,1.6830951253781283,105
4.18648088216282,2.6164895194312585,3.4519795194744436,2.6164895194312585,1.5699913627315611,-1.9787606413982342,0.18749907268860436,30.399652022711006,35.91143435448471,12.718964494084272,3054.812,0.8485588888888889,5.806330911277851,1.6850462226942986,03772.csv,B0036,258,3772,24,1.6850462226942986,106
4.18650094380192,2.662037646915503,3.454434064432584,2.662037646915503,1.5244632968864167,-1.9785255298300461,0.1877263172649556,30.547315574796166,36.0224357923641,12.66980793116332,3046.532,0.8462588888888889,5.794109406285325,1.6803098840017596,03774.csv,B0036,260,3774,24,1.6803098840017598,107
4.182814594549196,2.670589438884728,3.4638257834252806,2.670589438884728,1.512225155664468,-1.9786658818521448,0.18740614291157878,32.47851626978816,37.65075812929836,12.099567421354529,3071.782,0.8532727777777778,5.858760140231235,1.694403843722771,03778.csv,B0036,264,3778,24,1.6944038437227715,108
4.183468801907699,2.668638829617292,3.4669219935055278,2.668638829617292,1.514829972290407,-1.978303548943712,0.18739662992657843,33.085111849545555,38.27191158762031,12.081394022917316,3074.532,0.8540366666666667,5.867739347029989,1.69556861271801,03780.csv,B0036,266,3780,24,1.6955686127180103,109
4.18350666932616,2.6931351824491827,3.4626538753824714,2.6931351824491827,1.4903714868769775,-1.9783071872539106,0.18828167847566432,32.12056072268224,37.26845925037034,11.970519995713268,3053.656,0.8482377777777778,5.821148055892007,1.6841854728350403,03782.csv,B0036,268,3782,24,1.6841854728350405,110
4.183400261585032,2.6913462011853904,3.4554390863736857,2.6913462011853904,1.4920540603996413,-1.978252788411394,0.18905338152220122,30.90915966232928,36.23919416621716,12.35153414318933,3031.953,0.8422091666666667,5.767637752952113,1.6722180144870116,03784.csv,B0036,270,3784,24,1.6722180144870118,111
4.182983775132015,2.6988025346836504,3.453636642746737,2.6988025346836504,1.4841812404483643,-1.9782840417249774,0.18933259009160325,30.586499493516442,35.989930424393194,12.529017704194054,3023.5,0.8398611111111111,5.748603531555614,1.6675976965747186,03786.csv,B0036,272,3786,24,1.6675976965747183,112
4.182242945113323,2.6523436778902467,3.4530724754532334,2.6523436778902467,1.5298992672230765,-1.978213800283229,0.18938983312690713,31.078305845971443,36.752805224654765,13.098953123037006,3042.703,0.8451952777777778,5.784333257846317,1.6781873787039019,03790.csv,B0036,276,3790,24,1.6781873787039017,113
4.519252349646744,2.691307184686052,3.626510481777051,2.691307184686052,1.8279451649606924,-1.9837057741381123,0.15718015958261802,33.98757612493629,38.49714613607372,11.533109597903813,4424.203,1.2289452777777778,8.847102780602798,2.4440624320786553,03792.csv,B0036,278,3792,24,2.4440624320786557,114
4.181498148571605,2.6565288043863395,3.466145279289297,2.6565288043863395,1.5249693441852656,-1.9781440584613479,0.1887423284625496,32.26010764297862,37.31224141481378,11.827226385838191,3066.766,0.8518794444444444,5.852028493016052,1.6913403148932205,03796.csv,B0036,282,3796,24,1.6913403148932205,115
4.183236182358282,2.680162151919943,3.4640146950069006,2.680162151919943,1.5030740304383392,-1.9784600594573567,0.18955613835993296,31.42619925446257,36.59740421257035,12.06118665949635,3046.125,0.8461458333333334,5.809834658725784,1.6802787096613283,03798.csv,B0036,284,3798,24,1.6802787096613283,116
4.183459695379538,2.686423419926791,3.4626259258314476,2.686423419926791,1.4970362754527469,-1.9781834973907695,0.18999365693137338,31.20956154006514,36.44126696853565,12.137511642226581,3033.625,0.8426736111111112,5.783013712506793,1.6731473010230262,03800.csv,B0036,286,3800,24,1.673147301023026,117
4.183446864929328,2.672431142055385,3.4609363258654184,2.672431142055385,1.5110157228739434,-1.97816336280146,0.19053691574852302,31.078110221174402,36.32670051789851,12.177074866066643,3028.562,0.8412672222222222,5.7706796315228885,1.6704292090032427,03802.csv,B0036,288,3802,24,1.6704292090032429,118
4.1830220046964035,2.690675565426353,3.4616449511434926,2.690675565426353,1.4923464392700505,-1.9778390299632154,0.19088541436696027,31.053614094154142,36.29811998606583,12.187642518233346,3020.984,0.8391622222222223,5.756331396631545,1.6659903350115992,03804.csv,B0036,290,3804,24,1.6659903350115992,119
4.180942847373935,2.697829479340451,3.46014320685645,2.697829479340451,1.4831133680334845,-1.9780641124929104,0.19123467525336788,31.06053283354067,36.31566540517328,12.279222764179337,3017.391,0.8381641666666667,5.747934920014112,1.664241575272447,03808.csv,B0036,294,3808,24,1.664241575272447,120
4.182939031295494,2.6506127411002423,3.4580980197093147,2.6506127411002423,1.5323262901952521,-1.9780348126637537,0.19135689268682593,30.97728291917627,36.31712206468977,12.33496508158779,3022.14,0.8394833333333332,5.75361937098484,1.6668450767774963,03810.csv,B0036,296,3810,24,1.6668450767774965,121
4.183242834674278,2.690672074169337,3.459389982444422,2.690672074169337,1.492570760504941,-1.9777931454666962,0.19167902641728612,30.93918723715448,36.228571111440864,12.296649801603493,3009.016,0.8358377777777778,5.729995280522285,1.6594501560667538,03812.csv,B0036,298,3812,24,1.6594501560667536,122
4.183686841202558,2.62722492525996,3.455631406481116,2.62722492525996,1.5564619159425979,-1.9775654046883246,0.19207419796104408,30.926289651305336,36.35810336081934,12.44182816526293,3014.672,0.8374088888888889,5.734125962358871,1.6624125230673195,03814.csv,B0036,300,3814,24,1.662412523067319,123
4.183358354217051,2.6243035932050947,3.4549175745634897,2.6243035932050947,1.5590547610119567,-1.9777096278151205,0.1921201616203387,30.863054927475556,36.29901438256062,12.44479076244015,3010.703,0.8363063888888889,5.725760283937072,1.6603526083225701,03816.csv,B0036,302,3816,24,1.66035260832257,124
4.182728484057378,2.6669662761212,3.4567232383364708,2.6669662761212,1.515762207936178,-1.977833418220376,0.19223365778095702,31.038017243387284,36.42868217427085,12.461511311526206,3011.75,0.8365972222222222,5.730986464688111,1.6610231379633233,03820.csv,B0036,306,3820,24,1.6610231379633236,125
4.183261908566686,2.657342749492438,3.4566056806279244,2.657342749492438,1.5259191590742476,-1.977513435934886,0.19250480913148413,31.04050751190746,36.39664144336581,12.361727923587978,3005.734,0.834926111111111,5.718651746146993,1.6575187557321611,03822.csv,B0036,308,3822,24,1.6575187557321611,126
4.18311243036497,2.6914302974482167,3.457263997632369,2.6914302974482167,1.4916821329167531,-1.9773123626836613,0.19328109858183115,30.957302786226403,36.31743524658528,12.383640756612479,2993.75,0.8315972222222222,5.696556190174294,1.6507877959674548,03824.csv,B0036,310,3824,24,1.6507877959674548,127
4.183070833738956,2.641029666264374,3.4540018182289085,2.641029666264374,1.542041167474582,-1.9773999985000372,0.19296290119175175,30.945276932009087,36.40596657880105,12.523466256868893,2998.125,0.8328125,5.699769419583031,1.653257006211014,03826.csv,B0036,312,3826,24,1.653257006211014,128
4.183138406019062,2.6663067674348446,3.454729708764956,2.6663067674348446,1.5168316385842178,-1.9775454272489617,0.19368255377033622,30.888914324823496,36.28093983069052,12.432039740385825,2990.859,0.8307941666666666,5.687675901818476,1.6494214846772683,03828.csv,B0036,314,3828,24,1.6494214846772686,129
4.182455979762661,2.652024511951085,3.4602322781016106,2.652024511951085,1.5304314678115762,-1.977556174123632,0.19255326201605827,32.321489418619095,37.95295717388789,12.875773463417286,3024.453,0.8401258333333333,5.760646583729591,1.6678591915666705,03832.csv,B0036,318,3832,24,1.6678591915666705,130
4.183464386226038,2.650846498933422,3.4653467037084007,2.650846498933422,1.5326178872926155,-1.9769835735935626,0.19254804747909837,33.23510488083581,38.41829396059596,11.990959046096183,3030.765,0.8418791666666666,5.779449528087726,1.670862764324967,03834.csv,B0036,320,3834,24,1.670862764324967,131
4.1834582213062665,2.636443131108017,3.4612961227490118,2.636443131108017,1.5470150901982493,-1.9774113966642073,0.19297029156693218,32.672384089467116,37.82488704281872,11.912965157119544,3020.813,0.8391147222222223,5.755256824206661,1.665811816405337,03836.csv,B0036,322,3836,24,1.6658118164053368,132
4.183218486473692,2.6573768263158466,3.4568319834213184,2.6573768263158466,1.525841660157845,-1.9773199609696597,0.19395459895412026,31.627875999689845,36.92206046060923,12.19085912375872,2998.156,0.8328211111111111,5.704377145193412,1.6532998517617,03838.csv,B0036,324,3838,24,1.6532998517617,133
4.183226539078387,2.661750337550587,3.454274871932744,2.661750337550587,1.5214762015277996,-1.9771073220010116,0.19443016225095094,31.234092745007935,36.61884081007243,12.435492165470354,2986.766,0.8296572222222223,5.6780230668777065,1.646878702352852,03840.csv,B0036,326,3840,24,1.6468787023528522,134
4.174188697059862,2.6766475071440374,3.459039144301172,2.6766475071440374,1.4975411899158249,-1.9761775564887945,0.19922880335444235,31.95070753872921,37.26760229905419,12.470240613890795,3032.328,0.8423133333333334,5.772256844777556,1.6718953249703752,03844.csv,B0036,330,3844,24,1.6718953249703756,135
4.181276067644604,2.683234032060573,3.466556169993412,2.683234032060573,1.4980420355840312,-1.9775382652377456,0.1930298220006757,32.94223311807837,38.25722659181597,12.379441378730895,3047.703,0.8465841666666667,5.815912791039335,1.6807743463585725,03848.csv,B0036,334,3848,24,1.6807743463585727,136
4.18302191595724,2.622356052772389,3.4591810827626084,2.622356052772389,1.560665863184851,-1.977527154273711,0.1935806543960671,31.941852555671353,37.22999793294153,12.112999327237059,3034.968,0.8430466666666666,5.779216614986394,1.6737717086703077,03850.csv,B0036,336,3850,24,1.6737717086703074,137
4.183316981130492,2.6656468752025866,3.4577876655294553,2.6656468752025866,1.5176701059279054,-1.9769664559960938,0.19442342452209652,31.44720711271493,36.750095375605376,12.236285144313594,3011.7339999999967,0.8365927777777769,5.731218877916372,1.6605773762487392,03852.csv,B0036,338,3852,24,1.6605773762487392,138
4.18287034740269,2.6416903037262225,3.454417180570097,2.6416903037262225,1.5411800436764675,-1.9771854714072983,0.19485778697893688,31.12482497372082,36.461339694064534,12.219842806694743,3002.922,0.834145,5.709697730059361,1.655987781146086,03854.csv,B0036,340,3854,24,1.655987781146086,139
4.1822874952480555,2.6595878021770023,3.4527482715790674,2.6595878021770023,1.5226996930710532,-1.9768884059107226,0.19560419903771198,30.75545169222773,36.121581178683655,12.030632863829517,2986.718,0.8296438888888888,5.676003551660643,1.6468623183898439,03856.csv,B0036,342,3856,24,1.646862318389844,140
4.18108382304436,2.687257575540443,3.460599249296477,2.687257575540443,1.4938262475039168,-1.9767960110088925,0.19525127441831724,32.32491302674166,37.62901534109348,11.87776056796535,3006.203,0.8350563888888889,5.725723833467097,1.6574621175432847,03860.csv,B0036,346,3860,24,1.6574621175432849,141
4.18258237874211,2.6749338603361448,3.463474146193779,2.6749338603361448,1.507648518405965,-1.9766590715947012,0.1955978518325153,32.9527098749988,38.17206500603514,11.74975250141049,3011.609,0.8365580555555555,5.740812372302784,1.6603991175216897,03862.csv,B0036,348,3862,24,1.6603991175216894,142
4.182469644453435,2.6883490982654625,3.4589316936414067,2.6883490982654625,1.4941205461879723,-1.9763441035961147,0.19614978871331604,31.963338156822648,37.074417465672504,11.524669466759725,2985.953,0.8294313888888889,5.683606569046746,1.6460789092837111,03864.csv,B0036,350,3864,24,1.6460789092837111,143
4.182289875103196,2.6341133806914536,3.4515443093644445,2.6341133806914536,1.5481764944117424,-1.976398819741924,0.19678756179633705,31.192560893948695,36.555960407488875,11.940114639543605,2976.312999999994,0.8267536111111095,5.653347324439681,1.6408366462659323,03866.csv,B0036,352,3866,24,1.6408366462659327,144
4.182381246517502,2.6535520046660226,3.451340191696518,2.6535520046660226,1.5288292418514793,-1.9763560129084317,0.1972533333533194,31.01189616418059,36.35822055804636,12.096813461640654,2964.75,0.8235416666666666,5.630394393940609,1.63444089202816,03868.csv,B0036,354,3868,24,1.63444089202816,145
4.18080325573756,2.682065697865543,3.4541105051819967,2.682065697865543,1.4987375578720172,-1.9764726236625383,0.19722903884028656,31.59342641124915,37.04815005782166,12.363705515773916,2969.953,0.8249869444444444,5.6453136600714755,1.637403918650421,03872.csv,B0036,358,3872,24,1.6374039186504212,146
4.182113945486228,2.623022825320866,3.456542656900933,2.623022825320866,1.559091120165362,-1.9761971299509842,0.19678500763710924,32.451352345308976,37.78142773101782,11.96456140560091,2988.453,0.8301258333333333,5.684006141953083,1.6473820754052397,03874.csv,B0036,360,3874,24,1.64738207540524,147
4.1824959224325715,2.638877668106794,3.462836576734922,2.638877668106794,1.5436182543257777,-1.9764358998879015,0.19617080934156947,33.70907658061942,38.98412239569435,12.228876667388924,3001.235,0.833676388888889,5.718762613761538,1.6545646441622353,03876.csv,B0036,362,3876,24,1.6545646441622357,148
4.182691760459621,2.6345026369215763,3.455642847223531,2.6345026369215763,1.5481891235380445,-1.9764723723079625,0.1972462085761278,32.3628652503866,37.65911041193654,12.078359026051533,2976.234,0.8267316666666666,5.659586393503177,1.640896560729935,03878.csv,B0036,364,3878,24,1.640896560729935,149
4.182876278594965,2.6856425973144904,3.453765407751183,2.6856425973144904,1.4972336812804747,-1.9762622330108464,0.19803527551815195,31.558941182174713,36.92167189475025,12.305395328780524,2950.39,0.8195527777777778,5.606705557644838,1.6265229979339635,03880.csv,B0036,366,3880,24,1.6265229979339637,150
4.180649883777921,2.68786797873656,3.4500406564088526,2.68786797873656,1.4927819050413609,-1.9761878164815234,0.19871075366298743,31.135887556686384,36.59954969750561,12.50302022069581,2941.719,0.8171441666666667,5.584052652175034,1.6217349144630457,03884.csv,B0036,370,3884,24,1.6217349144630455,151
4.182680164994964,2.63020606842625,3.447400483446299,2.63020606842625,1.552474096568714,-1.9763905482451505,0.19880333156747299,31.04112225235265,36.62217023847058,12.68158146176199,2946.969,0.8186025,5.590241131342413,1.6248200059639548,03886.csv,B0036,372,3886,24,1.6248200059639546,152
4.182616597040702,2.6641914790243417,3.449026045033965,2.6641914790243417,1.51842511801636,-1.9763256382870515,0.19921093162766743,31.054879323980543,36.590898812608955,12.591761461409028,2936.171,0.8156030555555555,5.572267893221069,1.61880119736137,03888.csv,B0036,374,3888,24,1.61880119736137,153
4.1822968821994175,2.689303373660729,3.450376630404453,2.689303373660729,1.4929935085386887,-1.975971961224962,0.20007402461090606,31.10833607101402,36.59234456560626,12.51083882457215,2927.281,0.813133611111111,5.557032887228386,1.6137403605861436,03890.csv,B0036,376,3890,24,1.6137350490334217,154
4.182535478785295,2.65147651386545,3.447000121773302,2.65147651386545,1.5310589649198447,-1.9758050203647282,0.20025588001390057,30.944663670795183,36.48018480302178,12.581436394598985,2924.422,0.8123394444444445,5.545533964019821,1.612015839672463,03892.csv,B0036,378,3892,24,1.612012823654141,155
4.168926346337092,2.6896892125914618,3.4669760884346075,2.6896892125914618,1.4792371337456305,-1.9763325577592548,0.1973258940200016,32.6791979812127,38.23567263982747,12.709715501358549,3023.859,0.8399608333333333,5.769291899912821,1.6671032556887178,03896.csv,B0036,382,3896,24,1.6671032556887178,156
4.181261244136992,2.6628469651561684,3.4736386683731344,2.6628469651561684,1.5184142789808233,-1.9764828677632524,0.19633577654798728,33.03296653786076,37.930952706812825,11.450108321376927,3056.172,0.8489366666666667,5.842196926192603,1.6850133383886252,03900.csv,B0036,386,3900,24,1.6850133383886254,157
4.182790224481656,2.626900680068646,3.467958204671299,2.626900680068646,1.5558895444130103,-1.9762113672371753,0.196550778646257,32.14080730031082,37.19257582780181,11.74408254608828,3045.078,0.845855,5.810708305207834,1.6786654987614695,03902.csv,B0036,388,3902,24,1.6786654987614698,158
4.182456210343196,2.6081515730092875,3.4632760700749996,2.6081515730092875,1.574304637333909,-1.9764506704962272,0.19739507707977827,31.54659714469647,36.76201438343683,12.02847716312355,3034.25,0.8428472222222222,5.783261507144639,1.6729763502191375,03904.csv,B0036,390,3904,24,1.6729763502191373,159
4.182764774519028,2.6357331981420877,3.4628276335315356,2.6357331981420877,1.5470315763769404,-1.976336702286546,0.19774687260217322,31.32211217550974,36.54833629882202,12.088368335279913,3022.609,0.8396136111111111,5.759639593819206,1.6664890342996537,03906.csv,B0036,392,3906,24,1.666489034299654,160
4.18302689884869,2.629018498984386,3.4646012546935614,2.629018498984386,1.5540083998643035,-1.9761771069613194,0.197922966623516,31.944476209251814,37.37954300419149,12.540545857038651,3028.828,0.8413411111111111,5.774568487254077,1.6698424436460064,03908.csv,B0036,394,3908,24,1.6698420840710908,161
4.180963257164536,2.6266603184816235,3.4679372219489957,2.6266603184816235,1.5543029386829126,-1.9760041905736137,0.19783139441486786,32.95970790517297,38.17965570439169,12.089364868554036,3037.875,0.8438541666666667,5.79668178802323,1.6746744228027035,03912.csv,B0036,398,3912,24,1.6746744228027035,162
4.182690496903405,2.602450788874241,3.462497796397771,2.602450788874241,1.5802397080291635,-1.975873938296025,0.19880935388044105,31.94954978552722,37.06880928199277,11.706304516926796,3023.187,0.8397741666666666,5.759489768833133,1.666504533514564,03914.csv,B0036,400,3914,24,1.6665045335145643,163
4.182466447324255,2.662872873818505,3.4597555835668237,2.662872873818505,1.51959357350575,-1.976044015388604,0.19910638896845156,31.016509562928245,36.3207199175235,12.218162300084842,2996.922,0.8324783333333333,5.705054546009839,1.6522220848347275,03916.csv,B0036,402,3916,24,1.652222084834727,164
4.182351343336321,2.6641259048235493,3.4575027462160053,2.6641259048235493,1.5182254385127716,-1.9757551706068877,0.1997843425461449,30.717850318637232,36.10688426616758,12.395705760201253,2986.469,0.8295747222222223,5.680703016366021,1.6462718275099526,03918.csv,B0036,404,3918,24,1.6462718275099526,165
4.182754745413883,2.6980994427054057,3.4593887120996203,2.6980994427054057,1.484655302708477,-1.9758263113357128,0.20032403432492168,30.879779806825745,36.31248307899438,12.567630693586342,2979.219,0.8275608333333333,5.670446937674485,1.6423992346925207,03920.csv,B0036,406,3920,24,1.642399234692521,166
4.180861110367055,2.649240292513478,3.459697403340653,2.649240292513478,1.531620817853577,-1.9759776263748132,0.19966295855977925,31.650221324336044,37.07549861586275,12.485204355847117,2995.047,0.8319575,5.701390232817083,1.6511786070999919,03924.csv,B0036,410,3924,24,1.651178607099992,167
4.182794520703595,2.691344905562854,3.464129590458387,2.691344905562854,1.4914496151407413,-1.9757190023217348,0.20008845660346672,32.06625589927076,37.414877687125575,12.32806062586775,2989.828,0.8305077777777777,5.69832808101321,1.6481683120281931,03926.csv,B0036,412,3926,24,1.6481683120281931,168
4.182556061512275,2.6312837349184783,3.460169463632063,2.6312837349184783,1.5512723265937969,-1.975704650691821,0.20049347878300136,31.895952062496796,37.09639528593206,11.897233589694231,2989.391,0.8303863888888889,5.690763490625737,1.6478892380480552,03928.csv,B0036,414,3928,24,1.6478887725428395,169
4.182810830291452,2.6584363442335084,3.4561756716228116,2.6584363442335084,1.524374486057944,-1.9757629054586396,0.2012249453306708,30.985495506316067,36.36605166703309,12.304109515426308,2967.2810000000027,0.824244722222223,5.642391626845798,1.6358436509156817,03930.csv,B0036,416,3930,24,1.635843650915682,170
4.182635286848819,2.6231998193879877,3.452053305545746,2.6231998193879877,1.559435467460831,-1.9757208321303017,0.20114661077691476,30.72140290899611,36.234238027710575,12.542460436760784,2962.609,0.8229469444444444,5.626915930157731,1.6332362811945513,03932.csv,B0036,418,3932,24,1.6332362811945516,171
4.180865480888278,2.633671931011382,3.4498706612134633,2.633671931011382,1.5471935498768965,-1.9753838232885894,0.20158021926107364,30.525764579406868,36.13330283566238,12.733817702031597,2957.016,0.8213933333333333,5.611920244922285,1.629926467682987,03936.csv,B0036,422,3936,24,1.629926467682987,172
4.182278121427216,2.613160298710749,3.4562888987795763,2.613160298710749,1.5691178227164668,-1.9753747226034408,0.20122861549672372,31.861104818689885,37.40631592104371,12.615027398653819,2973.281,0.8259113888888888,5.653120527877514,1.6387862629287224,03938.csv,B0036,424,3938,24,1.6387862629287224,173
4.182870580087216,2.664776371262019,3.4606240664312637,2.664776371262019,1.5180942088251967,-1.9753588071492805,0.20176681115364067,32.31201872670814,37.77076533558071,12.422022176032794,2968.016,0.8244488888888889,5.650320358769516,1.6359654863840773,03940.csv,B0036,426,3940,24,1.6359654863840771,174
4.1827611176443975,2.632939371611515,3.456019242182233,2.632939371611515,1.5498217460328827,-1.975257971644178,0.20222966114147659,31.79301024802491,37.14813436098321,12.128991213596187,2959.281,0.8220225,5.62596413304764,1.6311370439675659,03942.csv,B0036,428,3942,24,1.631137043967566,175
4.182395237195288,2.6282834158429433,3.450712115143618,2.6282834158429433,1.5541118213523446,-1.9752191259041325,0.2029175284274215,31.01748043918613,36.53239990681521,12.486326623755396,2942.797000000006,0.8174436111111127,5.585957416590344,1.6220189720888465,03944.csv,B0036,430,3944,24,1.6220189720888465,176
4.174632559195338,2.6382695335398956,3.457628617948717,2.6382695335398956,1.5363630256554424,-1.974872083562542,0.20172845736417463,32.52627247756125,37.81511547301817,12.210048580994084,2978.89,0.8274694444444444,5.6651170390472,1.6416044978422157,03948.csv,B0036,434,3948,24,1.6416044978422155,177
4.180584396863127,2.666855394758346,3.453055943057908,2.666855394758346,1.513729002104781,-1.9750892690302662,0.20275264720755126,30.971239918679984,36.404593910301536,12.456054962797701,2948.891,0.819136388888889,5.60106076319266,1.6253090231457805,03952.csv,B0036,438,3952,24,1.6253090231457803,178
4.182257880042593,2.645771603606621,3.450668341610227,2.645771603606621,1.5364862764359724,-1.9750429933939881,0.20326241166481698,30.76463270446893,36.31178502135717,12.61636096612748,2938.547,0.8162630555555556,5.577507748235073,1.6196134522239483,03954.csv,B0036,440,3954,24,1.6196134522239485,179
4.1825612222864805,2.6749192828697232,3.450902810317066,2.6749192828697232,1.5076419394167573,-1.9749799926549043,0.20386635155408256,30.660177115279623,36.180551238597374,12.589710672140374,2925.484,0.8126344444444444,5.553080549879548,1.612423617477437,03956.csv,B0036,442,3956,24,1.6124236174774371,180
4.18253016588314,2.6772635289500464,3.4500594839606094,2.6772635289500464,1.5052666369330936,-1.9747546184485705,0.20465564734741504,30.586674094126863,36.10348020899565,12.564617135487794,2917.297,0.8103602777777777,5.535538854319743,1.6077860680903546,03958.csv,B0036,444,3958,24,1.6077701029913394,181
4.1821683496152,2.651409246777448,3.449110812692783,2.651409246777448,1.5307591028377519,-1.9749280525665507,0.20459266880853255,30.83253477381729,36.39815845242427,12.619768162960177,2918.938,0.8108161111111112,5.537681578502676,1.6088084155973785,03960.csv,B0036,446,3960,24,1.6088077531981582,182
4.180042578142461,2.6359845840555653,3.4458169090139847,2.6359845840555653,1.544057994086896,-1.9747449903353,0.20477823811405596,30.68860522383244,36.348677496156625,12.806330434019927,2918.25,0.810625,5.530845746677636,1.6083556258734266,03964.csv,B0036,450,3964,24,1.6083556258734268,183
4.18247008024948,2.6203632515294,3.4453799620249113,2.6203632515294,1.56210682872008,-1.9747270429184278,0.2048104284230087,30.620490468656016,36.30340414585353,12.784617632941774,2915.4839999999967,0.8098566666666658,5.524638004096326,1.606820251901154,03966.csv,B0036,452,3966,24,1.606820251901154,184
4.182316019784006,2.6353503124760125,3.445133112798374,2.6353503124760125,1.5469657073079932,-1.9748519715505966,0.20548541028158532,30.598226708173872,36.26566178605087,12.786776932788392,2906.015,0.8072263888888889,5.507053343671968,1.601770977206713,03968.csv,B0036,454,3968,24,1.601770977206713,185
4.182271283338991,2.665160202735034,3.4458558996634645,2.665160202735034,1.5171110806039567,-1.9743987343803497,0.2059350007806618,30.522404975221356,36.17313667131571,12.776513031539281,2894.14,0.8039277777777778,5.484460588921364,1.5949117346922081,03970.csv,B0036,456,3970,24,1.594911734692208,186
4.182247103438741,2.6439462094074133,3.4444897117952333,2.6439462094074133,1.538300894031328,-1.9743953769070435,0.20660174499782671,30.572012594415884,36.20038317528244,12.70322442887058,2892.031,0.8033419444444444,5.478457669691121,1.5938139125387374,03972.csv,B0036,458,3972,24,1.5938139125387372,187
4.182668785784587,2.680823910703161,3.4452529094036595,2.680823910703161,1.5018448750814262,-1.9745565504466334,0.2065228461140504,30.525594309542488,36.12974352283867,12.745235679217785,2888.719,0.8024219444444445,5.473697528316487,1.5920273129504596,03976.csv,B0036,462,3976,24,1.5920273129504596,188
4.182325389472558,2.6584332895177942,3.4433682977623126,2.6584332895177942,1.5238920999547636,-1.9743485288471663,0.20720655690018258,30.460152624234137,36.15128962766672,12.81739802093054,2875.641,0.7987891666666667,5.445274459281244,1.584736154977875,03978.csv,B0036,464,3978,24,1.5847361549778751,189
4.1817196130714,2.6858136443865597,3.444044633354944,2.6858136443865597,1.4959059686848404,-1.9740794817151763,0.20766168636888857,30.42634729502671,36.06503580876304,12.754650668363997,2860.7810000000027,0.7946613888888896,5.417379624083225,1.57634293639368,03980.csv,B0036,466,3980,24,1.5763429363936798,190
4.1819812339971225,2.686590802386354,3.4436657042772842,2.686590802386354,1.4953904316107685,-1.9739791964844613,0.20837554427294896,30.477932880980596,36.12802521407918,12.776366179448232,2852.844,0.7924566666666667,5.401810358721651,1.5720229174642288,03982.csv,B0036,468,3982,24,1.5720229174642286,191
4.182031710997783,2.656968060548768,3.4414697554582165,2.656968060548768,1.5250636504490145,-1.9739892815959978,0.20820397145769168,30.47370962894708,36.26774799217623,12.987694039505293,2854.64,0.7929555555555555,5.401732803856277,1.572987428551235,03984.csv,B0036,470,3984,24,1.5729874285512353,192
4.1803143719336,2.676038889381632,3.4563046908197936,2.676038889381632,1.5042754825519675,-1.9743635806531246,0.20694857770854558,33.14386747805384,38.43630283495838,12.046916068463197,2897.844,0.8049566666666667,5.5082626462286335,1.5969854003890185,03988.csv,B0036,474,3988,24,1.596985400389019,193
4.182021692835025,2.6188084347235887,3.452089547010762,2.6188084347235887,1.563213258111436,-1.9739686530082488,0.20710200104847554,32.934539010545976,38.52063845392343,12.490289868048649,2896.063,0.8044619444444445,5.497445585486011,1.5957260237038562,03990.csv,B0036,476,3990,24,1.595726023703856,194
4.182097383940862,2.645949573946669,3.4477573593842226,2.645949573946669,1.5361478099941928,-1.9740791048008228,0.20831896293044008,31.954024468442526,37.489412293667954,12.427982581679952,2866.234,0.7961761111111111,5.434396342943209,1.579500338340559,03992.csv,B0036,478,3992,24,1.579500338340559,195
4.181635590494091,2.6883439532038187,3.4451953986146564,2.6883439532038187,1.4932916372902723,-1.9736801463901485,0.2092928810435343,31.19189073934152,36.78751789975617,12.617660987178368,2836.609,0.7879469444444445,5.3730809368679715,1.5629469877520186,03994.csv,B0036,480,3994,24,1.5629469877520186,196
4.182118777318184,2.67894320816739,3.4432584336378476,2.67894320816739,1.5031755691507942,-1.9737323749924904,0.21001887799328436,30.99297651094941,36.62637340717898,12.694474825142148,2829.516,0.7859766666666667,5.356684895328863,1.5591129431541175,03996.csv,B0036,482,3996,24,1.5591129431541175,197
4.196831409847343,3.293908154465751,3.400080836543819,1.9182683747066012,0.9029232553815922,-1.0680263652396946,1.7777687414266676,33.13281956573637,41.81748104839704,15.313689983320874,6515.422000000006,1.809839444444446,6.277296672104584,1.8990134427579637,04003.csv,B0025,3,4003,24,1.847011162956716,1
4.202484672945412,3.3021572673239152,3.4067357604110753,1.8939610306669548,0.9003274056214972,-1.0683949803553137,1.7779202613460972,32.848310333012144,41.504410609595574,15.286520111707983,6516.219,1.8100608333333335,6.293311183086299,1.9008919355022849,04005.csv,B0025,5,4005,24,1.8485654344528384,2
4.202713117217314,3.3039281120646793,3.407792325190085,1.82462740970999,0.8987850051526349,-1.071886802134967,1.7795472187375723,33.07297579198606,41.670776193570134,15.251100266652617,6489.5,1.802638888888889,6.293113990320729,1.8998613720429067,04007.csv,B0025,7,4007,24,1.847111177186175,3
4.202988857257324,3.3339930677853196,3.425685226676254,1.9612044915457985,0.8689957894720046,-1.069881568315977,1.7787946975419038,33.12836651135456,41.58349706133725,15.02619552085116,6471.25,1.7975694444444446,6.279620157599529,1.8910940594680612,04009.csv,B0025,9,4009,24,1.8489837601535537,4
4.200058863569411,3.310373402196175,3.4102415310941074,1.7869386268841287,0.8896854613732361,-1.0696478002906964,1.778148458609166,33.20066590827124,41.82908827830225,15.211886642965492,6466.672,1.7962977777777775,6.26675489605666,1.8897879185827933,04011.csv,B0025,11,4011,24,1.837012071856044,5
4.178122904439056,3.3005119277866717,3.395651158058303,1.9399607811955055,0.8776109766523845,-1.0609975004031984,1.7740420583153085,32.8030291471027,41.15307253815554,14.766113354847032,6410.672,1.780742222222222,6.166955695289194,1.859895406107539,04015.csv,B0025,15,4015,24,1.817549211247137,6
4.198227921922519,3.294884807221285,3.3987545550856617,1.7632585904014149,0.9033431147012339,-1.0700556397664167,1.7784456289908457,32.70663040910488,41.167510218490015,14.984926292649412,6474.156,1.7983766666666667,6.283050594609972,1.8930230445373397,04019.csv,B0025,19,4019,24,1.839863822522073,7
4.201052747751877,3.3208111940431326,3.4107861698937034,1.7411634552856723,0.8802415537087445,-1.0673189298080559,1.7768655233237627,32.88774741633189,41.40744159178738,14.82904859397373,6460.75,1.7946527777777779,6.261327140770607,1.8850964097951688,04022.csv,B0025,22,4022,24,1.8430595619731431,8
4.2014816169511375,3.3589234473310663,3.4362212866947472,1.990361763373611,0.8425581696200712,-1.0619524466901569,1.7746976311944664,32.85054388832057,41.089112912518665,14.572934428569468,6448.907,1.7913630555555555,6.232107090149051,1.871427715131706,04024.csv,B0025,24,4024,24,1.8401871729536057,9
4.201461223125712,3.3494163424527805,3.429899192703782,1.8524105657072532,0.8520448806729313,-1.0617949104462785,1.7743671647253518,33.21344988692114,41.56081694228564,14.784671840519511,6447.125,1.7908680555555556,6.22753240427785,1.8710237605160627,04026.csv,B0025,26,4026,24,1.8281265632888255,10
4.190430872833885,3.3141497040552244,3.4061977189259807,1.7970500760271888,0.8762811687786609,-1.0616392954595641,1.7741491671215104,32.54793058844526,41.027186904575295,14.881703494026613,6431.219,1.7864497222222222,6.203956214172596,1.8681248980603207,04030.csv,B0025,30,4030,24,1.8253563336445804,11
4.197641122625931,3.3540972163206058,3.431364532702854,1.9099130781506344,0.8435439063053249,-1.0590758191027096,1.7730500834196778,32.95568065114475,41.20659187421087,14.630123115366416,6442.203,1.7895008333333335,6.211503300702978,1.8648632518380646,04034.csv,B0025,34,4034,24,1.8214180552626151,12
4.199747395878372,3.3632742564989093,3.437199999112006,1.934448897147264,0.8364731393794629,-1.0596169539874956,1.7733730839330974,33.31259035127085,41.458124206642374,14.47474181901493,6427.079,1.7852997222222222,6.208731217766422,1.862213981616148,04036.csv,B0025,36,4036,24,1.830315627968932,13
4.20189282071032,3.3633204353131205,3.4349851634526334,1.8425883947903752,0.8385723853971996,-1.0597552847363263,1.7732310742391166,33.27639301328207,41.50830652935,14.538413312191953,6417.156,1.7825433333333334,6.202013424459267,1.8614133168400502,04038.csv,B0025,38,4038,24,1.8175491643824844,14
4.200832471783116,3.367468155953896,3.4358715577304486,1.828585254411004,0.8333643158292197,-1.059854592361014,1.7731845302907103,33.13052620279671,41.369681799861574,14.528840538939797,6398.907,1.7774741666666667,6.176730612943308,1.8545370106358048,04040.csv,B0025,40,4040,24,1.810901200296979,15
4.2006834078208275,3.3704298520879097,3.437200278486185,1.8355395996102943,0.8302535557329178,-1.0604451363745762,1.7734801504482407,33.262538649813465,41.46226760798129,14.582457481687086,6384.75,1.7735416666666666,6.1698930950641175,1.8521552802049301,04042.csv,B0025,42,4042,24,1.8083032603084233,16
4.176908127442872,3.280466694473764,3.3887362465772446,1.9492783916128955,0.8964414329691084,-1.061164896269225,1.7744748702177056,33.4559068625216,41.32045149274522,13.9330305443026,6284.063,1.7455730555555555,6.074044393517777,1.8254445018652299,04046.csv,B0025,46,4046,24,1.7928016149381063,17
4.198430576015103,3.297185789997376,3.3997812429989795,1.7363301713780446,0.9012447860177271,-1.0644657893096274,1.775607129268032,33.359161719231366,41.29100352861782,14.012767788459545,6370.937000000005,1.7697047222222237,6.185563121201298,1.857245398056822,04050.csv,B0025,50,4050,24,1.812563150045885,18
4.201378297006623,3.3139363452073476,3.4092528162288933,1.7105280581137303,0.8874419517992753,-1.0636693462251967,1.7750785393458162,33.19907517017467,41.08913600776219,13.93331725428552,6359.812,1.7666144444444445,6.1660940682277365,1.851149438258203,04052.csv,B0025,52,4052,24,1.807772607491239,19
4.201267329262803,3.3245081604121793,3.413290161572333,1.6755342791432477,0.876759168850624,-1.063944284256531,1.7751508293862674,33.10915637159371,41.02067280816403,13.995594802297166,6346.156,1.7628211111111112,6.152000591425871,1.8482058686192384,04054.csv,B0025,54,4054,24,1.8048055175003972,20
4.201007650907643,3.335811472179787,3.418321145613461,1.6704419000715314,0.8651961787278561,-1.0644931821377202,1.775224602433338,32.8730319628199,40.73588950026045,13.863350414089627,6328.172,1.7578255555555555,6.135886216366707,1.843917964146473,04056.csv,B0025,56,4056,24,1.800538555899242,21
4.200640308563649,3.3455703327571924,3.4228002445936747,1.7016507714607274,0.8550699758064568,-1.0611486398597036,1.773594506046923,32.8903015920882,40.76227622359968,13.94231090428114,6326.062,1.7572394444444444,6.119128667845186,1.838287555614686,04058.csv,B0025,58,4058,24,1.7942356098033032,22
4.199028873312285,3.320860848190158,3.4103062616510487,1.88910350609833,0.8781680251221271,-1.057828326267502,1.7726555367717092,32.07013291213046,39.71112605386658,13.560102630185291,6352.843,1.764678611111111,6.129967262425095,1.8406434561469656,04065.csv,B0025,65,4065,24,1.807409052434889,23
4.200691577023061,3.3202365819242865,3.4104689136383888,1.756482386846181,0.8804549950987748,-1.0619681305424282,1.774352336810489,32.18349666127279,39.797043058510575,13.55493192200494,6309.172000000006,1.7525477777777794,6.110166272647096,1.8352576680090003,04067.csv,B0025,67,4067,24,1.7902504816962077,24
4.199923633369484,3.3387226822988936,3.4208452515825636,1.8323981556137667,0.8612009510705905,-1.0623591353414312,1.774906253657654,32.133961271398654,39.64019141128942,13.404737468305036,6284.297,1.7456380555555555,6.091903588007422,1.8291842085074916,04069.csv,B0025,69,4069,24,1.7961223845359495,25
4.200628533399999,3.3494710160604875,3.426965494192803,1.89712686584404,0.8511575173395114,-1.0638074812423732,1.7755495210247358,32.19734869129393,39.75344188854835,13.557221230897142,6265.969,1.7405469444444444,6.0798386726027305,1.8249205189242441,04071.csv,B0025,71,4071,24,1.7912236690350776,26
4.200021709929957,3.3633941206718414,3.4343195510923628,1.993495831037155,0.8366275892581156,-1.0603658561835867,1.7742108649511334,32.128660226085096,39.57317189988566,13.40264105306738,6266.641,1.740733611111111,6.063490761804984,1.8196935375583267,04073.csv,B0025,73,4073,24,1.7854822365303245,27
4.179880908916163,3.2654769931105054,3.379891621690332,1.9679550948765456,0.9144039158056572,-1.0606190479243294,1.7742160469852117,32.16680073898097,39.45687787991913,13.164880950232938,6198.75,1.721875,5.98966084030908,1.8019185062409036,04077.csv,B0025,77,4077,24,1.7677890780323615,28
4.185453870728775,3.3226569002740027,3.404890220315493,1.98069037313681,0.8627969704547724,-1.0495360191773455,1.767567523394696,32.764485625071856,40.711455499237935,14.295424110154585,6515.422000000006,1.809839444444446,6.142136971689415,1.865255115977613,04083.csv,B0026,3,4083,24,1.81325043038699,1
4.191986600147927,3.344948612326286,3.418631404129339,1.9296821070764223,0.8470379878216407,-1.0501897262481417,1.7677116586972588,32.560591865941106,40.56984371986605,14.224389901999487,6516.219,1.8100608333333335,6.160744990405082,1.8674920967744928,04085.csv,B0026,5,4085,24,1.8149760087078304,2
4.19141376026019,3.388101955667073,3.4453022579697716,2.169258771295841,0.8033118045931169,-1.0474152615120336,1.7662686400716856,32.70948277164228,40.420735413096146,13.578589343417644,6489.5,1.802638888888889,6.140518116960435,1.8549848745093362,04087.csv,B0026,7,4087,24,1.8135354175561993,3
4.188413709802578,3.3635099671869173,3.4281919482774947,1.898741105703338,0.8249037426156609,-1.0511342688931857,1.7682034784178895,32.89402601565415,40.839359753382105,14.105239810626934,6471.25,1.7975694444444446,6.135006925204742,1.8568933377532455,04089.csv,B0026,9,4089,24,1.815149273310334,4
4.191378962576998,3.3723716769314045,3.433945869545595,1.9095478812878095,0.8190072856455934,-1.051239794627214,1.768292784484009,32.88851048708752,40.762597974826,14.096416327004171,6466.672,1.7962977777777775,6.13969254852103,1.8563404119907205,04091.csv,B0026,11,4091,24,1.81429130140682,5
3.986547462246526,3.242697887336069,3.2986715430208906,2.044256084427152,0.743849574910457,-0.8176606997984731,1.6195870070782303,31.60887613480477,39.78739652537364,13.498112894947578,6410.672,1.780742222222222,4.6172632860459295,1.4283916818420914,04095.csv,B0026,15,4095,24,1.3863373424430123,6
4.1842030048921135,3.3013286895325744,3.395711592779412,1.8584184081271529,0.8828743153595391,-1.051071206615797,1.7682729564539332,32.4909596779559,40.12859054534907,13.670458809406217,6474.156,1.7983766666666667,6.151649230767239,1.8586752720170414,04099.csv,B0026,19,4099,24,1.8165277958816064,7
4.189253474215399,3.350202080919962,3.4209107644287986,1.9288388497995343,0.8390513932954371,-1.0489813674620347,1.7670491246996236,32.63416073863936,40.39287009990307,13.916963586553091,6460.75,1.7946527777777779,6.1372953779126895,1.8514682621398317,04102.csv,B0026,22,4102,24,1.8085638576011065,8
4.190283088382904,3.3608261191641824,3.4290052342029878,1.935441772448038,0.8294569692187213,-1.0490946281054965,1.7671763467008779,32.646683898798194,40.37811271633581,13.957482906364653,6448.907,1.7913630555555555,6.128972530707358,1.8481343994487947,04104.csv,B0026,24,4104,24,1.804936077644182,9
4.188068725985081,3.384121792249783,3.4422746572295977,2.0842440571468894,0.8039469337352982,-1.0429437842976168,1.7636854873694177,32.95341147758712,40.6345527951007,13.9664235533828,6447.125,1.7908680555555556,6.0988491403261555,1.836671388100828,04106.csv,B0026,26,4106,24,1.8049315924982108,10
4.137907749692748,3.3197816919448715,3.391747147883427,1.896444377630184,0.8181260577478766,-1.002108129626011,1.7406373925176062,32.14122281811958,40.0980220096873,13.844648359443003,6431.219,1.7864497222222222,5.805708987549856,1.7611873487243845,04110.csv,B0026,30,4110,24,1.717679232699393,11
4.1860879116703416,3.3686369707762713,3.433128893119263,2.0399077334404954,0.8174509408940702,-1.046478428570111,1.7657546664531725,32.73498021932445,40.34748376711444,13.880445311866769,6442.203,1.7895008333333335,6.117512513062746,1.8417182922444313,04114.csv,B0026,34,4114,24,1.809804813280106,12
4.1900980869893365,3.3867302232941032,3.4445618404708633,2.1312634408664395,0.8033678636952333,-1.0467914868488968,1.7658777336114755,33.077725434853896,40.655125518765814,13.788198318347469,6427.079,1.7852997222222222,6.116900276436811,1.8387113742232288,04116.csv,B0026,36,4116,24,1.806556213274488,13
4.18806162606315,3.377065267321948,3.435084142217923,1.8782785619868927,0.8109963587412019,-1.0469850347811238,1.7658501093728307,33.067457381369145,40.78648924035223,13.94013471229285,6417.156,1.7825433333333334,6.101360759250474,1.8378218327546008,04118.csv,B0026,38,4118,24,1.7938155707698509,14
4.188184354415936,3.3951707931972104,3.4457210478614795,1.9640553148703692,0.7930135612187259,-1.0475275600281526,1.7661700647299972,32.902717226956746,40.64545029611132,13.923472639861135,6398.907,1.7774741666666667,6.085779506861176,1.8318498485734962,04120.csv,B0026,40,4120,24,1.799304949381792,15
4.18723267594963,3.3960984557134832,3.4449342432242034,1.9028600928182504,0.7911342202361471,-1.0476470565655591,1.7663344224544746,33.04143942038261,40.753548433947245,13.992390726773476,6384.75,1.7735416666666666,6.073716032790812,1.8288674878297666,04122.csv,B0026,42,4122,24,1.7842197448470132,16
4.116319031433004,3.2414508629231222,3.3483889742885826,2.066791178782658,0.8748681685098814,-0.99787222854682,1.7387120496549202,33.28920270851618,40.90407080657346,13.632052692947497,6284.063,1.7455730555555555,5.654319035896847,1.7145254183308392,04126.csv,B0026,46,4126,24,1.6818819918515189,17
4.182896490938407,3.3176236883723424,3.4115903895548496,2.1735697218309302,0.8652728025660643,-1.05175253436239,1.7692390402604146,33.31828122927918,40.760169873884465,13.58200460855289,6370.937000000005,1.7697047222222237,6.106258650054654,1.833865487904715,04130.csv,B0026,50,4130,24,1.8007519383961936,18
4.188680037627242,3.3185109271820448,3.4077180188358045,1.869998135001252,0.8701691104451976,-1.0581306387784024,1.7724144061714373,33.24546150252619,40.86760057065783,13.830454148632246,6359.812,1.7666144444444445,6.116867782484377,1.8404877471761785,04132.csv,B0026,52,4132,24,1.795972684272296,19
4.189338315317407,3.339336914928341,3.416993809879986,1.834360851438286,0.8500014003890661,-1.0584303641401285,1.772485645772996,33.19381621015531,40.8457724786952,13.932961056924295,6346.156,1.7628211111111112,6.104906500561993,1.8374929559499802,04134.csv,B0026,54,4134,24,1.7931026940553298,20
4.191202777072821,3.360909430364995,3.4279308915459796,1.8588013920189892,0.8302933467078257,-1.058835499937123,1.7727585147539215,32.950371591621256,40.61328442378913,13.818696540673695,6328.172,1.7578255555555555,6.092550796853528,1.833350381394021,04136.csv,B0026,56,4136,24,1.8010267542068712,21
4.18738502716279,3.400823458107325,3.450423062016945,2.1656553710973343,0.7865615690554653,-1.048570222149277,1.7673902830948418,32.98142836772341,40.55411444614823,13.865001438642214,6326.062,1.7572394444444444,6.041440860643799,1.8154784098149865,04138.csv,B0026,58,4138,24,1.7824572301269948,22
4.187376898822461,3.3478540574039943,3.4243550860962872,2.161441726851442,0.839522841418467,-1.0522245912177104,1.769369527275782,32.285643510120714,39.89740047610024,13.841534721661812,6352.843,1.764678611111111,6.085357647330719,1.829296867053726,04145.csv,B0026,65,4145,24,1.7959303030608789,23
4.187573942901554,3.34805202754179,3.419928142613709,1.8357784756785416,0.8395219153597635,-1.0562946339613315,1.771008957052944,32.40988062398286,40.148009555945954,14.018084519841889,6309.172000000006,1.7525477777777794,6.056713971888959,1.8239933293569695,04147.csv,B0026,67,4147,24,1.7783142127341005,24
4.187714468300498,3.3742298505036907,3.4304184604928114,1.7730752055194368,0.8134846177968069,-1.0562794361681302,1.770867877420283,32.395070835603484,40.16428171644192,14.038864425497067,6284.297,1.7456380555555555,6.0288192547404424,1.8172565111575298,04149.csv,B0026,69,4149,24,1.771719092984802,25
4.188478683109575,3.3964176261544003,3.4416415585585702,1.8034969218504175,0.7920610569551747,-1.0570022650761444,1.771244383644024,32.48055490141574,40.34822918896083,14.268552171324082,6265.969,1.7405469444444444,6.014978997371267,1.8124564450173728,04151.csv,B0026,71,4151,24,1.7790749489536772,26
4.188556751119444,3.4139638817537694,3.448941537538792,1.8019162984387032,0.7745928693656747,-1.0532958143214937,1.769400594255141,32.39831599080119,40.155136061235744,14.089336960721194,6266.641,1.740733611111111,5.9936855684527535,1.806656676707282,04153.csv,B0026,73,4153,24,1.7733229782464677,27
4.167840102339013,3.2411093837588147,3.3679598202717265,2.094755756018166,0.9267307185801981,-1.061746365944055,1.7745609158893119,32.5316653403438,40.01460073648427,13.799640420345323,6198.75,1.721875,5.978990373674963,1.802820515182602,04157.csv,B0026,77,4157,24,1.768754111010884,28
4.116561748956975,3.2260667040672133,3.3729664490249562,2.4944372580491163,0.8904950448897613,-3.8333672232532003,0.7378624099795472,52.65501135302439,60.84632469517393,18.016288382197892,1572.359,0.43676638888888886,5.6681999019368785,1.68239729852878,04161.csv,B0031,1,4161,43,1.6666751942525773,1
4.206499027366964,3.2261377348262275,3.410655663961355,2.4703791051999655,0.9803612925407363,-3.84510167705326,0.7078073677421077,53.97231092767106,61.81769411336386,17.523065528995254,1723.281,0.47868916666666667,6.299449967607415,1.8488295015018863,04163.csv,B0031,3,4163,43,1.8328583629543176,2
4.206542652746716,3.190910276438791,3.411724207737072,2.432998201540817,1.015632376307925,-3.8650342644443447,0.653167303223489,53.99108510894419,61.82805706187581,17.487191603464318,1705.906,0.47386277777777774,6.271199309815202,1.840512436891589,04165.csv,B0031,5,4165,43,1.8139835002945135,3
4.206636701109276,3.212067220651373,3.414079984476593,2.455290559392926,0.994569480457903,-3.863745544431601,0.6566855304894574,53.996608338848425,61.95644236061217,17.597910662228557,1697.688,0.47158000000000005,6.242970387442652,1.8311237703307337,04167.csv,B0031,7,4167,43,1.8044387333514835,4
4.206755471453542,3.1339299674766687,3.412679097550016,2.379788594335936,1.0728255039768735,-3.8849374979545646,0.5923392295554046,53.954262670522155,62.099570509363424,17.730528012234338,1686.094,0.46835944444444444,6.231485304266114,1.8290918786046033,04169.csv,B0031,9,4169,43,1.802147684291295,5
4.172458299789621,3.1920222896980537,3.3963237722822415,2.3704531055353044,0.9804360100915677,-3.8380587255136756,0.7252090062982226,53.973288387308486,62.03750729435005,17.7303925988789,1678.563,0.4662675,6.104068590361383,1.7986288997717716,04173.csv,B0031,13,4173,43,1.7715647509798835,6
4.206695405063267,3.0684086441531115,3.4200798093339357,2.479852487101495,1.1382867609101557,-3.906047424985772,0.5186758516314361,53.88993125496472,61.84294867967338,17.483056661579646,1677.469,0.4659636111111111,6.246338482632684,1.8303699776608493,04175.csv,B0031,15,4175,43,1.8139928165779544,7
4.2066972590324845,3.076588838860329,3.4200087266691894,2.4765516954388933,1.1301084201721556,-3.905358988025778,0.5220195712151371,53.87262295937195,61.837947652588504,17.488779204877886,1666.093,0.4628036111111111,6.2030566131891955,1.817738699734094,04177.csv,B0031,17,4177,43,1.8013261041198854,8
4.206952621072369,2.359674470455269,3.417702003194436,2.359674470455269,1.8472781506170999,-3.9279761474648427,0.42974839732969883,53.81893583109196,61.84646585876763,17.513467869628002,1654.328,0.45953555555555553,6.175238499232222,1.8103879507272098,04179.csv,B0031,19,4179,43,1.7883722583933568,9
4.206823888281563,2.4195090802038206,3.420480701190782,2.4195090802038206,1.7873148080777423,-3.9274541286439484,0.4322802555256514,53.82033376097016,61.76013798618494,17.412139305679837,1643.812,0.45661444444444443,6.140423141596524,1.7987863223989948,04181.csv,B0031,21,4181,43,1.776540165737316,10
4.193901504930456,2.3489668209281325,3.4123332615490005,2.3489668209281325,1.8449346840023235,-3.927239655425038,0.43223287295082025,53.821133604090825,61.91960614794014,17.60383682094026,1652.266,0.4589627777777778,6.157087332264095,1.8078818880588643,04185.csv,B0031,25,4185,43,1.7856209131823229,11
4.206655556995042,2.3997094392914415,3.420910074120946,2.3997094392914415,1.8069461177036001,-3.926897197607137,0.433496395659967,53.81794815350033,61.86471031425517,17.511004875517365,1648.672,0.45796444444444445,6.158516199278907,1.8039073720059924,04187.csv,B0031,27,4187,43,1.781363403668594,12
4.206840835464585,2.4168059304515817,3.4216539858581876,2.4168059304515817,1.7900349050130036,-3.926457770086078,0.43620101874885203,53.80194299620242,61.77393480386064,17.43445992899713,1636.969,0.45471361111111114,6.116117721872387,1.7911311699408266,04189.csv,B0031,29,4189,43,1.768489838397124,13
4.206978754188053,2.471072287476068,3.423749066677016,2.471072287476068,1.7359064667119846,-3.925817080441477,0.43868991721421374,53.75880729814269,61.645390510898466,17.317200760614725,1625.187,0.4514408333333333,6.07458176598818,1.7780109105655995,04191.csv,B0031,31,4191,43,1.766505238291406,14
4.206678769590648,2.4044472636058316,3.4209893105313918,2.4044472636058316,1.8022315059848166,-3.9255513820662964,0.43997312866652705,53.78850848662172,61.88870329111738,17.534258117939316,1622.016,0.45056,6.0582092195735004,1.7745234714122504,04193.csv,B0031,33,4193,43,1.751740527921767,15
4.168980783747018,3.1887992024115723,3.40095456627701,2.4059387688210077,0.9801815813354455,-3.852591436358121,0.6872641581345722,53.8368863785077,61.98674236534618,17.698899631835182,1638.422,0.45511722222222223,5.990431275475081,1.7636936275088122,04197.csv,B0031,37,4197,43,1.7352349314055016,16
4.207227268504839,2.386904670931757,3.421591713831319,2.386904670931757,1.8203225975730821,-3.925749357747081,0.43866182532712267,53.773379186088945,61.736554527800706,17.416205131244553,1646.438,0.45734388888888894,6.151046064044491,1.8013893248360335,04199.csv,B0031,39,4199,43,1.7782778274549178,17
4.207303258469689,2.3650342661568575,3.420573981542695,2.3650342661568575,1.8422689923128313,-3.9249912249362797,0.4414089525686483,53.77386924606414,61.822305205835185,17.500051679162546,1634.765,0.4541013888888889,6.104588449821467,1.7883423422097826,04201.csv,B0031,41,4201,43,1.7649894859707391,18
4.206850792842653,2.4186775515647607,3.422624599533156,2.4186775515647607,1.7881732412778923,-3.9244475102493666,0.44433906136153745,53.754659591825344,61.70265737807168,17.380111754248276,1622.016,0.45056,6.0598577389234105,1.7743348064935556,04203.csv,B0031,43,4203,43,1.762591283533551,19
4.206600221347055,2.360775838409723,3.4201177255120836,2.360775838409723,1.8458243829373324,-3.9241185399534726,0.4456194212271524,53.766677549195336,61.83339482415222,17.517812613984873,1616.25,0.44895833333333335,6.033688554141708,1.7679636981153708,04205.csv,B0031,45,4205,43,1.744314576121582,20
4.198588399882212,2.4505597087782616,3.4199667649637617,2.4505597087782616,1.7480286911039502,-3.924417903030087,0.4456972577605133,53.731744909320135,61.71886225058171,17.443856008179637,1622.218,0.4506161111111111,6.056151396735114,1.774635825436265,04209.csv,B0031,49,4209,43,1.7628373753518478,21
4.207348617133544,2.3428829070219703,3.4203305433739613,2.3428829070219703,1.8644657101115736,-3.9240126202473213,0.4471242220977128,53.77927288646249,61.9456150656118,17.60752692363868,1619.656,0.44990444444444444,6.04689092708192,1.7717692221560202,04211.csv,B0031,51,4211,43,1.747857930947971,22
4.207214055204574,2.411955819284382,3.422863512888695,2.411955819284382,1.7952582359201918,-3.9232971090768873,0.44999552271328896,53.77940592279519,61.68681561807962,17.32373287988881,1605.484,0.44596777777777774,5.997377733889099,1.7560849351318195,04213.csv,B0031,53,4213,43,1.7441167338864991,23
4.207149488755062,2.3413222526109294,3.4198002859215846,2.3413222526109294,1.8658272361441322,-3.92291737914847,0.4513117384095788,53.7498055148608,61.72142337926525,17.37063038072344,1600.75,0.4446527777777778,5.974288244540798,1.750808739031248,04215.csv,B0031,55,4215,43,1.7268422932817389,24
4.2072173595407625,2.328244465576847,3.4194705619732524,2.328244465576847,1.8789728939639154,-3.9226738819129343,0.45286821338697936,53.75572683773813,61.922368397426354,17.588766369393205,1595.0,0.44305555555555554,5.951671678807241,1.744463269881079,04217.csv,B0031,57,4217,43,1.7203093493042263,25
4.196145238330935,2.318164845471509,3.4145994489347062,2.318164845471509,1.8779803928594259,-3.9229572377699213,0.4511789814174588,53.7542876562008,61.875049319197814,17.56687319494762,1612.422,0.447895,6.009108551251937,1.7636708735896809,04221.csv,B0031,61,4221,43,1.7394245516699778,26
4.2069462617112805,2.4548236850102603,3.4248774653161553,2.4548236850102603,1.7521225767010202,-3.922700094183036,0.4543788721627967,53.711431807207,61.49120341342234,17.17135383621511,1598.969,0.44415805555555554,5.97610054597558,1.748930796696439,04223.csv,B0031,63,4223,43,1.7367384416372014,27
4.207221731685843,2.3584309858697914,3.420974185160828,2.3584309858697914,1.8487907458160517,-3.9220779649294735,0.45572110443729175,53.69342764953342,61.70751319442212,17.389615274559738,1592.187,0.44227416666666663,5.943492529103105,1.7412990628253824,04225.csv,B0031,65,4225,43,1.716963468448543,28
4.206764713930735,2.4660401403368404,3.4245085053170605,2.4660401403368404,1.7407245735938943,-3.9213702793706045,0.459010040090538,53.61958378565316,61.49432037699378,17.205541792730557,1577.484,0.43818999999999997,5.893485599688241,1.725078641626795,04227.csv,B0031,67,4227,43,1.7127773558366357,29
4.207073830058116,2.442554361335084,3.4232173747975634,2.442554361335084,1.764519468723032,-3.9210732675731483,0.46033124295920747,53.633628437869824,61.505904797603456,17.20388319065681,1571.547,0.4365408333333333,5.868868829672351,1.7184055502480335,04229.csv,B0031,69,4229,43,1.7061083466554066,30
4.202288246181564,2.455972935605985,3.4217612690112014,2.455972935605985,1.746315310575579,-3.9208447863377685,0.46047796542728736,53.64298219337473,61.58650298757853,17.33017556696155,1578.484,0.43846777777777773,5.8923139682436965,1.726074891480821,04233.csv,B0031,73,4233,43,1.713732696207521,31
4.206707865522648,2.3451886335989784,3.420095731247544,2.3451886335989784,1.8615192319236695,-3.9207501433470915,0.46197268381532974,53.640194623026446,61.668030365099106,17.375733493556133,1574.469,0.43735250000000003,5.8746652228445075,1.7216945289338907,04235.csv,B0031,75,4235,43,1.7093475797926974,32
4.206908345689919,2.3048157078228537,3.418207639268387,2.3048157078228537,1.902092637867065,-3.9202672088226542,0.46324608911615844,53.65373339276206,61.83745125268187,17.56447549423693,1568.281,0.4356336111111111,5.847918976085237,1.7147977184025072,04237.csv,B0031,77,4237,43,1.690100045411559,33
4.207018144824621,2.327904771892418,3.4190055604969225,2.327904771892418,1.8791133729322032,-3.919741625648533,0.4649885758438988,53.65355338521763,61.7791359328034,17.485394927731157,1561.422,0.4337283333333333,5.822839321754676,1.7071611234253434,04239.csv,B0031,79,4239,43,1.6946883343387664,34
4.206807751093486,2.3672431402232186,3.4200180230564365,2.3672431402232186,1.839564610870267,-3.9196997597664827,0.46647416419803306,53.647830742878845,61.63755727730526,17.340700402791136,1554.234,0.4317316666666666,5.798113020367412,1.6994092312606055,04241.csv,B0031,81,4241,43,1.687010991299212,35
4.198388264130976,2.32931910043758,3.41552953622903,2.32931910043758,1.8690691636933963,-3.919678832661814,0.4650595494726349,53.654715008055895,61.76541153453152,17.525004121768987,1573.734,0.4371483333333333,5.863430493118111,1.7206784049432187,04245.csv,B0031,85,4245,43,1.6957069027070075,36
4.206906802432806,2.3136169782429055,3.4189014427486333,2.3136169782429055,1.8932898241899,-3.9194105864839486,0.46680928334537725,53.66098543950281,61.71412204720752,17.436439978191792,1566.578,0.43516055555555555,5.842165899472226,1.7127742500113632,04247.csv,B0031,87,4247,43,1.687696889615565,37
4.20664698001037,2.464103908062826,3.423353784322714,2.464103908062826,1.7425430719475439,-3.9186527397651205,0.46993522912080565,53.59867010741405,61.46370523914892,17.20045109343375,1550.047,0.4305686111111111,5.786739752902667,1.694498626050502,04249.csv,B0031,89,4249,43,1.6819617127259294,38
4.206888140334019,2.450218643464606,3.4227287920309317,2.450218643464606,1.7566694968694132,-3.9185184747583235,0.4716570113179492,53.628910349751585,61.45868723262231,17.163704889732678,1543.64,0.42878888888888894,5.761663737554756,1.6875887803363856,04251.csv,B0031,91,4251,43,1.6750033888978846,39
4.207044816296319,2.4650879684691613,3.422760457985402,2.4650879684691613,1.7419568478271579,-3.918145386509849,0.47335424179674224,53.61379694880726,61.44540062417477,17.166302213061,1536.781,0.4268836111111111,5.7354421092960965,1.6799175146237815,04253.csv,B0031,93,4253,43,1.6672987794846676,40
3.8454913513399713,1.9925401284554691,3.053366988981642,1.9925401284554691,1.8529512228845022,-1.9911008133050878,0.20978215960100796,13.052857746525287,16.380725919820748,7.104618513451653,1713.235,0.4758986111111111,2.8930160454195093,0.9500014522947593,04257.csv,B0049,0,4257,4,0.8583727215167135,1
4.162033653860913,3.580623809209341,3.2129415422375103,1.9882559316714203,0.5814098446515721,-1.83826156002667,0.5663341193082031,12.628005551626734,20.824132297943244,15.182355543280645,3170.984,0.8808288888888889,5.145033371788585,1.6189361609769464,04261.csv,B0049,4,4261,4,1.4209057149417377,2
4.191097729318615,3.481601787897443,3.184979657873478,1.999572792895172,0.7094959414211726,-1.9024015568068968,0.45817679047669496,12.625179528928726,22.127142494646403,16.426095369069387,3135.344,0.8709288888888889,5.249050898364724,1.658979205696036,04263.csv,B0049,6,4263,4,1.372852133389263,3
4.191581344098992,3.6995314402201136,3.3418301077163903,1.9713959702644483,0.4920499038788786,-1.7343383193976387,0.6956761483585697,11.462796138822771,17.45530915998414,12.833560908262413,3049.781,0.8471613888888889,4.817033767619181,1.466057397262516,04265.csv,B0049,8,4265,4,1.3643742487429145,4
4.462470916200919,1.9735165526751872,3.2625681004485227,1.9735165526751872,2.488954363525732,-2.0045868396237765,0.13170835988651053,14.669814873687034,20.096309819317955,14.865415730348765,4565.859,1.2682941666666667,8.292778810990988,2.545275282223077,04267.csv,B0049,10,4267,4,2.378643730568756,5
4.176011860001955,3.7255934678418567,3.4447754613409876,1.9779063196102415,0.45041839216009816,-0.8640775471976618,0.9962696804559763,10.159724053383584,20.530529696550808,16.141064719232766,5428.594,1.5079427777777779,3.9803309857738496,1.2858106495379151,04271.csv,B0049,14,4271,4,1.0605357965671216,6
4.192152439213644,3.7004497789126183,3.2264301040985295,1.999505796022011,0.49170266030102594,-1.6316825774505053,0.7898938311100923,12.747809437833528,19.605507267281187,14.096408844628492,2646.797,0.7352213888888889,3.741264064612406,1.1987487735783258,04273.csv,B0049,16,4273,4,1.0069932376659496,7
4.19193811929599,3.7111132119496544,3.226587700876868,1.9998676881173485,0.480824907346336,-1.5413805979962576,0.8536484633896111,12.859387226194555,21.578292345131203,14.947130402218376,2705.594,0.7515538888888889,3.568278966586503,1.1565010098893036,04275.csv,B0049,18,4275,4,0.9298775334359536,8
4.191932999195206,3.708207118145847,3.2214892828227866,1.9942412611094629,0.483725881049359,-1.5480032557315486,0.8494501087530163,12.77865014417398,21.333411676684342,15.58105150749049,2627.828,0.7299522222222222,3.477446786733122,1.1280705165955314,04277.csv,B0049,20,4277,4,0.9232377029483808,9
4.190969695803424,3.737102325704897,3.3410764354812947,1.9887929829692832,0.45386737009852673,-1.2679865452905723,0.97281254383877,11.60077882051404,18.65094643921925,13.383416075089826,2981.312,0.8281422222222222,3.2607462741416833,1.0437715501249798,04279.csv,B0049,22,4279,4,0.9053279121173716,10
4.171657227834694,1.99394963168183,3.064645703434,1.99394963168183,2.177707596152864,-1.9918699549524492,0.20412853165133146,12.462166006182779,21.206691637037263,14.51947676036345,1941.797,0.5393880555555556,3.2886065477917956,1.0774797994773326,04283.csv,B0049,26,4283,4,0.8595848360639872,11
4.190637849743496,3.7206501350405135,3.2359600944959555,1.997025505884536,0.4699877147029823,-1.4315359583206417,0.9134155945717654,12.68524460660397,21.329570135453707,15.854232878005572,2663.625,0.7398958333333333,3.2217035339290407,1.0564368442852583,04285.csv,B0049,28,4285,4,0.8369614294820705,12
4.1898267739177975,3.7303762980013055,3.306834813693079,1.990570708799589,0.4594504759164919,-1.282717511127997,0.9687343134302495,12.070917134385256,18.615958800969327,12.34136884015224,2862.25,0.7950694444444445,3.12469025022295,1.0142305887971128,04287.csv,B0049,30,4287,4,0.8456824187653132,13
4.190571685709423,1.9874243707218109,3.027048731210282,1.9874243707218109,2.203147314987612,-1.99132682330145,0.2084488093987708,12.931744232686027,22.131760657764843,16.63033451226726,1894.485,0.5262458333333333,3.1689629728519426,1.0512022604600704,04289.csv,B0049,32,4289,4,0.8071214007577537,14
4.18826381558764,1.989251737206632,3.0458944536011447,1.989251737206632,2.199012078381008,-1.9900791687971107,0.2137311034506927,12.53100572898693,21.079756102740596,16.847133282879536,1799.25,0.4997916666666667,3.0256822612567023,0.9978234653172645,04291.csv,B0049,34,4291,4,0.7820744360746734,15
4.162762870031206,1.9868911872895965,3.0556096413337333,1.9868911872895965,2.17587168274161,-1.9889148395636458,0.21807178508889544,12.33551372934191,19.664724046912717,13.53123616323273,1741.204,0.48366777777777775,2.937251474749217,0.9652594420799983,04295.csv,B0049,38,4295,4,0.7953019444133349,16
4.19011964495105,3.4543504315144196,3.6333215332721274,3.4543504315144196,0.7357692134366305,-1.8455690193556895,0.5678582026175583,7.437341180783139,8.914965140326935,2.7804821497591146,236.156,0.06559888888888889,0.44417760397410117,0.12387104743716602,04297.csv,B0049,40,4297,4,0.0,17
4.169197088508879,1.996058976050717,2.9848405470772863,1.996058976050717,2.1731381124581617,-1.990973959623023,0.21021435715216644,13.187367445445181,22.347809168975328,18.315427810461465,1899.218,0.5275605555555556,3.1311518684190016,1.0537955436331563,04299.csv,B0049,42,4299,4,0.7752051154719997,18
4.186817701935873,3.7216043905675256,3.216101228170252,1.9811242583835047,0.46521331136834787,-1.4760043090484107,0.8918542091115955,12.73854385905339,19.41196098209977,12.848959079763139,2305.25,0.6403472222222222,2.872656005610984,0.9441013497719679,04301.csv,B0049,44,4301,4,0.7711865903845158,19
4.188353148421002,1.991234767471124,3.0487042882213067,1.991234767471124,2.197118380949878,-1.9881249898325228,0.22350078467313175,12.43174282130699,19.074608803884857,12.42089345028494,1690.594,0.46960944444444447,2.8448593579393755,0.9371106341811731,04303.csv,B0049,46,4303,4,0.7585098914517947,20
4.161361064351189,1.992352748796434,2.97408172255637,1.992352748796434,2.1690083155547546,-1.989387314472605,0.21691801569849223,13.382353818734753,22.607671167433093,16.575765283337727,1800.421,0.5001169444444444,2.954618455020091,0.9984288088441734,04307.csv,B0049,50,4307,4,0.7349386490499009,21
4.186507738215053,1.9960897948919885,3.0444695632884358,1.9960897948919885,2.190417943323065,-1.9869251503871834,0.22881591259300357,12.300881528020009,19.003281636478988,13.242104890326804,1633.25,0.45368055555555553,2.7437337165955507,0.9050539607020982,04309.csv,B0049,52,4309,4,0.7366758033690756,22
4.188359485457034,1.9999963944412724,2.977231196667954,1.9999963944412724,2.1883630910157614,-1.9884870151283096,0.22210301492241585,13.146013541941878,22.10154579807187,16.14895314912318,1737.172,0.4825477777777778,2.8542718535842493,0.9632045423889777,04311.csv,B0049,54,4311,4,0.7093946599203638,23
4.185414346041184,1.9911540027307004,3.0221149151314726,1.9911540027307004,2.1942603433104835,-1.9864544147288472,0.23069950113065515,12.419820365387574,19.702963463668752,14.697672346564598,1614.406,0.4484461111111111,2.6912811111865675,0.8945065760956545,04313.csv,B0049,56,4313,4,0.7186465009220309,24
4.187572397568079,1.9924291348754952,2.9634989615749228,1.9924291348754952,2.195143262692584,-1.9877745412866725,0.22461759639272516,13.214727037699832,22.293655276575564,16.250868918467823,1708.86,0.4746833333333333,2.7939378219306175,0.9473130388287343,04315.csv,B0049,58,4315,4,0.6913885231046639,25
3.818275498868238,3.080960355341275,3.058057702902253,2.1766233079901336,0.7373151435269629,-1.967882341520864,0.2948439346361529,14.106047002561935,17.700710235479104,8.496065038886353,1713.235,0.4758986111111111,2.868804386129135,0.941207114030676,04319.csv,B0050,0,4319,4,0.8631448527758341,1
4.158856235580694,2.1749971933736196,3.2490350549942337,2.1749971933736196,1.983859042207074,-2.000046726807743,0.15525045888682076,12.882473241826203,19.05864532227174,13.441695552852865,3170.984,0.8808288888888889,5.71893660049325,1.7642316401843998,04323.csv,B0050,4,4323,4,1.648789607776492,2
4.183088539012577,2.1911951483218752,3.276984379936998,2.1911951483218752,1.9918933906907021,-2.000149531228784,0.15670614531485097,12.442013542177062,20.111233999456417,14.458558678592192,3135.344,0.8709288888888889,5.703599905358647,1.744559647696314,04325.csv,B0050,6,4325,4,1.601636485397804,3
4.183414162137061,2.1942759978640183,3.2890741542906974,2.1942759978640183,1.9891381642730428,-1.999381685199029,0.159216386502034,12.067451252934292,20.278735817853075,15.405774180600552,3049.781,0.8471613888888889,5.565140668876971,1.696381841166174,04327.csv,B0050,8,4327,4,1.5517564797427017,4
4.534456357830294,4.535631808445764,4.452558225780352,0.3492816607816715,-0.0011754506154701971,-0.029284266758646496,0.2269356321874596,5.787557091529866,6.935918101259972,2.80767005968381,4565.859,1.2682941666666667,0.13614399202158578,0.03682057387858585,04329.csv,B0050,10,4329,4,0.0325584171083419,5
4.542325338701548,2.178400890970668,3.3355734950869853,2.178400890970668,2.36392444773088,-2.0055567331475808,0.12129292720478951,15.239769089136006,24.962762102598138,19.896598492936167,5428.594,1.5079427777777779,10.072911073768282,3.0272157999577853,04333.csv,B0050,14,4333,4,2.640149115738702,6
4.180885798287954,2.1918281570306326,3.2573285012561177,2.1918281570306326,1.9890576412573213,-1.9976916428210447,0.1731001000386336,12.391726056611569,19.265522316221983,13.760255295358833,2646.797,0.7352213888888889,4.782285615662496,1.471645492758247,04335.csv,B0050,16,4335,4,1.359027658891632,7
4.184295530413868,2.1945981119604814,3.2495783074004967,2.1945981119604814,1.9896974184533867,-1.9978786539081472,0.17185737943951016,12.491970904185653,18.66332781758057,12.225666011407988,2705.594,0.7515538888888889,4.876868592894613,1.5044856634710984,04337.csv,B0050,18,4337,4,1.3742172692238257,8
4.186758460479898,2.1871747097810523,3.2675758567757787,2.1871747097810523,1.9995837506988456,-1.9973459914842018,0.17473385774998407,12.223956310303723,19.24741197475352,13.556014574872064,2627.828,0.7299522222222222,4.762426762966916,1.461023416537924,04339.csv,B0050,20,4339,4,1.3528030430821978,9
4.185256536983114,2.1918823058659096,3.1510598793508446,2.1918823058659096,1.9933742311172042,-1.9987818593787239,0.16465514450080698,13.386384235573518,22.784422727870645,16.501991460449013,2981.312,0.8281422222222222,5.209029125391883,1.6583188699967963,04341.csv,B0050,22,4341,4,1.3607406193458431,10
4.160830604206153,3.885574243860856,3.5669768532640593,0.3203299638987588,0.2752563603452973,-0.981190437842449,1.007283061398303,9.39503756076183,13.887369323051947,7.400456485450009,1941.797,0.5393880555555556,1.818511551033004,0.5275719023094957,04345.csv,B0050,26,4345,4,0.5268786924650971,11
4.184201322699959,2.184263094213456,3.252056715450036,2.184263094213456,1.9999382284865028,-1.9975116671519328,0.17511566364235887,12.718196082251707,17.779357290699473,12.256319613511335,2663.625,0.7398958333333333,4.805830817028587,1.481085100250126,04347.csv,B0050,28,4347,4,1.4002714246164416,12
4.184699738172036,2.1762467490120763,3.0874838435029104,2.1762467490120763,2.0084529891599594,-1.9977018363826191,0.16929317981683586,14.939082954475598,22.235523638017437,16.081025715054004,2862.25,0.7950694444444445,4.899728986099126,1.5915695451977745,04349.csv,B0050,30,4349,4,1.4289274755270829,13
3.6912393709552735,3.6327256748792327,3.527243039562959,2.1381406475642324,0.058513696076040844,-0.19770943010321265,0.5960556941707942,7.209330122235992,10.434223507755965,5.326721012883761,1894.485,0.5262458333333333,0.2908154756223474,0.10332837765502975,04351.csv,B0050,32,4351,4,0.076583541740148,14
3.795648723658771,3.55029072795756,3.2035526569134523,2.1260336204243564,0.24535799570121108,-1.2349850771455337,0.980556242813018,12.119721382650447,18.15521296792552,13.727999022735695,1799.25,0.4997916666666667,1.8556187553631154,0.617041035188097,04353.csv,B0050,34,4353,4,0.5736933387569048,15
3.7576185820745422,3.624042555805892,3.4168857432287325,2.186548090086204,0.13357602626865006,-0.6917680676449822,0.9561814848548518,9.057556338502183,14.027851994614435,8.65637613562873,1741.204,0.48366777777777775,1.0263660002106476,0.33391629354974145,04357.csv,B0050,38,4357,4,0.3014742035427856,16
3.75732849678578,3.2123720225635264,3.322716204974352,3.2123720225635264,0.5449564742222535,-1.8435138843844037,0.5674277257544058,7.604996558081503,9.290927916610505,3.291519468945931,236.156,0.06559888888888889,0.4064535665061119,0.123734243780447,04359.csv,B0050,40,4359,4,0.0,17
4.171560623651518,4.060871867392489,3.290574483611846,0.1970552492968445,0.1106887562590293,-0.3449244129710352,0.7574739044829238,7.204792493597744,9.918067818733402,5.595219427790071,1899.218,0.5275605555555556,0.64122115297554,0.18083398607411683,04361.csv,B0050,42,4361,4,0.1795654263232146,18
4.062962069472706,0.1927377074618698,3.210764993027875,0.1927377074618698,3.8702243620108367,-1.9854902626239654,0.23335231016662136,12.058448732368104,19.262784970646152,12.881174568697867,2305.25,0.6403472222222222,4.106655481913639,1.2776355235657455,04363.csv,B0050,44,4363,4,1.179168781562907,19
3.705386395014377,3.660123742276244,3.520738945664213,2.1295104990476927,0.045262652738133013,-0.28958023501338087,0.7040114083871492,7.604057088612014,10.698614481562748,6.0373674501797785,1690.594,0.46960944444444447,0.38228368810305535,0.1353831154795246,04365.csv,B0050,46,4365,4,0.0961913170505672,20
3.7632149449204015,3.6054510514778753,3.3510986530307876,2.199179035422044,0.15776389344252628,-0.730533269815449,0.9678644927019486,10.185710952125977,15.425941131175092,9.48415683300506,1800.421,0.5001169444444444,1.0750209061804794,0.363979505772579,04369.csv,B0050,50,4369,4,0.2780851770910449,21
0.4748380205132074,3.817983350464924,3.40018711839692,0.4130567628886104,-3.343145329951717,-0.0026691029202024863,0.0013524176415678608,5.65936924570859,6.6283285313680995,2.4827739730496843,1633.25,0.45368055555555553,0.004651284218241122,0.0012623778409830313,04371.csv,B0050,52,4371,4,,22
0.3298846582808327,0.2709132232142594,0.2966779489160762,0.2699084666247476,0.05897143506657326,-0.00020481609959401283,0.0008524570170871184,5.884714514591004,6.566309956548845,2.287651544618578,1737.172,0.4825477777777778,9.667782441585504e-05,0.00032853947964560793,04373.csv,B0050,54,4373,4,,23
0.2483463687379659,0.2340032397025883,0.24197773151733176,0.2339836210065135,0.0143431290353776,-0.0003686155594945728,0.0008691612377571372,5.647486022663556,6.606324237240683,2.3498267768987446,1614.406,0.4484461111111111,7.368084003600647e-05,0.0003051194892447004,04375.csv,B0050,56,4375,4,,24
0.2449807966483791,0.2260621439503566,0.23472276332269082,0.2259955398929921,0.01891865269802251,-0.00033508989988052226,0.0009325230018776903,5.894264423762076,6.577509402056284,2.2916299162286604,1708.86,0.4746833333333333,8.925548944175774e-05,0.000381402570766661,04377.csv,B0050,58,4377,4,,25
3.83956882325682,3.5919957850335935,3.134533959399899,2.691234036028442,0.2475730382232264,-1.8085460674911937,0.5805209549917427,13.147685384792432,16.429874854641657,7.360250766027196,1713.235,0.4758986111111111,2.6676726556098136,0.8633759401071217,04381.csv,B0052,0,4381,4,0.8606591508342232,1
4.150553672824585,3.719151257750843,3.3543285492513166,2.694829986819334,0.4314024150737419,-1.6188443277128228,0.7800630381905694,11.746281905613133,16.315701424377302,10.710816341580703,3170.984,0.8808288888888889,4.651338494276561,1.4211840355746594,04385.csv,B0052,4,4385,4,1.4183095114360322,2
4.176524869238658,3.7314105747678226,3.3958185323324503,2.6969580006046856,0.44511429447083506,-1.5816653430049945,0.8086278356428309,11.375626826625542,15.689005573106092,10.09064312632432,3135.344,0.8709288888888889,4.548775778171521,1.37365361944625,04387.csv,B0052,6,4387,4,1.3707123028693164,3
4.178983136527925,3.732101291639515,3.3984180977394076,2.697283446718984,0.44688184488840976,-1.6050658905122477,0.7911162103179334,11.242586382966397,14.97127576364998,10.162445016431434,3049.781,0.8471613888888889,4.497360406593173,1.3544965116607628,04389.csv,B0052,8,4389,4,1.3515647352626494,4
0.2268252104332805,0.2408921854086736,0.2368976601225322,0.2268252104332805,-0.01406697497539311,0.0009519931365801516,0.0011586729183949264,5.5591158087032575,6.581808344024416,2.7182548185063773,4565.859,1.2682941666666667,0.00036719103908765185,0.0015524360492880744,04391.csv,B0052,10,4391,4,,5
0.4013740814936729,0.3260608444495777,0.33891988449688537,0.3259144093812141,0.07531323704409515,0.0016060669911138155,0.0012651860687160103,5.817834945150515,6.737694429645351,2.4328675615180853,5428.594,1.5079427777777779,0.0008899508971654972,0.0026359105385534145,04395.csv,B0052,14,4395,4,,6
0.3244523793077888,0.322785453901118,0.3234807888442701,0.3222221275291471,0.001666925406670794,0.0016235355548411526,0.0010937563212955646,5.782840820033069,6.627599429348354,2.3334646401660484,2646.797,0.7352213888888889,0.0003975102076825525,0.0012289495595356253,04397.csv,B0052,16,4397,4,,7
0.3247581179586687,0.3230105887831171,0.32390294292207045,0.3218827423030691,0.0017475291755515987,0.0017009736020435749,0.0011399980921681938,5.813684831217029,6.583040639790345,2.2456387963951823,2705.594,0.7515538888888889,0.0004293587497304599,0.0013257533456159896,04399.csv,B0052,18,4399,4,,8
0.3253525153196779,0.3237848092217188,0.324473351966894,0.3232168838079549,0.0015677060979590873,0.0016835484501731995,0.0012740502091093957,5.767637628902302,6.6517285530931165,2.5632676987918357,2627.828,0.7299522222222222,0.0004299700613524078,0.0013254423410619949,04401.csv,B0052,20,4401,4,,9
0.3254888255806572,0.3234148560393831,0.32466187572394384,0.3230251103407697,0.0020739695412741455,0.0017691848194600886,0.0012578118809912246,5.786917078715292,6.5987627942231075,2.446592249460106,2981.312,0.8281422222222222,0.0005085074866970302,0.0015665860653980416,04403.csv,B0052,22,4403,4,,10
0.3955571188397784,0.343600769706542,0.35320476265266726,0.3432939472815726,0.05195634913323638,0.0011016079679528154,0.0013192494167307066,5.683693761052382,6.6219772375278785,2.326650349155715,1941.797,0.5393880555555556,0.000271536875775278,0.0007626637637724732,04407.csv,B0052,26,4407,4,,11
0.3257911063110593,0.3213851153873422,0.3233612009000584,0.3211377350306882,0.004405990923717074,0.0017674388415942954,0.0011678749368807758,5.727340157746257,6.646274566862874,2.43666064171381,2663.625,0.7398958333333333,0.0004364090928371196,0.001349551938298852,04409.csv,B0052,28,4409,4,,12
0.3261207372670606,0.3217376539313532,0.32391593370497757,0.3217376539313532,0.004383083335707416,0.0018028458478069618,0.0011217748725011272,5.9003989237563355,6.672403840084891,2.426023362255349,2862.25,0.7950694444444445,0.0004799241243844126,0.001482374218259092,04411.csv,B0052,30,4411,4,,13
0.3270932723631315,0.3234955258719347,0.32524374198582356,0.3234955258719347,0.0035977464911968182,0.0009999293403992497,0.001092658490900752,5.883705249180587,6.586040670084572,2.2842323549956767,1894.485,0.5262458333333333,0.00020510294179400685,0.0006299962312916707,04413.csv,B0052,32,4413,4,,14
0.3272883812632148,0.3241775114568292,0.3257026258942197,0.3237199275721395,0.0031108698063855855,0.0012246272453871165,0.0012201221520952946,5.705300542411731,6.6242080981673,2.4043501913797405,1799.25,0.4997916666666667,0.0002329673285169424,0.0007148963572598966,04415.csv,B0052,34,4415,4,,15
0.5149253197410989,0.3810248926630337,0.4073647899207004,0.3810248926630337,0.1339004270780652,0.0009738784326757785,0.0010800156497184946,5.659816925973588,6.59530928801328,2.3656786823195626,1741.204,0.48366777777777775,0.00023754406757170004,0.0005777762862642772,04419.csv,B0052,38,4419,4,,16
0.3301048165702602,0.3290533177022673,0.32959119818339044,0.3288279450149741,0.0010514988679928838,0.0014850775059943209,0.001225673823113758,6.161148563000329,6.28820769613908,0.2445261860036556,236.156,0.06559888888888889,3.545809857556687e-05,0.00010757343341001672,04421.csv,B0052,40,4421,4,,17
0.3266460272316397,0.32136795561824,0.3234524095139687,0.3194939610849327,0.005278071613399715,0.0010125446676860893,0.0014396042482438909,5.75534290155213,6.582054970348843,2.3318307021100546,1899.218,0.5275605555555556,0.00023075339790013454,0.000712460451817906,04423.csv,B0052,42,4423,4,,18
0.3284764164253075,0.3190401088998021,0.32192337326959014,0.3184212338752171,0.009436307525505394,0.001455608496379549,0.0013227326520516137,5.773897577009191,6.588698518838487,2.2540776558688336,2305.25,0.6403472222222222,0.0003398337587431885,0.0010568219080266577,04425.csv,B0052,44,4425,4,,19
0.327416633957557,0.3173494541406062,0.32179114268680864,0.3170418237707028,0.010067179816950766,0.0007146315354781885,0.0013370078086550486,5.7051337493509084,6.60717530952573,2.490812226142749,1690.594,0.46960944444444447,0.00017685772142197472,0.0005486362394561719,04427.csv,B0052,46,4427,4,,20
0.7680244991448124,0.4494751434610347,0.4906874413217856,0.4493991260435427,0.31854935568377774,0.000636095351331942,0.0013016204882287754,5.961640391926228,6.61496479869181,2.3134345483805,1800.421,0.5001169444444444,0.00027640230293174455,0.0005409391175949711,04431.csv,B0052,50,4431,4,,21
0.3351700186614815,0.3182988473340812,0.32496324886560674,0.3178791442491548,0.01687117132740029,0.0007483565391353194,0.0009643464497271857,5.640355163569891,6.6145133816337776,2.5092006403055462,1633.25,0.45368055555555553,0.00013857218200948783,0.0004258972964183896,04433.csv,B0052,52,4433,4,,22
0.3260690525122062,0.3176920660416141,0.3200749504297926,0.3153630335182592,0.008376986470592096,0.0009327810681929694,0.0012316966796667539,5.878312867355149,6.546796095221561,2.2722046045535462,1737.172,0.4825477777777778,0.0001937141715023185,0.0006051173317243562,04435.csv,B0052,54,4435,4,,23
0.3312920115805132,0.3168503018559267,0.322777572934972,0.3154931438300191,0.014441709724586471,0.0008479125301492228,0.0011849627950834118,5.623840641053641,6.595730103984381,2.348441998206712,1614.406,0.4484461111111111,0.00016317915495761012,0.0005058971136821771,04437.csv,B0052,56,4437,4,,24
0.3279560503229715,0.3186283250161353,0.3208764063278491,0.3153986271768572,0.009327725306836177,0.001057265579079541,0.0016148368114099006,5.882304744716434,6.555064601703525,2.308036264585721,1708.86,0.4746833333333333,0.00021248989676864578,0.0006611891709312971,04439.csv,B0052,58,4439,4,,25
3.8000325140227753,3.509680559092201,3.1549295868000704,2.469359676853076,0.2903519549305744,-1.4446529772433487,0.8871946410371061,13.521306814955082,17.933039751399626,8.821659641177723,1713.235,0.4758986111111111,2.0906681510586393,0.6875440299038832,04443.csv,B0051,0,4443,4,0.6434735598158292,1
4.166332642660912,3.718022664172381,3.3515013948204975,2.494398109831089,0.4483099784885307,-1.542691727192151,0.8290963390184855,12.329416092737752,17.97953483271074,12.420192127784894,3170.984,0.8808288888888889,4.399159364059238,1.3533576984058764,04447.csv,B0051,4,4447,4,1.293180461998278,2
4.197817181186768,3.741674511735558,3.4103353813308237,2.493737690186406,0.4561426694512103,-1.4746378269373634,0.8706193507620527,11.786163300295161,16.976273689395825,11.439116880318398,3135.344,0.8709288888888889,4.2228209536256855,1.2791335008062428,04449.csv,B0051,6,4449,4,1.2288940261191657,3
4.201090648817504,3.743194801980045,3.399036037954353,2.484825203522635,0.45789584683745943,-1.5006800020025486,0.8556237034294888,11.79177216318508,18.15291521418941,13.779390074133161,3049.781,0.8471613888888889,4.165835292964163,1.264986424210677,04451.csv,B0051,8,4451,4,1.2039031789717949,4
4.4605398643795535,3.64489270392309,3.35046347393405,2.481006838176381,0.8156471604564635,-1.896821592318448,0.4130390989267412,14.855344209164883,20.74350641722436,15.645055467898782,4565.859,1.2682941666666667,8.038982829717067,2.4097360413977746,04453.csv,B0051,10,4453,4,2.330873478782131,5
4.183564695802171,3.77013113067408,3.5507869816186806,2.4989144012367213,0.41343356512809093,-0.7374819898351749,0.9592830763634587,9.407360590589006,19.42896460124537,15.242867523237841,5428.594,1.5079427777777779,3.514314951210421,1.094954084527591,04457.csv,B0051,14,4457,4,1.0092808819126011,6
4.201222601303239,3.748007907633048,3.3747303939191564,2.4909800416005967,0.4532146936701906,-1.4120917458916038,0.9025916289111331,12.00427347710193,18.9541455757646,13.527698366085524,2646.797,0.7352213888888889,3.3482101826975885,1.0356059033297003,04459.csv,B0051,16,4459,4,0.9565659895125322,7
4.202406487867388,3.760853164706856,3.4288897043375743,2.4946772785123836,0.441553323160532,-1.2823219733883888,0.9519496591633624,11.420322251577586,17.468709072861763,11.409672708959377,2705.594,0.7515538888888889,3.1292432763843054,0.9597595873270182,04461.csv,B0051,18,4461,4,0.901956291365404,8
4.204413406598424,3.753400963095882,3.391239374171384,2.4990630530936326,0.4510124435025422,-1.3407891208749412,0.9323909539308037,11.80356781146328,19.153660408464766,13.562539023289322,2627.828,0.7299522222222222,3.1490514769726556,0.975303344336704,04463.csv,B0051,20,4463,4,0.8897906666138162,9
4.203308441652878,3.763815615019705,3.458540277576628,2.4911013141195597,0.4394928266331726,-1.138956624462563,0.9837323681459692,10.939133221658826,16.52477794467856,11.584291428907726,2981.312,0.8281422222222222,3.042597184888833,0.9363963809727666,04465.csv,B0051,22,4465,4,0.8830717036634559,10
4.18785232136192,3.724601780301507,3.331880238029603,2.487899627353052,0.46325054106041286,-1.6577316261962292,0.7409913147912969,11.883224057630693,17.11375752268931,10.824848100390646,1941.797,0.5393880555555556,2.9184880027865994,0.8964878528591811,04469.csv,B0051,26,4469,4,0.8431270354481757,11
4.204131585576503,3.7660603717418537,3.4455112582421257,2.4928843010694406,0.4380712138346494,-1.2024628091563312,0.9726759550232803,11.104558398908889,17.63739523383682,12.537945304704158,2663.625,0.7398958333333333,2.8806315918570644,0.8855069762801834,04471.csv,B0051,28,4471,4,0.826559103449663,12
4.20261624712583,3.7601990010350974,3.4313160640623783,2.4993609910440835,0.4424172460907325,-1.168347837338951,0.9790266024085421,11.406827135294929,18.522369238924338,12.506763704642466,2862.25,0.7950694444444445,2.9691946294291354,0.9226601145461357,04473.csv,B0051,30,4473,4,0.8352681546837963,13
4.204441713018145,3.722010511531726,3.3091927488307733,2.498094046924129,0.48243120148641916,-1.665118160522683,0.7344430215781391,12.198436592525173,18.39923327528304,13.014047732868884,1894.485,0.5262458333333333,2.841359880065159,0.8794090763884652,04475.csv,B0051,32,4475,4,0.8025719464987874,14
4.205629455017258,3.7216558564923217,3.321646649287508,2.495501924298458,0.48397359852493604,-1.6832381832629877,0.718286704091553,11.825318185585296,17.275372082939334,13.272903731339344,1799.25,0.4997916666666667,2.742511435131202,0.8439866037314976,04477.csv,B0051,34,4477,4,0.7839218784699513,15
4.18869211223692,3.7074886367908944,3.2949705809839465,2.4904774374699135,0.4812034754460255,-1.7405566859787576,0.6574060680074947,11.835979280716879,16.60444518809659,10.9066399643058,1741.204,0.48366777777777775,2.736050609752562,0.8456278409385247,04481.csv,B0051,38,4481,4,0.7910763493036002,16
4.197410333228745,3.546618065659587,3.7129537186963533,3.546618065659587,0.6507922675691575,-1.8228736152324203,0.5607983383730071,7.054471734319081,8.422696645654868,2.5610598477308164,236.156,0.06559888888888889,0.44925816935596563,0.12235154338654018,04483.csv,B0051,40,4483,4,0.0,17
4.1821997161959255,3.7372603737605568,3.3300145239416707,2.491598912047876,0.4449393424353687,-1.5726949110278066,0.8100562758744125,12.009985166510232,17.682518901037938,13.72454279611489,1899.218,0.5275605555555556,2.685526755214429,0.8321614681173011,04485.csv,B0051,42,4485,4,0.7654538269480236,18
4.194584498935661,3.758073806751284,3.391911995963896,2.4869071541416994,0.43651069218437666,-1.314248973317158,0.9422355995659047,11.689546036688197,16.94512387438401,10.724235326386754,2305.25,0.6403472222222222,2.702622116820599,0.8397645515233774,04487.csv,B0051,44,4487,4,0.773177347633947,19
4.197406401996851,3.700404828765828,3.267971796503206,2.499952602276462,0.4970015732310227,-1.7652832229320168,0.6280721978068254,11.987366110206718,17.545176388637014,11.284771034165589,1690.594,0.46960944444444447,2.677197736382656,0.8335669752021254,04489.csv,B0051,46,4489,4,0.7605293776416485,20
4.189508964301152,3.725558284335418,3.2933938275360117,2.4997210982004625,0.463950679965734,-1.639295567416511,0.7580772043328375,12.368454802055908,18.870237090882178,13.043549847131462,1800.421,0.5001169444444444,2.634943598953786,0.8226604564961815,04493.csv,B0051,50,4493,4,0.7376430319247004,21
4.19596724295681,3.703284901716726,3.271485849685164,2.491516785323916,0.4926823412400836,-1.755416228780336,0.6403728290752935,11.81014948809308,16.8501327260127,11.571096590634273,1633.25,0.45368055555555553,2.5739393522530114,0.8010250203771434,04495.csv,B0051,52,4495,4,0.739179500257907,22
4.190531975284901,3.734471739521037,3.30778530525047,2.496222014851971,0.4560602357638639,-1.6005657555126513,0.7913306114436407,12.09457421285805,18.12397455517185,12.41826665248699,1737.172,0.4825477777777778,2.4883934058184654,0.775793256144717,04497.csv,B0051,54,4497,4,0.7014575429842594,23
4.178476681914968,3.7168165023008135,3.2841455177779646,2.488325882818304,0.4616601796141544,-1.688137636758635,0.7160343750219632,11.79702749942571,16.26047891418261,11.638276303457321,1614.406,0.4484461111111111,2.44253406407978,0.7614933411663036,04499.csv,B0051,56,4499,4,0.7047349480541781,24
4.1919700049548565,3.7387392736062446,3.3119152698386256,2.495715251425015,0.4532307313486119,-1.5784322210682304,0.8081061551207243,12.079392114792578,18.153508709771476,12.406298380335521,1708.86,0.4746833333333333,2.412974456426105,0.7528916003525731,04501.csv,B0051,58,4501,4,0.677848893570423,25
4.179799607333447,2.4757677568281857,3.556946061827572,2.4757677568281857,1.704031850505261,-1.990533350635129,0.20201141652623167,32.142777859921516,39.16298653238707,14.885913224062943,3690.234,1.025065,7.259532673353608,2.0467027976309904,04506.csv,B0006,1,4506,24,2.035337591005598,1
4.177288238505559,2.35152551190002,3.56147580138708,2.35152551190002,1.8257627266055394,-1.9902775421457088,0.20242633247183914,32.29307515705474,39.2462026826329,14.60796382177216,3672.344,1.0200955555555555,7.233468610780375,2.036565727155805,04508.csv,B0006,3,4508,24,2.0251402460314116,2
4.177795470598289,2.4404797151065436,3.5667524696413215,2.4404797151065436,1.7373157554917453,-1.9899467848963859,0.2029938816642971,32.24414709253608,38.999202460252846,14.29514474122907,3651.641,1.0143447222222222,7.202417250639923,2.0247293324555025,04510.csv,B0006,5,4510,24,2.013326371345464,3
4.178370492084649,2.4791558539003917,3.5687953371516272,2.4791558539003917,1.699214638184257,-1.9896009282099438,0.2035012085579055,32.14711742429942,38.843627771866515,14.195242847338431,3631.563,1.0087675,7.165866619640587,2.0132866329706425,04512.csv,B0006,7,4512,24,2.0132846655407413,4
4.178015652407259,2.280187848173442,3.563970503289941,2.280187848173442,1.8978278042338173,-1.9895483606575701,0.2033186000179061,32.06687277315468,38.97798888258284,14.343782682671154,3629.172,1.0081033333333334,7.151825619514959,2.0119341120874794,04514.csv,B0006,9,4514,24,2.000528337624771,5
4.193216523251186,2.4392842568466446,3.5735512387791406,2.4392842568466446,1.7539322664045414,-1.9901040351037365,0.2028160928599146,32.03447836207717,38.83989920742278,14.496499603062826,3652.281,1.0145225,7.217636568934659,2.0252745663966847,04516.csv,B0006,11,4516,24,2.0138990759931645,6
4.193679289189224,2.2812068449406446,3.5711391343785897,2.2812068449406446,1.9124724442485794,-1.9900886222380374,0.20267701151353956,32.11157496697372,39.04610837498471,14.61516198554003,3650.828,1.0141188888888888,7.210316640128026,2.024484501239064,04518.csv,B0006,13,4518,24,2.013101105626967,7
4.176826628115461,2.366410527029613,3.5681507462163036,2.366410527029613,1.8104161010858482,-1.9891170520197212,0.20501892649466744,32.112576242471775,38.87507521022778,14.224639738796085,3572.453,0.9923480555555555,7.047530492990164,1.9801685861266678,04520.csv,B0006,15,4520,24,1.96878982627284,8
4.1761685240208415,2.436020049578708,3.5692834155812436,2.436020049578708,1.7401484744421336,-1.9892116643905464,0.20523988331929136,32.03566207329278,38.7260539826455,14.161077074102831,3550.594,0.9862761111111111,7.006928974989668,1.9681661764334248,04522.csv,B0006,17,4522,24,1.9681661764334244,9
4.176897989902666,2.1864377487643725,3.563388513484579,2.1864377487643725,1.9904602411382935,-1.989191243247005,0.20541263510948593,31.99527968872302,38.98629728904917,14.471277671190556,3551.25,0.9864583333333333,6.997027828770138,1.9685225510059055,04524.csv,B0006,19,4524,24,1.9572307917560536,10
4.177579509962451,2.3406023605912454,3.566658719765511,2.3406023605912454,1.8369771493712053,-1.9891317699701738,0.20600307527378955,31.874127571841353,38.65978861919643,14.253306567601474,3530.25,0.980625,6.962031846687854,1.95685765373102,04526.csv,B0006,21,4526,24,1.9455991514129352,11
4.177870678295105,2.4263021374140443,3.5687035970122842,2.4263021374140443,1.7515685408810606,-1.9887805507702212,0.2071389883620146,32.120959708576166,38.84979195732924,14.183724388640751,3491.016,0.9697266666666667,6.887138702095809,1.9347505044841133,04529.csv,B0006,24,4529,24,1.9347505044841131,12
4.176124493186459,2.4753697700007034,3.569207084156356,2.4753697700007034,1.700754723185756,-1.9887320866401275,0.20785379099075307,32.11021168908644,38.75128344015104,13.932177581126485,3470.281,0.9639669444444444,6.847354848477562,1.923279953936803,04531.csv,B0006,26,4531,24,1.9232799539368028,13
4.177784195345462,2.342364523655007,3.5659271296109383,2.342364523655007,1.8354196716904556,-1.9887200290368634,0.20776622966478636,31.989061278918154,38.76853764058789,14.140870863723535,3470.0,0.9638888888888889,6.840713677434524,1.923141847947119,04533.csv,B0006,28,4533,24,1.911889930948487,14
4.1770625256786165,2.188400081882664,3.5612417270649486,2.188400081882664,1.9886624437959526,-1.9887874042287874,0.20826268455814256,31.878814448635442,38.84686112344348,14.395947993882771,3450.297,0.9584158333333334,6.793793461606307,1.9123037750088225,04535.csv,B0006,30,4535,24,1.9010667141979305,15
4.175489274573356,2.1206980945954057,3.557881987836072,2.1206980945954057,2.05479117997795,-1.9885910895930397,0.20860366122429952,31.767450711024402,38.8658897816528,14.599845451016858,3429.407,0.9526130555555556,6.7456949265554975,1.9004733636832007,04537.csv,B0006,32,4537,24,1.8891989948061456,16
4.177366324712495,2.369981457799298,3.56282437243777,2.369981457799298,1.807384866913197,-1.9884892463229662,0.20953477019261268,31.78991634963658,38.647578733807656,14.300325803513346,3409.484,0.9470788888888889,6.715428290172565,1.8894418521024605,04539.csv,B0006,34,4539,24,1.878278372248849,17
4.176354539745044,2.247991649924625,3.559195328016863,2.247991649924625,1.928362889820419,-1.9883474274444874,0.20994384101713823,31.82883467218067,38.79218188173866,14.411907616821441,3390.422,0.9417838888888889,6.671003147341871,1.8787595848221552,04541.csv,B0006,36,4541,24,1.8675697161520208,18
4.177126477703333,2.8844463698113665,3.5580906165580983,2.4115317107898875,1.2926801078919667,-1.9774549866256104,0.2562192660865781,31.890449470827843,38.77022223929529,14.314928791042988,3390.281,0.9417447222222222,6.649157909557736,1.8732149840310965,04543.csv,B0006,38,4543,24,1.8675892574453767,19
4.174584178175673,2.2033558468593775,3.565899462157853,2.2033558468593775,1.9712283313162953,-1.9892347833261184,0.20441907733581763,31.51177053595285,37.54320599748628,13.031594284562697,3591.734,0.9977038888888888,7.081678004979797,1.9909496293132167,04546.csv,B0006,41,4546,24,1.979626548250818,20
4.175224020262452,2.35887751155593,3.570814209348872,2.35887751155593,1.816346508706522,-1.9890474874073771,0.20564686643947203,31.874488497680712,37.90362577530197,12.993038242364971,3552.297,0.9867491666666667,7.012938248506369,1.968934703558693,04550.csv,B0006,45,4550,24,1.9575499080884025,21
4.177217300859919,2.218672914041916,3.5666817833633124,2.218672914041916,1.9585443868180028,-1.988682950523383,0.20602952695104126,31.53911453638972,37.6701605139887,13.102495502438568,3531.578,0.9809938888888888,6.9635248130887675,1.957102808138061,04554.csv,B0006,49,4554,24,1.9458150170787551,22
4.176514514202052,2.339723057947995,3.5668392745025836,2.339723057947995,1.8367914562540566,-1.9885447318884866,0.20727753522704145,31.220866832188786,37.34166959188387,13.117350369511325,3492.907,0.9702519444444445,6.886787836432936,1.9356074980404325,04558.csv,B0006,53,4558,24,1.9242461121680097,23
4.190007215931237,2.3997508208942735,3.5710519693928755,2.3997508208942735,1.7902563950369634,-1.9885639445355097,0.20649979709319166,31.119005145018026,37.28979017254232,13.259828543145382,3511.594,0.9754427777777778,6.931312025188277,1.9459811331421641,04562.csv,B0006,57,4562,24,1.945981133142164,24
4.176973413125379,2.491410879472442,3.5666308474029793,2.491410879472442,1.6855625336529365,-1.9880563928902786,0.20878760829678894,31.033244078156734,37.16794481484507,13.152201221838041,3431.937000000006,0.9533158333333349,6.764569545110993,1.9014079305530796,04566.csv,B0006,61,4566,24,1.901407930553079,25
4.1734521552365464,2.7669269890921613,3.5527392240854914,2.1387303309558976,1.4065251661443852,-1.9772969675547487,0.2550510279652047,31.001249222460967,37.51577848501052,13.618063903375862,3431.125,0.9530902777777778,6.718419901668037,1.895507704327033,04570.csv,B0006,65,4570,24,1.878674213680085,26
4.176098578619343,2.8356128467177313,3.5560959755046615,2.346064498302046,1.340485731901612,-1.9771693646864965,0.2558583155228212,30.921434744041356,37.24165964092258,13.424772542613457,3412.406,0.9478905555555556,6.688005446379005,1.8851397498976188,04574.csv,B0006,69,4574,24,1.868306132826422,27
4.17626102066065,2.9283946351511094,3.5504500858303394,2.327337743316428,1.2478663855095409,-1.9660385076397233,0.29451964671006425,30.929360248207214,37.27233216178077,13.509747898487863,3410.688,0.9474133333333333,6.640085200741397,1.8727724718465883,04578.csv,B0006,73,4578,24,1.8560244070083,28
4.172854589872979,3.077114957598757,3.546007083640312,2.4863117233366316,1.0957396322742219,-1.9445990482746272,0.3586892049903087,31.00810965793079,37.207134503019795,13.433310402611784,3410.718,0.9474216666666666,6.563769597032893,1.850825166359206,04582.csv,B0006,77,4582,24,1.8451997961855775,29
4.1881878017349035,2.819560586845831,3.554257954720065,2.2921663510920895,1.3686272148890724,-1.9769156942357176,0.2565992948918274,30.96779499306422,37.49607769896255,13.739185504936358,3392.719,0.9424219444444445,6.64503070031129,1.8740751609970479,04586.csv,B0006,81,4586,24,1.857228890885317,30
4.189801024289883,2.434300686181212,3.555857469677978,2.434300686181212,1.755500338108671,-1.9997552547832569,0.1472028740367492,31.10097217303459,37.250073961181094,13.509777411037636,3470.672,0.9640755555555556,6.858742333318888,1.9302725535450325,04590.csv,B0006,85,4590,24,1.9247760889090637,31
4.186947861426474,2.9187757391682454,3.5537306734803207,2.472619908000758,1.2681721222582287,-1.9884344406296768,0.20930169353012182,31.307368922041046,37.39699052067588,13.211154571131697,3414.109,0.9483636111111111,6.717291283849604,1.8903755105957252,04594.csv,B0006,89,4594,24,1.8822317526092551,32
4.186434538254801,2.973956908852585,3.5452650003621513,2.403422072720937,1.212477629402216,-1.9771310999966942,0.2563264313075085,31.131339987164562,37.2852066420257,13.322932579235168,3395.219,0.9431163888888889,6.631043625317637,1.8687043585221015,04598.csv,B0006,93,4598,24,1.855276687885587,33
4.1876767977261,3.0334333724088656,3.538408778928339,2.4006679782182205,1.1542434253172345,-1.965705768920947,0.2955907514320496,30.828713779105055,37.080390421974414,13.560232638780427,3386.0,0.9405555555555556,6.566620456818436,1.8526303702051097,04602.csv,B0006,97,4602,24,1.8392508917181876,34
4.183948312348072,3.061692514035773,3.5297688311332673,2.3194299432177345,1.122255798312299,-1.9542494702422435,0.3305619258645819,30.761533072057244,36.98024266357476,13.450809772044668,3368.187,0.9356074999999999,6.482912800959911,1.8318592092700148,04606.csv,B0006,101,4606,24,1.8185396073994429,35
4.186703871962386,3.0864214480405137,3.5300676840423306,2.3401731734980076,1.1002824239218727,-1.9490605727432448,0.3461494162209532,31.30305692941581,37.59874124546701,13.651073529018998,3368.266,0.9356294444444445,6.467987223304601,1.8268835356265334,04610.csv,B0006,105,4610,24,1.8134770059567056,36
4.186404820230849,3.137787321824542,3.5248882875629555,2.3829603510808774,1.048617498406307,-1.9373547119632697,0.3755932912194258,31.06432144678013,37.33680914521836,13.612138253593553,3358.719,0.9329775,6.403849764167238,1.8105214250184156,04614.csv,B0006,109,4614,24,1.7971018450305436,37
4.184538174451997,3.1501156392374963,3.5190926887152725,2.351855540704836,1.0344225352145004,-1.9312604088713479,0.39034767436231294,30.96654665282149,37.39499820465976,13.885324098954971,3339.5,0.9276388888888889,6.338750790738973,1.794452250569754,04618.csv,B0006,113,4618,24,1.7810046294120476,38
4.186047633014145,3.1738920422499453,3.5151810230271,2.3535104841115886,1.0121555907642001,-1.925413982519257,0.4038178855553746,30.826455697992966,37.35233964342659,14.113323381557564,3331.265,0.9253513888888889,6.297605831163981,1.784457124597187,04622.csv,B0006,117,4622,24,1.7710130422682329,39
4.186011762299764,3.1972071497430035,3.514029112834162,2.3948058223938364,0.9888046125567609,-1.9198444871883995,0.4172601474671679,31.080769482413952,37.58677381866742,14.178449227271038,3321.188,0.9225522222222222,6.2587396344293715,1.7737266783224712,04626.csv,B0006,121,4626,24,1.7604712448170945,40
4.185653001522096,3.227568458837217,3.514139684003936,2.44188584443803,0.9580845426848787,-1.908733158939213,0.4411657886887326,31.694287817425337,38.20704456989347,14.213169326281552,3321.844,0.9227344444444444,6.225215277391308,1.7635421946147192,04630.csv,B0006,125,4630,24,1.7502913788006589,41
4.1849954235358595,3.2308580821504327,3.509578354212467,2.391848815367812,0.9541373413854268,-1.90276801874341,0.45298685184075455,31.875581783696685,38.340431886092745,14.117938249307365,3311.828,0.9199522222222222,6.181350631805278,1.7527224316529635,04634.csv,B0006,129,4634,24,1.7394925037732578,42
4.17548998383201,3.199633267433362,3.5110708693292705,2.3166154227865463,0.9758567163986482,-1.9093247566511207,0.44011883860882745,31.543288143901563,38.521539672721865,14.589938865057412,3327.391,0.9242752777777778,6.229024305427444,1.7712668853166194,04638.csv,B0006,133,4638,24,1.7546766553637203,43
4.191559316475808,3.1898103242112006,3.5159179315855056,2.4110989960643794,1.0017489922646075,-1.9306372167933323,0.39194872530536284,31.420983409991024,38.03707160241571,14.237029345110368,3312.078,0.9200216666666666,6.277252504305007,1.7793486320201701,04640.csv,B0006,135,4640,24,1.7659390941842177,44
4.185418639744681,3.2499622126804124,3.505853407270779,2.4510125175432287,0.9354564270642682,-1.907114151507875,0.4428347677204695,31.15837149963786,37.93428568772059,14.609240920943552,3293.172,0.91477,6.150198549282982,1.7470274349833859,04644.csv,B0006,139,4644,24,1.7337887419624838,45
4.183921653715496,3.276178621777498,3.5010379345914444,2.471216186082459,0.9077430319379975,-1.8953541357988335,0.46674450600859174,31.15661421699882,37.88470784051604,14.657192331301005,3275.328,0.9098133333333334,6.071234224049487,1.7265534634619577,04648.csv,B0006,143,4648,24,1.713325912040734,46
4.185518250318115,3.2892337937863383,3.4974076626364967,2.470968641396993,0.8962844565317765,-1.8892713805954209,0.47839566157516383,31.206611383963256,38.065368726791895,14.864096364756506,3265.016,0.9069488888888889,6.027293235308152,1.7156226862243131,04652.csv,B0006,147,4652,24,1.7024077813673466,47
4.1729165619005535,2.934951679828825,3.5388872766749144,2.4288023941361625,1.2379648820717284,-1.9819359924929794,0.23678431221333915,33.61169282822636,39.788440481350335,13.185494771268278,3328.937,0.9247047222222222,6.504119410839671,1.8370184167679944,04654.csv,B0006,149,4654,24,1.82371946178183,48
4.186882269459454,3.0133583509832325,3.5327430295356828,2.3551430866643166,1.1735239184762212,-1.9653277079992455,0.29804523507464725,32.85630077141311,39.212903178007906,13.625027507085704,3329.266,0.9247961111111112,6.446804092766896,1.8215641861193275,04658.csv,B0006,153,4658,24,1.8081284050314708,49
4.186537777937825,3.0981920097302105,3.521214759733266,2.365933525789291,1.0883457682076143,-1.9470636598230844,0.3494490754391079,32.210981559158874,38.66937823121345,13.880867009405492,3301.579,0.9171052777777778,6.31795328454014,1.789145629097487,04662.csv,B0006,157,4662,24,1.7757610945034283,50
4.182242443277712,3.167346834112308,3.5093111439506677,2.3481961394586457,1.014895609165404,-1.9241628426386395,0.4067688890492981,31.965090081650274,38.5170065164806,14.21796755989579,3283.563,0.9121008333333334,6.1942812892745245,1.757973142765974,04666.csv,B0006,161,4666,24,1.7447409841836798,51
4.185747996173869,3.228685511716086,3.50716091973708,2.46945948630322,0.9570624844577829,-1.9124470439353747,0.43239344250512807,31.744801840189538,38.29250529949152,14.307609552388886,3275.125,0.9097569444444444,6.135757389855394,1.742411303831327,04670.csv,B0006,165,4670,24,1.729207034132373,52
4.183575724123322,3.2595724548548413,3.500928918686389,2.4666715880697576,0.9240032692684803,-1.8950209973545986,0.46738895101762173,31.876564068962466,38.52091685291118,14.525501881029658,3265.656,0.9071266666666666,6.0542351570691775,1.7213372648582927,04674.csv,B0006,169,4674,24,1.7081086552553244,53
4.184332281821813,3.2774199521442657,3.4973019898820894,2.4482931262785135,0.9069123296775476,-1.8837082435178907,0.4888913093946918,32.24289319481841,38.95436345473558,14.65933096589449,3266.093,0.9072480555555555,6.013344143532256,1.7108095020663348,04678.csv,B0006,173,4678,24,1.6975954237461768,54
4.184698116905854,3.309541910489555,3.4929038301187156,2.4745215382882586,0.8751562064162988,-1.871665199438006,0.5096556977569098,32.07305565938816,38.731363854696035,14.625892781988124,3257.594,0.9048872222222223,5.951295826092729,1.6953227223237972,04682.csv,B0006,177,4682,24,1.6820634524029463,55
4.185835940524748,3.3229457962953464,3.488659224822318,2.469127855241356,0.8628901442294015,-1.8654809345089407,0.5198909528422769,32.030140929891196,38.74827601131975,14.772075688005593,3248.593,0.9023869444444444,5.906953289300363,1.6847468431795716,04686.csv,B0006,181,4686,24,1.6714768322295086,56
4.185426189138305,3.3268774953647884,3.4822930804774015,2.4177173347922416,0.8585486937735163,-1.8592903578575999,0.5300532307868653,31.984935871368258,38.84227056628921,15.022304792982553,3238.766,0.8996572222222222,5.86004554693578,1.6740690288833788,04690.csv,B0006,185,4690,24,1.6607591387047655,57
4.184463046346399,3.336400100467817,3.477575664197982,2.3775131079338427,0.8480629458785818,-1.848156298789804,0.5484139851314983,32.23677365476226,39.221381996208315,15.283246248361245,3240.14,0.9000388888888888,5.820727565447038,1.6644759827403506,04694.csv,B0006,189,4694,24,1.651121015038069,58
4.18451874454039,3.3562313241233728,3.4787436506489255,2.443723814618984,0.8282874204170172,-1.8415742473538441,0.5580136833627395,32.56097148037261,39.466510899162515,15.023596192833924,3230.109,0.8972525,5.7824622216409205,1.653420335536575,04698.csv,B0006,193,4698,24,1.640134925619093,59
4.184454576919845,3.371466361383496,3.4740152461288862,2.4324278256917147,0.812988215536349,-1.8297533943331723,0.575235056243686,32.48984985901219,39.352653481724175,15.10777302833009,3229.7810000000027,0.8971613888888896,5.736645120847621,1.6424684803257832,04702.csv,B0006,197,4702,24,1.629199941616544,60
4.181070202610792,3.396018761698921,3.4718387718772696,2.494085641889116,0.7850514409118712,-1.8170860697729954,0.5930027640181769,32.42612199208859,39.31890647034385,15.204418094891427,3212.469,0.8923525,5.660108913595565,1.6222069688928202,04706.csv,B0006,201,4706,24,1.6088496302961666,61
4.18244649645216,3.3938825218600814,3.463180130644551,2.382347172890769,0.7885639745920785,-1.8111560774496664,0.6010105168060945,32.29984271249387,39.47196886600465,15.54304203394917,3213.219,0.8925608333333334,5.629170806755964,1.6168547651180512,04710.csv,B0006,205,4710,24,1.6035244898969248,62
4.1838203403042975,3.3978158698372107,3.463469391967206,2.406668297987779,0.7860044704670868,-1.8113056300795982,0.6017500789250887,32.610757585145336,39.74009698783903,15.677963851361355,3203.578,0.8898827777777778,5.613265378160053,1.6123439203975134,04714.csv,B0006,209,4714,24,1.5989712144027983,63
4.182425008087469,3.416423032732188,3.46021805164007,2.4204142690378765,0.7660019753552807,-1.803802475704306,0.6101520531890412,32.25699351958767,39.03600072360686,14.61219265173682,3195.125,0.8875347222222222,5.565884051451249,1.600950896082709,04718.csv,B0006,213,4718,24,1.5876273123575604,64
4.190985194174346,3.417549528683359,3.462574876665621,2.4507845245525193,0.7734356654909873,-1.7982439953659044,0.6179768229727949,32.47193402838835,39.16106395962828,14.863221253561438,3195.312999999994,0.8875869444444429,5.554078926631059,1.5962648834533302,04720.csv,B0006,215,4720,24,1.5829719744686166,65
4.18162644626075,3.427505386148378,3.4537077937586056,2.3930328819230717,0.7541210601123716,-1.7857963808615818,0.6334341515285368,32.40219271195367,39.20051799483514,15.084851022623415,3186.297,0.8850825,5.484852293943406,1.580471927962659,04724.csv,B0006,219,4724,24,1.567137636713563,66
4.183355970785126,3.4347508426334845,3.4514035349888337,2.3938995980718403,0.7486051281516413,-1.7850748194527644,0.6343837459996637,32.30987415652578,39.15878418316098,15.209433544977685,3176.438,0.8823438888888889,5.459349243870987,1.5746836978058927,04728.csv,B0006,223,4728,24,1.5613446139713882,67
4.1824452483280945,3.448198019924908,3.450781146333252,2.4373294683003053,0.7342472284031865,-1.7785916660457872,0.6423674423126489,32.35440526839345,39.18225956809825,15.235411041124262,3167.593,0.8798869444444444,5.421001085660904,1.5645634506395365,04732.csv,B0006,227,4732,24,1.551171189279042,68
4.182585245365358,3.447136358493749,3.446105572450592,2.3705330061374523,0.7354488868716089,-1.7727874712030285,0.6495580854343683,32.4731363791227,39.38159156766375,15.352231204141692,3167.719,0.8799219444444445,5.39667428214414,1.559368869193007,04736.csv,B0006,231,4736,24,1.5406741606295171,69
4.1774176000218946,3.455115440595922,3.4418152533277135,2.351294851260762,0.7223021594259724,-1.7601807681971697,0.6641426527717404,32.52334649341759,39.44712875501599,15.392332017254361,3159.077999999994,0.877521666666665,5.336382318493198,1.5440081754460322,04740.csv,B0006,235,4740,24,1.5253138744624433,70
4.182951924778038,3.468023005179232,3.445008015985666,2.436845595522602,0.7149289195988064,-1.7653027883569696,0.658164777477661,32.518264823491045,39.40950590627068,15.404652077416934,3148.829,0.8746747222222223,5.335865243491627,1.5435556143394842,04744.csv,B0006,239,4744,24,1.5301570318067428,71
4.183258304762118,3.4711335972831856,3.441164687975023,2.39030487147494,0.7121247074789325,-1.7593486488770236,0.6651496523287126,32.5437072434024,39.48443326993031,15.497667730008878,3149.094,0.8747483333333333,5.311039208920565,1.5380705119141078,04748.csv,B0006,243,4748,24,1.524656683447409,72
4.183170360974043,3.4883390886919767,3.443620591429828,2.4892160721496315,0.6948312722820664,-1.7526167898737661,0.6726676811790743,32.56222309600736,39.4416762582387,15.469020350720566,3140.547,0.8723741666666667,5.2757208998800795,1.5279879708209352,04752.csv,B0006,247,4752,24,1.5145492986655429,73
4.183359256700765,3.4882264404681207,3.439943269617906,2.450611393803655,0.6951328162326442,-1.7516949849801624,0.673646592624111,32.58978020040808,39.53866201326228,15.579250593069851,3131.625,0.8698958333333333,5.252067186141771,1.5227316456556494,04756.csv,B0006,251,4756,24,1.509391504602082,74
4.182909564093396,3.4877002346746275,3.43602719305159,2.4111946043456745,0.6952093294187689,-1.7510429704034998,0.6743880868507957,32.57089563557426,39.5867547936938,15.69003354340093,3121.907,0.867196388888889,5.227603531545398,1.5173692930206069,04760.csv,B0006,255,4760,24,1.5039974333050703,75
4.181939688146648,3.5019144212894115,3.436309312279291,2.4609139768640715,0.6800252668572364,-1.7388746112390865,0.6875098760181514,32.537854347094196,39.499752884420865,15.65276150733608,3122.125,0.8672569444444445,5.18870568087749,1.5068909540441695,04764.csv,B0006,259,4764,24,1.4935201918040188,76
4.18215985406311,3.506489883698507,3.430470227771154,2.378420264362521,0.6756699703646034,-1.738622547139575,0.6874126065884917,32.65645090520509,39.9686395722832,16.099849215852345,3121.672,0.8671311111111111,5.176852663340739,1.5062638808897746,04768.csv,B0006,263,4768,24,1.4876323024497422,77
4.189962701965466,3.4612712556588887,3.4417311090871063,2.3844697219937414,0.728691446306577,-1.7870762809520677,0.632045172578117,33.180785234653264,40.42668250871336,15.972727899253222,3120.86,0.8669055555555556,5.347694207569809,1.5488388153619477,04770.csv,B0006,265,4770,24,1.5302876214401704,78
4.181214475643097,3.49597974716647,3.4355429213552537,2.448639661640692,0.6852347284766269,-1.7612682208672186,0.6625185365340356,32.71220835503141,40.02451449021777,16.211867327166196,3103.828,0.8621744444444445,5.2236271551117675,1.5174748645766736,04774.csv,B0006,269,4774,24,1.5040760088360112,79
4.181652803611802,3.495868232766142,3.4272336842373576,2.362869757217078,0.6857845708456596,-1.7545532300777185,0.6702555519871066,32.54394388900791,40.02167483360719,16.64214179161112,3095.094,0.8597483333333333,5.176267519921575,1.5073692774128395,04778.csv,B0006,273,4778,24,1.4887593608730894,80
4.180127984409454,3.5168324777654205,3.4307536518687556,2.479712742728869,0.6632955066440336,-1.7364250156958492,0.6902995946833612,32.6655410721976,40.078211781584145,16.59454449164648,3095.781,0.8599391666666667,5.122691134141606,1.4916662070632016,04782.csv,B0006,277,4782,24,1.4782779285546637,81
4.182435253361705,3.5140805590225344,3.430880434209888,2.4609902569842412,0.6683546943391705,-1.7371686757879778,0.6901938590679468,33.160922870564626,40.565789328351094,16.617024401562347,3094.328,0.8595355555555555,5.124880814442827,1.4918878140919223,04786.csv,B0006,281,4786,24,1.478459982215684,82
4.182970513713943,3.5179169265872945,3.431984614031654,2.4794507375590507,0.6650535871266481,-1.7358183569582517,0.6909643228530621,33.414445545408455,40.75221353269305,16.446577460462706,3086.531,0.8573697222222222,5.107751697673351,1.4866661982216098,04790.csv,B0006,285,4790,24,1.473214844899973,83
4.182588389688278,3.51910167584515,3.426913589626702,2.421513989921717,0.663486713843128,-1.7297302660430056,0.697508246759448,33.3541679486525,40.71162611325717,16.545203590963258,3085.625,0.8571180555555555,5.080220414114892,1.4809067710327546,04794.csv,B0006,289,4794,24,1.4675164935067897,84
4.180283545890356,3.521493643197122,3.4220422356705154,2.3927989623544175,0.658789902693234,-1.7278671098991139,0.6991910065982325,33.13634596100404,40.58721297402195,16.606417419287357,3067.203,0.8520008333333333,5.035306011533541,1.4703269329361959,04798.csv,B0006,293,4798,24,1.4516292657521337,85
4.182277548850675,3.531199617131715,3.4202687142856667,2.410475236770924,0.6510779317189601,-1.7269073147637581,0.700074108720713,32.92241762841388,40.37035790264624,16.732073524922153,3058.157,0.8494880555555556,5.01283455939849,1.465344540300074,04802.csv,B0006,297,4802,24,1.4519237720967175,86
4.182483687657018,3.540682828822266,3.4248208106770663,2.4915333699239977,0.6418008588347521,-1.7211995934038338,0.7063457700888194,33.20338483123576,40.667923693760464,16.838482471724088,3058.812,0.8496699999999999,5.000773742073611,1.4606132131193799,04806.csv,B0006,301,4806,24,1.4471484694777743,87
4.182606347806988,3.5356541187739614,3.4234990883192666,2.444861994529003,0.646952229033027,-1.721141114732718,0.7062879072254995,33.533950654066935,40.990356883952465,16.780510407012216,3058.578,0.8496049999999999,4.999696593563815,1.4603718106284507,04810.csv,B0006,305,4810,24,1.4468538105659885,88
4.182949890012143,3.5426480867538017,3.4247420964314874,2.4840755398082255,0.6403018032583412,-1.7200547727480755,0.7073947804841111,33.5767934055627,40.99774402817451,16.72452057593344,3049.328,0.8470355555555555,4.981262705788424,1.4550578556129816,04814.csv,B0006,309,4814,24,1.4416741930284678,89
4.222353332039162,3.5029468518556204,3.450702139255875,2.479017302613424,0.719406480183542,-1.8210481343824243,0.5878723902180896,33.224088400657315,40.77265883698999,16.71448199243139,3177.219,0.8825608333333333,5.552979188490855,1.606973483447494,04817.csv,B0006,312,4817,24,1.5935866593100128,90
4.190810496600126,3.459144575143091,3.4480475429907522,2.4820670710190385,0.7316659214570351,-1.821445703423604,0.5876960128492275,33.37083344726966,40.522204934304625,15.845480554161625,3082.937,0.8563713888888889,5.390978441072509,1.5596829639731995,04820.csv,B0006,315,4820,24,1.5463902376915637,91
4.1828124049147695,3.4885908514844224,3.4399481891896455,2.452449045714353,0.6942215534303471,-1.7899159936953069,0.6287722600386945,33.43366634309322,40.57746834859555,15.863718711882171,3074.266,0.8539627777777778,5.266992055643804,1.5280524986410895,04824.csv,B0006,319,4824,24,1.51470559175661,92
4.1838942747302825,3.500662570823591,3.434112914501242,2.4198491932573414,0.6832317039066917,-1.7769345930773324,0.6443756633067925,33.28676739403043,40.516963879873735,16.06431493998501,3066.0,0.8516666666666667,5.202167829856767,1.5123119806040248,04828.csv,B0006,323,4828,24,1.4989786083335404,93
4.183847567326402,3.5190985130636876,3.4325600940363916,2.4706823501191706,0.6647490542627144,-1.7640032117743045,0.6596774682746238,33.14347737377552,40.34325381638243,16.118602322993393,3056.437,0.8490102777777777,5.141598282040761,1.4964892041172844,04832.csv,B0006,327,4832,24,1.4831110745410492,94
4.183259734378229,3.5212860952811007,3.4270614887575657,2.413759774558071,0.6619736390971283,-1.7571701008871028,0.6676978597082809,33.11021541795579,40.39341126895154,16.28559324978867,3048.219,0.8467275,5.098312631397127,1.4864398791091689,04836.csv,B0006,331,4836,24,1.4729664825468278,95
4.183152598210248,3.5315851155806786,3.427340316812041,2.4562499847243027,0.6515674826295696,-1.7502670210777267,0.675333178611846,33.18991802149879,40.46341487442664,16.311064025945893,3039.218,0.8442272222222221,5.061266947086571,1.476194495305401,04840.csv,B0006,335,4840,24,1.4627604396099307,96
4.1835297239964095,3.5329262878466716,3.423482197888437,2.401794655879554,0.6506034361497379,-1.7439614243216512,0.6822341753195525,33.26265398635676,40.5818264138806,16.3892192476009,3039.047,0.8441797222222223,5.035816042514256,1.4704983947284573,04844.csv,B0006,339,4844,24,1.4518364681062514,97
4.181677965200077,3.539045488750217,3.4220957701069374,2.4087687236133313,0.6426324764498599,-1.736850855663561,0.6897837526705198,33.299978841087025,40.61670777074496,16.378097915148505,3030.375,0.8417708333333334,4.9972295049197095,1.4603098506210612,04848.csv,B0006,343,4848,24,1.4468670644030392,98
4.183197246077639,3.545547133777292,3.421883545422636,2.4308118485818704,0.6376501123003471,-1.7360045229798653,0.6907275433832998,33.31663547841367,40.63164766168104,16.440619598988455,3021.0,0.8391666666666666,4.975932506524653,1.4547925177101502,04852.csv,B0006,347,4852,24,1.441380399427779,99
4.182847747629186,3.5484565862450688,3.4195777411151886,2.398886415333129,0.6343911613841171,-1.729690117077797,0.6973512566768086,33.39150630507064,40.74323383889164,16.516759033542005,3021.75,0.839375,4.955042720020618,1.4498337715163376,04856.csv,B0006,351,4856,24,1.431210744960774,100
4.1825932531603875,3.549925959367978,3.4175281789596474,2.3814379490849835,0.6326672937924096,-1.7287954627467013,0.6981361664490334,33.41522427488497,40.81715493531611,16.595365705712602,3012.265,0.8367402777777777,4.933838616415427,1.4446620815753786,04860.csv,B0006,355,4860,24,1.4260247179525716,101
4.181536580807847,3.5622369118183483,3.4197860540725715,2.459885297095542,0.6192996689894983,-1.7216729981632184,0.7057008972546366,33.39690850726103,40.72877617289365,16.52101172980959,3002.641,0.8340669444444445,4.896686996165651,1.4338689055929383,04864.csv,B0006,359,4864,24,1.420487649966195,102
4.172034399629829,3.5587698945654234,3.4171369298988705,2.4007285025453995,0.6132645050644054,-1.7228162229694663,0.7047731230966315,33.73731993653,41.45494452672042,17.187949859749434,3012.0,0.8366666666666667,4.9122243951975815,1.439359689070222,04868.csv,B0006,363,4868,24,1.4207006230355006,103
4.188427549455566,3.5413834963307256,3.4305347141293625,2.472830716079143,0.6470440531248407,-1.7486639022205694,0.6776895899344237,34.08965316576344,41.39678877103747,16.38626546360876,3020.11,0.8389194444444444,5.027661640231226,1.4656294419557323,04871.csv,B0006,366,4871,24,1.452255804330839,104
4.181335856346829,3.557320348056594,3.4250844180972875,2.467318928642863,0.6240155082902348,-1.7345160724760174,0.6925158045467315,33.9987286593769,41.36669473718026,16.5495641221716,3002.172000000006,0.8339366666666683,4.944528055775539,1.4449647347904269,04875.csv,B0006,370,4875,24,1.431557632772571,105
4.179546243153898,3.5560021159887576,3.4171339862792935,2.3692462667540997,0.6235441271651405,-1.7271570233190525,0.7000238827133731,33.907397114007345,41.37787352037061,16.717719306138704,2992.703,0.8313063888888889,4.894486735953604,1.433708121534579,04879.csv,B0006,374,4879,24,1.415015751158943,106
4.18088822946083,3.565450927200841,3.417521467040602,2.448261859512487,0.6154373022599895,-1.7305179027385762,0.6961800078331686,33.70518417605219,41.140956091698214,16.72368375112525,2964.468,0.8234633333333333,4.855992547052505,1.4231960953793916,04883.csv,B0006,378,4883,24,1.4097311506517451,107
4.182667734360821,3.5778109276715733,3.4181623236680356,2.4598632768748825,0.6048568066892481,-1.7141443638380731,0.713769009765717,33.7458832944166,41.2168813199875,16.87461166349799,2983.375,0.8287152777777778,4.8369076517542595,1.4183842067789223,04887.csv,B0006,382,4887,24,1.404917318129309,108
4.179684890591493,3.5823842742694407,3.420331935905118,2.497869764845928,0.5973006163220522,-1.7067823273466607,0.7208414875767243,34.01657212624259,41.40391881889191,16.71529817053966,2975.297,0.8264713888888889,4.805269645497804,1.4086474894283607,04891.csv,B0006,386,4891,24,1.395164296571563,109
4.18224535784739,3.5836702091707866,3.4192916311692465,2.472236707252471,0.5985751486766033,-1.7063596521950197,0.720844710362304,34.175023374593785,41.586571331198584,16.752777528425693,2974.9850000000006,0.8263847222222224,4.801526654785815,1.407965407022414,04895.csv,B0006,390,4895,24,1.3945343832614077,110
4.182453793427935,3.5856253738844623,3.414352330355796,2.4278749904763077,0.5968284195434723,-1.7052696591517462,0.721833425434306,33.976109677640174,41.43504077863728,16.867133626640634,2966.25,0.8239583333333333,4.775703115211149,1.4027609776931165,04899.csv,B0006,394,4899,24,1.3893171179312644,111
4.182382182381389,3.588984284723791,3.412701167144591,2.4275905200235055,0.5933978976575975,-1.7046265574439607,0.7225430721555794,33.84150372451663,41.37436880579148,17.015914528604238,2956.359,0.8212108333333333,4.75356967215729,1.3973651022208546,04903.csv,B0006,398,4903,24,1.3838379472327809,112
4.179533028548021,3.5864700210588274,3.410409522809144,2.37337869163978,0.5930630074891936,-1.6985503106996724,0.7290183585855321,34.1008464215818,41.66477948989921,17.0432800323861,2956.344,0.8212066666666666,4.7339209156334245,1.3923928661516176,04907.csv,B0006,402,4907,24,1.3736814238195123,113
4.182385088635815,3.5923515752514272,3.414419320260644,2.4248604132549767,0.5900335133843879,-1.6982347588599789,0.7287515618375687,34.34663683304219,41.81816829502593,16.909510313443537,2956.406,0.8212238888888889,4.737337553037888,1.3921283985955233,04911.csv,B0006,406,4911,24,1.3786059891863676,114
4.182683463001238,3.5963124070242887,3.4131710032395315,2.426962848243194,0.5863710559769495,-1.6971165805711323,0.7298100948222105,34.216231530637586,41.686647000781186,16.90877909949987,2947.266,0.818685,4.717380100318318,1.38718961360724,04915.csv,B0006,410,4915,24,1.3737600299108574,115
4.182413969607667,3.6002389127425705,3.4107019261975147,2.417287750352038,0.582175056865097,-1.6959199401004303,0.7311075512935267,34.041617020161176,41.565382893773936,17.010446189740406,2937.984,0.8161066666666666,4.693367988762856,1.381643564287907,04919.csv,B0006,414,4919,24,1.3682580583942712,116
4.182411904002977,3.604261987061514,3.4089059214760367,2.4185087281747166,0.5781499169414626,-1.6953163120957457,0.731890054521196,33.890212870710734,41.46394809540406,17.1459309647438,2929.125,0.8136458333333333,4.672791745349317,1.3767680733904997,04923.csv,B0006,418,4923,24,1.3633024037317505,117
4.181099186741353,3.610208784768209,3.4134080258317576,2.480937393224248,0.5708904019731436,-1.6890383512433216,0.7377818063462684,34.116762412437,41.6123634180086,17.037064389369835,2928.454,0.8134594444444445,4.659320521452228,1.3715997399506397,04927.csv,B0006,422,4927,24,1.35809661401726,118
4.180110659212056,3.604384847345642,3.411221044859532,2.4078214169511205,0.5757258118664135,-1.689240311218937,0.7378539634540039,34.490493589415046,42.0075404495327,17.02484971183768,2929.375,0.8137152777777777,4.6601097702205205,1.372035215805313,04931.csv,B0006,426,4931,24,1.353269090999531,119
4.163570261072192,3.5929395911706528,3.4155210852213678,2.433234589649132,0.5706306699015395,-1.7102007614808157,0.7174252697264777,34.23744800906639,41.61679232360952,16.47564505112677,2946.031,0.8183419444444444,4.757037329543387,1.3976672133129615,04935.csv,B0006,430,4935,24,1.3841605738237488,120
4.190012868765637,3.5862615333641465,3.4229838362549794,2.440822893388958,0.6037513354014901,-1.730244918610445,0.6973693285806507,34.41428886050454,41.80245062827161,16.633101282020455,2955.438,0.820955,4.843240753022356,1.4185420040329353,04937.csv,B0006,432,4937,24,1.4051467790651473,121
4.182338112503195,3.5993733218450874,3.414757022019347,2.396078253891397,0.5829647906581075,-1.7152465923901479,0.7121617753005012,34.16445180476378,41.653004783464006,16.831566570585284,2937.625,0.8160069444444444,4.754836079332781,1.3973979029514156,04941.csv,B0006,436,4941,24,1.378719022627353,122
4.181981194182554,3.613313370916122,3.41435871627236,2.449306948268824,0.568667823266432,-1.7013404928191733,0.7256641483192122,33.877146811272176,41.36061809844917,16.9123864563658,2929.078,0.8136327777777778,4.695459322494514,1.381728602819505,04945.csv,B0006,440,4945,24,1.3682657783199066,123
4.18265262787567,3.612916400780757,3.4091886698418046,2.384185417166802,0.5697362270949129,-1.7004366132157598,0.7265368649069731,33.839566254190565,41.42815616511055,17.111217215341544,2918.375,0.8106597222222223,4.6687772535610454,1.3760293127381158,04949.csv,B0006,444,4949,24,1.3573151296618016,124
4.182270325485355,3.62307676232919,3.411930366643558,2.4440756213040964,0.5591935631561649,-1.6873533635265772,0.7384886031504587,33.818304796930946,41.343265645039,17.043907361963043,2919.812,0.8110588888888889,4.63437428292983,1.3659937664496007,04953.csv,B0006,448,4953,24,1.3524934638801596,125
4.182394535290608,3.6225410007004046,3.4094417183837504,2.4296014294774673,0.5598535345902032,-1.6919294969110734,0.7347285295063715,33.812621135472135,41.38118673567723,17.125401478041297,2900.422,0.8056727777777778,4.6136225280465055,1.3608521741120891,04957.csv,B0006,452,4957,24,1.3474099151661236,126
4.182061947471753,3.626275900079049,3.4081896097479882,2.41022288115442,0.5557860473927034,-1.6852952939579415,0.7407257018236469,33.79894614410012,41.378450473707446,17.151774332735787,2901.375,0.8059375,4.592488574905164,1.3556374972983634,04961.csv,B0006,456,4961,24,1.3370075130842318,127
4.182288987105723,3.630939582490314,3.40737851449911,2.4098927032454966,0.5513494046154093,-1.6787428835073943,0.7466443851634074,33.702723745621576,41.306600641009794,17.222585810041434,2901.187,0.8058852777777777,4.569687454162207,1.3499332072349146,04965.csv,B0006,460,4965,24,1.3312352966718526,128
4.179633835322102,3.63665215167077,3.4085862639015,2.453938411405305,0.5429816836513321,-1.6712137513430336,0.7534012292601403,33.63562651984647,41.20408103671912,17.171336617025453,2891.64,0.8032333333333332,4.532599533665247,1.3393616664896304,04969.csv,B0006,464,4969,24,1.3259303781727645,129
4.181392635232333,3.633648674889144,3.404843616147767,2.3940396792395253,0.5477439603431891,-1.6768931248947172,0.7486485013416444,33.690724061796516,41.32955629442644,17.294506559746736,2882.906,0.8008072222222222,4.531845859730843,1.3401963092185816,04973.csv,B0006,468,4973,24,1.321578743867529,130
4.181883861516496,3.6408526421786505,3.4081057374178703,2.45134737470238,0.5410312193378459,-1.6701186583642826,0.7545133516985318,33.71317033815572,41.300370296451625,17.23337398398553,2883.265,0.8009069444444444,4.514360818770417,1.3346417992040758,04977.csv,B0006,472,4977,24,1.321225074066109,131
4.182054276922838,3.6463041446743727,3.4091728540380735,2.475014603796582,0.5357501322484657,-1.6634753413292604,0.7602099702768097,33.65376593260611,41.243646229563595,17.246922257315852,2882.969,0.8008247222222222,4.494276286709874,1.3290572326952674,04981.csv,B0006,476,4981,24,1.3156485301862682,132
4.168816046299314,3.643185525285694,3.4110817622184233,2.4569179775419294,0.5256305210136203,-1.6645875549232958,0.7591691993982392,33.983578066068176,41.36464929786556,16.701295429624505,2891.656,0.8032377777777777,4.516334349346584,1.3343651261849256,04985.csv,B0006,480,4985,24,1.3209025697502388,133
4.1901092209827935,3.63009179178362,3.4167486246717154,2.438240626221148,0.5600174291991733,-1.6918384605140158,0.7346364622780435,33.816348135475515,40.89285784811417,16.087500292336223,2901.25,0.8059027777777777,4.622129800449758,1.360873808489467,04987.csv,B0006,482,4987,24,1.3474328767273906,134
4.186977042307121,3.644383145306869,3.4169689184247174,2.4946397780995584,0.542593897000252,-1.6711981411684524,0.7535373254787405,33.60692030225909,40.652964511118334,16.08425407504325,2891.703,0.8032508333333334,4.542384695182743,1.3394377678574836,04989.csv,B0006,484,4989,24,1.3260128072353616,135
4.1821030998183115,3.647724843088211,3.4105763913818787,2.4367455144223555,0.5343782567301005,-1.6632769410531225,0.76026616202507,33.47350597721994,40.58410707337388,16.275439255370795,2883.016,0.8008377777777778,4.49501089864976,1.328766600221134,04993.csv,B0006,488,4993,24,1.3101186784831065,136
4.1822412159486655,3.654758881299619,3.4113335283009314,2.485868996808533,0.5274823346490467,-1.6559085740676296,0.7667495947329944,33.209178727620106,40.322783635307104,16.31898763131691,2873.453,0.7981813888888889,4.457843561793712,1.318653201380414,04997.csv,B0006,492,4997,24,1.30521620229393,137
4.1811092734638216,3.649848216700934,3.4081283345557187,2.3957550201907916,0.5312610567628875,-1.656100922060331,0.7667608374913484,33.58088963686094,40.78032921971219,16.421229038659064,2874.031,0.7983419444444444,4.457417238465267,1.3191009682587325,05001.csv,B0006,496,5001,24,1.3004061951355774,138
4.181892633123134,3.654795053390779,3.4125732422699135,2.4504684570147006,0.5270975797323549,-1.6493259508429792,0.7722287142049982,33.76400861956033,40.85731522464202,16.23554183375255,2874.234,0.7983983333333333,4.442814595041541,1.3137391419694104,05005.csv,B0006,500,5005,24,1.300235735841116,139
4.1810790735747885,3.65519692144285,3.407693686560286,2.3942028718004007,0.5258821521319383,-1.6481131076816375,0.7731245144778003,33.57003564415372,40.74860220857894,16.386161508416475,2864.984,0.7958288888888889,4.416977394029637,1.308285220339782,05009.csv,B0006,504,5009,24,1.2895066722480757,140
4.179849355700932,3.660920185251899,3.4073499608041957,2.4303844034459368,0.5189291704490326,-1.6402541382604887,0.7793479123932031,33.272050895552354,40.47227623020843,16.41469532376742,2855.093,0.7930813888888888,4.378207599491923,1.2980105432452618,05013.csv,B0006,508,5013,24,1.279253057384795,141
4.181641969595387,3.6665506464743816,3.409292163767801,2.4755630989048205,0.5150913231210055,-1.6339151095418003,0.7850126547127957,33.12740933210319,40.28187574900838,16.44183919710226,2855.625,0.7932291666666667,4.359308517771304,1.29271674890541,05017.csv,B0006,512,5017,24,1.2792078171714618,142
4.18154819879745,3.664830420095059,3.4095492354804775,2.446712151873903,0.5167177787023909,-1.6340244573659812,0.7851240850970459,33.439116773449626,40.637565231244686,16.521420132855827,2855.594,0.7932205555555556,4.360855245546778,1.2927526254102126,05021.csv,B0006,516,5021,24,1.274036760902923,143
4.181631106163372,3.6670708418070905,3.410318915287339,2.46071120182069,0.5145602643562812,-1.632488007933941,0.7861787494110998,33.482874768414376,40.64243349478575,16.394058063185152,2847.437,0.7909547222222222,4.3434928809598965,1.2876062525418415,05025.csv,B0006,520,5025,24,1.2741273923001468,144
4.178712498488009,3.671063896554771,3.409269478846637,2.4619788522973796,0.507648601933238,-1.6192610042624402,0.7964337085687859,33.22136307064441,40.38713367022122,16.41436979608464,2847.36,0.7909333333333334,4.302865540244397,1.2771907331177363,05029.csv,B0006,524,5029,24,1.263763942644078,145
4.181148894438262,3.675527990548978,3.4094374435069095,2.4999079970509284,0.5056209038892843,-1.6178242977824624,0.7975336676909264,32.98562738901426,40.15316398972329,16.474950917108398,2837.328,0.7881466666666667,4.281560070563413,1.2715943629969089,05033.csv,B0006,528,5033,24,1.2581373688955233,146
4.181246648937272,3.67291170661734,3.403885091976961,2.4061574188511727,0.5083349423199319,-1.6181015728870058,0.7972314769163535,32.970182781539556,40.26211669866818,16.743394070717823,2837.281,0.7881336111111111,4.276712120648879,1.272051977903845,05037.csv,B0006,532,5037,24,1.253259864055301,147
4.182083806710052,3.67294260827938,3.4065929107527846,2.40921365026611,0.509141198430672,-1.6180985297864203,0.797542939991941,33.31018716138479,40.65437976632703,16.75398953382372,2838.515,0.7884763888888888,4.280532341284352,1.2719850717832042,05041.csv,B0006,536,5041,24,1.2532313315493426,148
4.179465656635683,3.676426871927093,3.4095930016592684,2.4705399687343235,0.5030387847085902,-1.6103535053387172,0.8036046939062108,33.23406652671602,40.41021687551566,16.483054974453783,2828.328,0.7856466666666666,4.246668968709857,1.26161587828057,05045.csv,B0006,540,5045,24,1.2480874960313575,149
4.164241788212258,3.678748349217624,3.409409922814414,2.4996841687041944,0.48549343899463393,-1.611644410040853,0.8024149556477133,33.117656712920734,40.49521984011741,16.931998062188534,2838.265,0.7884069444444444,4.2624603465864315,1.266957525488313,05049.csv,B0006,544,5049,24,1.2534354284944844,150
4.189238693156103,3.6660243812714266,3.4195489282896943,2.4839695531514434,0.5232143118846762,-1.6420364978388977,0.7786975534845754,33.784170366860046,41.357879741754175,17.17489367055964,2864.547,0.7957075,4.411007355344468,1.3033465580435104,05052.csv,B0006,547,5052,24,1.28980487732669,151
4.180662617196329,3.673517843188949,3.4151799904187996,2.4675402264113453,0.5071447740073798,-1.6194806393973795,0.7963677470483693,33.806439563441614,41.37902988743146,17.241128597483087,2846.39,0.7906638888888888,4.309332868487829,1.277082553212368,05056.csv,B0006,551,5056,24,1.2635402021758837,152
4.181032942784607,3.679265325617699,3.4154594925159083,2.4946438160388325,0.5017676171669079,-1.6048643562670923,0.8073736815947106,33.63735785291911,41.20920760771975,17.246110219559032,2837.969,0.7883247222222223,4.252178442129103,1.261551724351867,05060.csv,B0006,555,5060,24,1.2479761706842851,153
4.17964376586292,3.6810005302067896,3.4130336456755868,2.4577382116375843,0.49864323565613056,-1.5916400783224371,0.817244518587044,33.58195933847606,41.20630554355683,17.35534486448196,2838.156,0.7883766666666666,4.2095116400317405,1.2509034328816129,05064.csv,B0006,559,5064,24,1.2321202877943334,154
4.180653486967336,3.6816210659707824,3.409452435657409,2.40986495422137,0.49903242099655376,-1.5901105081883435,0.8184044710265609,33.56245583951572,41.28239317323536,17.529359049775714,2829.843,0.7860674999999999,4.186771428806759,1.2457801096939924,05068.csv,B0006,563,5068,24,1.2271137666213534,155
4.181365190126037,3.6870580470143386,3.4138496008165014,2.479418189447868,0.49430714311169854,-1.5767754479909835,0.8276512934901961,33.5111267532655,41.1595683576961,17.44377736821002,2829.625,0.7860069444444444,4.15248785209495,1.2352644153306773,05072.csv,B0006,567,5072,24,1.2217397581377356,156
4.180359359066286,3.686609623032529,3.410900672125043,2.434585389303289,0.49374973603375727,-1.575262673173442,0.8286780991319167,33.53675907012135,41.230427315370186,17.471306384310182,2819.437,0.7831769444444444,4.129969055488359,1.229817718469132,05076.csv,B0006,571,5076,24,1.211102678915174,157
4.181277236211712,3.6886642285753455,3.4105744140130074,2.425682710641569,0.4926130076363666,-1.5684640005188113,0.8331275074290732,33.49803069556778,41.21487873613708,17.552562957476663,2819.579,0.7832163888888889,4.109058176498991,1.2244220253478801,05080.csv,B0006,575,5080,24,1.2056159765131735,158
4.181921994951423,3.689427929747468,3.4096514247359915,2.417924401749313,0.49249406520395445,-1.5671286757845893,0.8343391999172229,33.516977262709986,41.27439823262361,17.62414297543989,2810.672,0.7807422222222222,4.090847852187606,1.2196224684332242,05084.csv,B0006,579,5084,24,1.2008936262717274,159
4.179431633541701,3.691557712403205,3.412857837344254,2.4541577949851603,0.48787392113849615,-1.5537993411647462,0.8433112637469294,33.531923269271225,41.237668013317766,17.52120091022823,2811.485,0.7809680555555556,4.056685436022798,1.2093335298167718,05088.csv,B0006,583,5088,24,1.1905903985558337,160
4.180438271754948,3.692494602830583,3.4134509017056525,2.463616101176541,0.4879436689243648,-1.5521827524962775,0.8440916037889512,33.567636169584304,41.24068073261839,17.487841481215476,2802.422,0.7784505555555555,4.038363952838126,1.2040011334140512,05092.csv,B0006,587,5092,24,1.185179251041941,161
4.181414159913002,3.693907128232746,3.414388187503409,2.470375229475307,0.4875070316802561,-1.5452652929126824,0.8484593754616506,33.60493096509702,41.28133907077437,17.475271930649335,2801.625,0.7782291666666666,4.018604577083815,1.1983981921124975,05096.csv,B0006,591,5096,24,1.1796706818144624,162
4.180815073540562,3.6946262144743858,3.412419038813061,2.4357634426689945,0.48618885906617626,-1.538651770825325,0.852788066566617,33.54281440778599,41.28338645880181,17.570175756929437,2802.031,0.7783419444444444,3.9972106649852575,1.1933753740556388,05100.csv,B0006,595,5100,24,1.1745952836753917,163
4.1697037841892834,3.6963269652374176,3.4148103057455175,2.481190011798763,0.4733768189518659,-1.5169723774339863,0.8662067028044486,33.472459360982775,41.149193043289586,17.44185327643264,2793.39,0.7759416666666666,3.9244652455559907,1.1726581892283787,05104.csv,B0006,599,5104,24,1.15381833159625,164
4.180283727512206,3.697169686162496,3.4166177332601,2.491537251958465,0.48311404134971037,-1.5238501013926742,0.8618411900618512,33.58210389885497,41.26268252018065,17.471222435015942,2793.39,0.7759416666666666,3.9460798888358575,1.1780515275082348,05108.csv,B0006,603,5108,24,1.1644009557372264,165
4.181157702694518,3.6966744870459154,3.4121341541171764,2.40904100737121,0.48448321564860297,-1.5237928146868023,0.8618851863140047,33.6634605108384,41.45791806300034,17.655021179851975,2792.485,0.7756902777777778,3.939307190110537,1.1776520335951335,05112.csv,B0006,607,5112,24,1.1587974947916069,166
4.157544974448367,3.69305943579077,3.419700177568569,2.475767645530351,0.464485538657597,-1.5391310859398721,0.8526242406974837,33.730546074122294,41.11666214070682,16.418064178220757,2802.016,0.7783377777777778,4.00859503595882,1.1938603172395272,05116.csv,B0006,611,5116,24,1.1749748834769171,167
4.188511527828155,3.691808982914086,3.4234687742187893,2.4160441724133666,0.4967025449140685,-1.5426703969635052,0.8509716769739258,33.8912822372509,41.36263766174168,16.45491180103553,2820.39,0.7834416666666666,4.0531027648788385,1.204588199235937,05118.csv,B0006,613,5118,24,1.1856752327929356,168
4.191491807505295,3.277169976825196,3.5298286688693397,2.612467347907089,0.9143218306800986,-1.8187019641679727,0.5950584036965106,32.572328114029,38.98218133148803,14.656187907465561,3690.234,1.025065,6.6087781949284645,1.8622028761760747,05122.csv,B0005,1,5122,24,1.8564874208181577,1
4.189773213846608,3.3002448871222545,3.5373201277859714,2.587208728940726,0.8895283267243532,-1.8175598506612867,0.5967037718608691,32.72523522519307,39.033397966787035,14.347449803191036,3672.344,1.0200955555555555,6.586345150397565,1.852077780517496,05124.csv,B0005,3,5124,24,1.846327249719927,2
4.188186735991303,3.3274510098686276,3.5437367282719,2.6519168938437794,0.8607357261226758,-1.8164865418840956,0.598033410427442,32.64286193755933,38.81879668981741,14.084530525863013,3651.641,1.0143447222222222,6.555683334957383,1.841048739682796,05126.csv,B0005,5,5126,24,1.8353491942234077,3
4.188461118855572,3.314181858907029,3.5436661072601456,2.592947964776547,0.8742792599485427,-1.8255891938692528,0.5849720920767387,32.51487646204882,38.7623045063458,14.110060765053284,3631.563,1.0087675,6.554828606937599,1.8409120078311925,05128.csv,B0005,7,5128,24,1.8352625275821128,4
4.188298524761055,3.30549673128648,3.5423432526672167,2.547419651124539,0.8828017934745747,-1.8261139590277586,0.5849781734923365,32.38234901543077,38.66539257343368,14.146692138998514,3629.172,1.0081033333333334,6.552231972609874,1.8403599290669193,05130.csv,B0005,9,5130,24,1.834645508212042,5
4.188815807948604,3.302329112973759,3.5413347346347575,2.5209480504077413,0.8864866949748449,-1.8168108743168803,0.5982374845560282,32.43418218230641,38.75169504640032,14.237268397973942,3652.281,1.0145225,6.557494548054203,1.8413272042220798,05132.csv,B0005,11,5132,24,1.8356616600675495,6
4.18839163793879,3.2937406695499014,3.5410250495075215,2.487927319492314,0.8946509683888886,-1.816791144707133,0.598027293280686,32.480416444757985,38.8207012322275,14.245119993219092,3650.828,1.0141188888888888,6.557049661436373,1.840831297831913,05134.csv,B0005,13,5134,24,1.8351461429226603,7
4.188927891511958,3.3162307407741536,3.554133296801584,2.6652049047458775,0.8726971507378045,-1.8443412120754061,0.5588480400785013,32.41046186109587,38.51713023385634,13.805805943387323,3572.453,0.9923480555555555,6.535167110927523,1.8314394902034126,05136.csv,B0005,15,5136,24,1.8257567905665535,8
4.189029250882121,3.297410935416153,3.5529355991467955,2.6038584726333673,0.8916183154659678,-1.853972745505648,0.5439173113548029,32.3461408313,38.526267904657,13.897780610605821,3550.594,0.9862761111111111,6.5291073135895505,1.8304759859516504,05138.csv,B0005,17,5138,24,1.8247738529891333,9
4.189223427076418,3.2884044830952868,3.5512057319376997,2.552853984885676,0.9008189439811312,-1.8535899338510957,0.5437675433297863,32.27679750791685,38.52698128472781,13.965420944638673,3551.25,0.9864583333333333,6.526577749922872,1.83027316716882,05140.csv,B0005,19,5140,24,1.824613268496936,10
4.188916055911241,3.2662755750614747,3.549292319740949,2.4724483018527317,0.9226404808497661,-1.863380178294828,0.5281400480827111,32.15709350345252,38.54143406601644,14.110148970552022,3530.25,0.980625,6.522473039704535,1.830245620685982,05142.csv,B0005,21,5142,24,1.8246195526864504,11
4.189876247266316,3.296199859463087,3.559759220648976,2.64956413267546,0.8936763878032288,-1.872968810287894,0.5130716590837109,32.36407129853099,38.52197451768004,13.781602636785863,3491.016,0.9697266666666667,6.497483643883568,1.8198463697258194,05145.csv,B0005,24,5145,24,1.8142019357673915,12
4.189286794768804,3.2717574155336004,3.558081969139198,2.5724981777366227,0.9175293792352033,-1.8826095043160833,0.4956165132448093,32.3181954403762,38.582485834057856,13.849378134746345,3470.281,0.9639669444444444,6.4918530452698935,1.8193431380498901,05147.csv,B0005,26,5147,24,1.8137521577549056,13
4.188837765892728,3.2648550840850254,3.555692244172496,2.5249886697730286,0.9239826818077028,-1.882536787636365,0.4956211462224087,32.15709029211503,38.520294134873915,14.072310729819854,3470.0,0.9638888888888889,6.487114428498572,1.8190526034992685,05149.csv,B0005,28,5149,24,1.8134404914735824,14
4.189110301768517,3.309111201518355,3.562746818017503,2.694621861688723,0.8799991002501621,-1.8817935155260215,0.4967589302069122,32.04407000314609,38.21358592965045,13.750488808526892,3450.297,0.9584158333333334,6.456673528229405,1.8082051440976814,05151.csv,B0005,30,5151,24,1.8025980036306504,15
4.18921207304098,3.2881490528689254,3.5614521756489204,2.64010141737067,0.9010630201720544,-1.8921861285036712,0.4783175942794847,31.931593674911532,38.1983618706913,13.87785047819424,3429.407,0.9526130555555556,6.451147555097533,1.807713644676784,05153.csv,B0005,32,5153,24,1.80210690024615,16
4.188899969428112,3.260754100903525,3.5603420474985823,2.573903509838096,0.9281458685245871,-1.9027629207037406,0.4583670956269601,31.941655359029298,38.31926916027133,13.961947457918967,3409.484,0.9470788888888889,6.449580251029463,1.8082219386934337,05155.csv,B0005,34,5155,24,1.802579500826209,17
4.188779799856791,3.2294668217844102,3.5591189041401865,2.4942396831720126,0.9593129780723806,-1.9133470605822436,0.4370967010164596,31.965008645476725,38.4787542519308,14.096334329174777,3390.422,0.9417838888888889,6.44720586520485,1.808641165126713,05157.csv,B0005,36,5157,24,1.8030683142834096,18
4.189272591516219,3.224378894859077,3.557886771846508,2.4556793246645583,0.9648936966571422,-1.9131602105481538,0.43739375219380805,31.966241678512723,38.54659017774874,14.191559758278753,3390.281,0.9417447222222222,6.444197257048334,1.8083830170483515,05159.csv,B0005,38,5159,24,1.802777624719604,19
4.187614060563439,3.2587403321633976,3.5520375235511907,2.632142800798914,0.928873728400041,-1.8553455745575975,0.5414698544768106,32.37143341978575,38.44749852224995,13.898074074964736,3591.734,0.9977038888888888,6.611240878678175,1.8526809517157845,05162.csv,B0005,41,5162,24,1.8470259949329193,20
4.1876287811083985,3.2180462147957645,3.5525668436897124,2.5027764692056795,0.9695825663126341,-1.8746995273150975,0.5092300236214019,32.70024990461686,38.992275791716615,14.074772098353122,3552.297,0.9867491666666667,6.611161010084512,1.8530253703569257,05166.csv,B0005,45,5166,24,1.847417311283644,21
4.187447226312926,3.2573096268397737,3.556794038327039,2.617507742871704,0.9301375994731527,-1.8738272127883846,0.5103730187309344,32.32266411829938,38.51424197364312,13.948275574115005,3531.578,0.9809938888888888,6.574821168404176,1.8418324666438903,05170.csv,B0005,49,5170,24,1.8361774213478947,22
4.187344026387161,3.2802567474945943,3.5614100044534203,2.694074478000972,0.907087278892567,-1.883193546754683,0.49437303605838623,31.98795810666763,38.165816144899125,13.949234677873736,3492.907,0.9702519444444445,6.539641286548478,1.8314695284915232,05174.csv,B0005,53,5174,24,1.825780747577624,23
4.187438187636325,3.2797654511586916,3.5566107947817986,2.6237674644021887,0.9076727364776338,-1.873239184822504,0.5118130466075484,31.894456524691385,38.16526203587147,14.110271378053902,3511.594,0.9754427777777778,6.532620983797104,1.8307608540862943,05178.csv,B0005,57,5178,24,1.8251136435078368,24
4.18774138117799,3.2050689156049863,3.5586742170266272,2.5010798299873738,0.9826724655730041,-1.9139593751505897,0.4348648966308472,31.78039681801023,38.27549578575718,14.250644182761494,3431.937000000006,0.9533158333333349,6.527920631813517,1.8311718976915743,05182.csv,B0005,61,5182,24,1.825581504220376,25
4.188261122540052,3.276866922356563,3.564103182686905,2.6849988185249796,0.9113942001834885,-1.9030532722310995,0.45733623839603826,31.688747146342205,37.982160799183106,14.045933150088217,3431.125,0.9530902777777778,6.495263190740646,1.8196343413671214,05186.csv,B0005,65,5186,24,1.814031127508391,26
4.187338767288234,3.2311300277309924,3.559588063594272,2.547109116468133,0.9562087395572418,-1.9134590742247914,0.43606619958029547,31.596747992569153,38.11100191887773,14.299467731360227,3412.406,0.9478905555555556,6.489442748159885,1.8204078847966048,05190.csv,B0005,69,5190,24,1.814769194115894,27
4.187560306288175,3.2220257725268313,3.556833231052199,2.471314764334132,0.9655345337613435,-1.913620909902553,0.4361071320744154,31.565586498787077,38.18831137948753,14.433546048604107,3410.688,0.9474133333333333,6.482180288608385,1.819557980042869,05194.csv,B0005,73,5194,24,1.813969388710352,28
4.18805176248713,3.2900827937307877,3.5624410850948944,2.6613903306108773,0.8979689687563424,-1.9025819745719061,0.45861118124673544,31.59124667045208,37.99854111908584,14.204431811602074,3410.718,0.9474216666666666,6.451556870936514,1.8083586231260704,05198.csv,B0005,77,5198,24,1.802765665167823,29
4.187667484260542,3.2511761852414898,3.5591407106855666,2.541762355407921,0.9364912990190524,-1.9130621638638965,0.4374122485698811,31.603485399391182,38.194201649765226,14.392900662846774,3392.719,0.9424219444444445,6.449409259843296,1.8096737051083278,05202.csv,B0005,81,5202,24,1.804077040117352,30
4.2010701773378685,3.249283482317545,3.5573161327793144,2.628919415830567,0.9517866950203233,-1.920618117118412,0.4210961516440683,31.91556385491565,38.45796400011448,14.67666650056077,3470.672,0.9640755555555556,6.621423841761898,1.8545398087791685,05206.csv,B0005,85,5206,24,1.8518025516704488,31
4.1996223345495824,3.260087599199005,3.561870782772737,2.6312552691827045,0.9395347353505774,-1.9298830859597569,0.39984237764545444,32.081128118597164,38.49126351534004,14.287622445368438,3414.109,0.9483636111111111,6.550749752385637,1.8334127418041146,05210.csv,B0005,89,5210,24,1.8307038456739428,32
4.199853323702163,3.281146601420838,3.5617586337260088,2.654880745360911,0.9187067222813248,-1.9293005284805407,0.40083773658767985,31.849792632896243,38.31473393357882,14.313944661061253,3395.219,0.9431163888888889,6.510886361026923,1.822631621806981,05214.csv,B0005,93,5214,24,1.8199041089501269,33
4.199103467081427,3.309371520154756,3.5597307651083123,2.6749688422803803,0.8897319469266707,-1.923330987770314,0.41408831051057415,31.465690433362017,37.861934640176806,14.321943711351647,3386.0,0.9405555555555556,6.469268383163047,1.8120148684612116,05218.csv,B0005,97,5218,24,1.8093079637028515,34
4.199998536865001,3.295594467656429,3.5575937553540915,2.6159705726789904,0.9044040692085722,-1.9284469980320087,0.40250038264104065,31.40934895665031,37.90665575786083,14.340560010288275,3368.187,0.9356074999999999,6.448258261024923,1.8073455778605045,05222.csv,B0005,101,5222,24,1.80460990458052,35
4.19967522099872,3.317198245350349,3.5597237883937995,2.658447162110498,0.882476975648371,-1.9231439161693824,0.41507740963490697,31.902247475518077,38.34003238560517,14.36700963981107,3368.266,0.9356294444444445,6.434013039595092,1.8021042210122729,05226.csv,B0005,105,5226,24,1.7993770651972192,36
4.1991847248803165,3.3478185065039905,3.559061771422033,2.6979426084271156,0.851366218376326,-1.9170149640438081,0.42788671422977803,31.649024294808623,38.0745950590744,14.31943319011241,3358.719,0.9329775,6.393192582022832,1.7911817401222407,05230.csv,B0005,109,5230,24,1.7884432335370462,37
4.200012480335,3.3378219239048574,3.557015527748059,2.6617272246516333,0.8621905564301429,-1.922048805055383,0.4167099351187296,31.48874626238971,38.07252758016199,14.55798492102618,3339.5,0.9276388888888889,6.369130411090189,1.785652785727741,05234.csv,B0005,113,5234,24,1.7829230484252725,38
4.1992373656547874,3.364372479379788,3.5562481933590964,2.699288287625812,0.8348648862749997,-1.9162302821549877,0.42954137473705156,31.329995610092634,37.80133585100446,14.529872319178331,3331.265,0.9253513888888889,6.332119975253014,1.775768050940348,05238.csv,B0005,117,5238,24,1.7730337158018288,39
4.1993957811187075,3.336014493650917,3.5532756526091784,2.6127932408838532,0.8633812874677904,-1.9220800182578983,0.41787857151980856,31.569551201845574,38.39873985476869,14.959371983891565,3321.188,0.9225522222222222,6.3279778283056345,1.775833082331695,05242.csv,B0005,121,5242,24,1.773037755078937,40
4.1995786980260705,3.3556596279465505,3.556266431640255,2.6637064901468075,0.84391907007952,-1.9162417890311958,0.4301544929609481,32.111426258867944,38.74929237918251,14.72871406159539,3321.844,0.9227344444444444,6.314847281055934,1.7706263567624057,05246.csv,B0005,125,5246,24,1.7678721106662054,41
4.199546957512695,3.3614901977112828,3.5563095420140822,2.6668454289754746,0.8380567598014119,-1.9158809823517762,0.4307955266789468,32.271676011112376,38.87275464755104,14.616668328231007,3311.828,0.9199522222222222,6.294812266365799,1.7650847974128525,05250.csv,B0005,129,5250,24,1.762315070409309,42
4.194091469340824,3.3469681219757663,3.558950851054106,2.684431051981017,0.8471233473650579,-1.9114406265753041,0.44067375045589385,31.842291659678658,38.503541429116005,14.510839227404134,3327.391,0.9242752777777778,6.31262256398389,1.773230467588693,05254.csv,B0005,133,5254,24,1.7676172924938447,43
4.200715235801255,3.37121004922177,3.5534418211598053,2.645224362345869,0.8295051865794849,-1.9158166997544155,0.4305939836666456,31.759815453754253,38.27009094548294,14.44360389362135,3312.078,0.9200216666666666,6.290405274839962,1.7654093987717652,05256.csv,B0005,135,5256,24,1.762668359743147,44
4.1990980807180325,3.379951819113273,3.5510121537420285,2.6603527244917,0.8191462616047596,-1.9151304155635374,0.4316514819228713,31.41911167391793,38.11684755251712,14.768289246136728,3293.172,0.91477,6.246148229446522,1.7545026581626977,05260.csv,B0005,139,5260,24,1.7517304870664143,45
4.199398534411534,3.391867015789506,3.551317608213948,2.6926849789916263,0.807531518622028,-1.9148485784393638,0.4329328203091831,31.331626572312267,38.04152715355532,14.805312964989344,3275.328,0.9098133333333334,6.210316132444617,1.7446238642540073,05264.csv,B0005,143,5264,24,1.7418496047960008,46
4.199122915612965,3.389321801243052,3.549003180550162,2.670544734728978,0.8098011143699129,-1.9144128654409127,0.4334053453936525,31.35934131425137,38.17980302242767,14.965001236699614,3265.016,0.9069488888888889,6.1861677464656495,1.738861928453165,05268.csv,B0005,147,5268,24,1.7360913511847138,47
4.190409478081396,3.2399604434797045,3.5597648340955175,2.605158060541757,0.9504490346016912,-1.9388813849818083,0.37779475028402737,34.31088483888259,40.71218198711114,14.064808040941344,3328.937,0.9247047222222222,6.412408120460116,1.7963381260257316,05270.csv,B0005,149,5270,24,1.7936240148573608,48
4.199933846791869,3.3111276397349085,3.5623454342368555,2.672012007453096,0.8888062070569607,-1.927509725704535,0.4046355296077638,33.43585640373788,39.88526123315293,14.18614380073221,3329.266,0.9247961111111112,6.379642018495,1.7858902481387524,05274.csv,B0005,153,5274,24,1.7831890223273277,49
4.199365021329158,3.3328621262920852,3.558336657621618,2.674271233724938,0.866502895037073,-1.9267185977839403,0.40616422458824464,32.66698125020078,39.18287352945846,14.349592447635327,3301.579,0.9171052777777778,6.314810424724099,1.7700748256296013,05278.csv,B0005,157,5278,24,1.7673642076278957,50
4.19902365945384,3.333761215364808,3.554013138622869,2.6309416727017187,0.8652624440890322,-1.9261308349663746,0.40742427517811625,32.28423408691397,38.951564804030774,14.589947971667726,3283.563,0.9121008333333334,6.270513450066385,1.759802301393737,05282.csv,B0005,161,5282,24,1.7570177850353066,51
4.199432142144215,3.3615057492929536,3.552376095886298,2.6629725743154204,0.8379263928512617,-1.9202346781375206,0.42078135455068144,32.00739178780946,38.607510759873634,14.588353315265046,3275.125,0.9097569444444444,6.2312902622187725,1.7496586843283428,05286.csv,B0005,165,5286,24,1.7468706179837907,52
4.199640922827531,3.352855281098351,3.549618661283733,2.612942119873717,0.8467856417291801,-1.9201011498853633,0.4212115321958238,32.06387071886056,38.920359903369054,14.913713409084295,3265.656,0.9071266666666666,6.208654358182036,1.7444839933626877,05290.csv,B0005,169,5290,24,1.7417172507457144,53
4.199305653118061,3.3651520816763276,3.54938103086703,2.6157198442661476,0.8341535714417332,-1.9144278105456467,0.43348048129389816,32.43754560319043,39.23273115358871,14.904692696894362,3266.093,0.9072480555555555,6.1902667784428775,1.7392066611099655,05294.csv,B0005,173,5294,24,1.7364225056478186,54
4.198949734540481,3.3857728598519237,3.547211868041895,2.6287695472774453,0.813176874688557,-1.908340706503589,0.4460659525542236,32.16809876635083,38.9649270684008,14.843335974635167,3257.594,0.9048872222222223,6.1504967043955965,1.7291196877290522,05298.csv,B0005,177,5298,24,1.7263217239235826,55
4.19834220599025,3.408443186054346,3.5467052098640246,2.6655106679421823,0.7898990199359042,-1.902207182631691,0.45818444187146684,32.05752645824972,38.83927283461771,14.867707224154767,3248.593,0.9023869444444444,6.111427878700763,1.7185794654135103,05302.csv,B0005,181,5302,24,1.7158065389330133,56
4.198995776266302,3.4098320971762575,3.544629653883431,2.650495153350403,0.7891636790900445,-1.9020484449938713,0.45891308926795626,31.975920928072714,38.82796377704433,14.992543793027622,3238.766,0.8996572222222222,6.08900370564263,1.713321902647502,05306.csv,B0005,185,5306,24,1.710533351135192,57
4.19916986492694,3.417268005174641,3.5436291614253204,2.643236235233877,0.7819018597522991,-1.8964907679062355,0.47019186364523347,32.21689335291319,39.14007944734004,15.183155569322007,3240.14,0.9000388888888888,6.0721041406452,1.7087878523122688,05310.csv,B0005,189,5310,24,1.706014499648521,58
4.199246833083063,3.421833588845415,3.5444946147995258,2.656450207001938,0.7774132442376476,-1.895971437908019,0.470704689176496,32.55632993697177,39.349611598028886,14.884493588522961,3230.109,0.8972525,6.052907268941263,1.703090640264945,05314.csv,B0005,193,5314,24,1.7003110272642588,59
4.1992551886401595,3.4271424058700943,3.5409201846556857,2.626177688152069,0.7721127827700651,-1.8899648799839277,0.48162375811158153,32.40048085325998,39.29444535878087,15.026593610097127,3229.7810000000027,0.8971613888888896,6.027506290155278,1.6973763911840578,05318.csv,B0005,197,5318,24,1.6945798601797897,60
4.199610827671791,3.438178718052601,3.541195668799061,2.6582230344240045,0.7614321096191903,-1.8893703824420507,0.4829576561026725,32.29371860868794,39.10487658009542,14.961011010615753,3212.469,0.8923525,5.992186732041018,1.687655688706419,05322.csv,B0005,201,5322,24,1.6849029086609286,61
4.1994453812630566,3.465640472585762,3.540671044783382,2.695100237338448,0.7338049086772944,-1.8776883243431417,0.5036968499774821,32.136071448067796,39.0462609369598,15.11217535307512,3213.219,0.8925608333333334,5.95344791018205,1.677283117965155,05326.csv,B0005,205,5326,24,1.6744741591159715,62
4.198991968341307,3.4449859354526846,3.5376048790268775,2.639091813583503,0.7540060328886224,-1.8831065986697755,0.4943331421972539,32.38268549723498,39.398032192832,15.31743685100836,3203.578,0.8898827777777778,5.950118755495469,1.677367579447902,05330.csv,B0005,209,5330,24,1.6745692479879102,63
4.197785116892181,3.467467091298206,3.538422485261741,2.6857210282450983,0.730318025593975,-1.876359921441716,0.5052459745361098,32.30899951427637,39.10678394120843,14.67796740539514,3195.125,0.8875347222222222,5.911338927626321,1.6665168352970694,05334.csv,B0005,213,5334,24,1.663716375981405,64
4.201331130571617,3.4717300013545747,3.53928626988912,2.69017866510873,0.7296011292170426,-1.8709550260104442,0.5151556922537976,32.56636929496717,39.44448954135193,15.115677856881028,3195.312999999994,0.8875869444444429,5.89685591950186,1.6618094081399768,05336.csv,B0005,215,5336,24,1.659013868748246,65
4.199339974904826,3.466070335739485,3.533690170241391,2.639895313359579,0.7332696391653415,-1.8705599868289542,0.5157546970961461,32.46542951751835,39.509602016775695,15.38471662975472,3186.297,0.8850825,5.870096594650038,1.6566671308039331,05340.csv,B0005,219,5340,24,1.6538540573335014,66
4.198916244859707,3.485289154748911,3.534367734544495,2.68991452927918,0.7136270901107964,-1.8640049795794804,0.5263135506152928,32.347056454418095,39.33486536224533,15.354571289445666,3176.438,0.8823438888888889,5.829762731653808,1.6454612041160956,05344.csv,B0005,223,5344,24,1.642653782130131,67
4.198537488587242,3.4800221711184434,3.5312941932103548,2.65935818848874,0.7185153174687984,-1.8636932149873204,0.527087829798622,32.37153894064616,39.43723270017243,15.468049033063124,3167.593,0.8798869444444444,5.808391755451783,1.6406631692652964,05348.csv,B0005,227,5348,24,1.6378578430223698,68
4.198943932259475,3.4875727291181726,3.5309134771684274,2.6657030585650423,0.7113712031413022,-1.857820396301907,0.5368188730291541,32.45549347979197,39.51375235624076,15.476677791782812,3167.719,0.8799219444444445,5.789430024450003,1.6355225678534149,05352.csv,B0005,231,5352,24,1.6327350407099108,69
4.199579806494986,3.4845831403089607,3.5287226893409893,2.642986759012803,0.7149966661860256,-1.8572160981955346,0.5374001902211297,32.50017194695606,39.60170302810528,15.527694982057454,3159.077999999994,0.877521666666665,5.768775189121984,1.6305831995255626,05356.csv,B0005,235,5356,24,1.6277528915533617,70
4.198782234828033,3.4840044121584226,3.52625493581969,2.6311169118893036,0.7147778226696104,-1.8568340008006832,0.5383160191069417,32.50100298369444,39.687463597582074,15.64392691868574,3148.829,0.8746747222222223,5.744812143134751,1.6249041731525151,05360.csv,B0005,239,5360,24,1.622125485521159,71
4.19910517813207,3.508463137681321,3.528684324337005,2.696157404617167,0.6906420404507494,-1.844888650021881,0.5567437022145733,32.4728927422438,39.53535075538898,15.527728304236508,3149.094,0.8747483333333333,5.708751046256081,1.6141735401360386,05364.csv,B0005,243,5364,24,1.6113256603765849,72
4.198510853141954,3.5037872856177814,3.525556939424901,2.6667596238241567,0.6947235675241727,-1.8444180038305806,0.5575503803894236,32.50480154634882,39.6502371632164,15.656774387253893,3140.547,0.8723741666666667,5.6874331065231924,1.6093783928934968,05368.csv,B0005,247,5368,24,1.6065631397488385,73
4.198732430468704,3.500128756881619,3.5226805646793737,2.6403185448373043,0.6986036735870851,-1.8438790389835118,0.558258177729594,32.51218336210202,39.69929058154853,15.721974562839755,3131.625,0.8698958333333333,5.665526443449773,1.6043484793426852,05372.csv,B0005,251,5372,24,1.6015142233917594,74
4.198799630396931,3.517670766414221,3.524673458789008,2.69892986372897,0.6811288639827104,-1.83711254029409,0.5679295356339376,32.45692821941515,39.56076309770468,15.6334984193881,3121.907,0.867196388888889,5.6273781869569905,1.5932105903501057,05376.csv,B0005,255,5376,24,1.590369231400328,75
4.198753541225669,3.5174486086806094,3.5213155754526824,2.6682466504352993,0.6813049325450593,-1.8315957075983758,0.5767088275569217,32.447059186431154,39.63708096307912,15.758326936067931,3122.125,0.8672569444444445,5.606520068740172,1.5886364832867264,05380.csv,B0005,259,5380,24,1.5857889968242211,76
4.200309982421394,3.516013267212138,3.51803386486462,2.6479207279724903,0.6842967152092561,-1.8311195242792309,0.5767399739087574,32.32889654966259,39.43977047692484,15.535222980997112,3121.672,0.8671311111111111,5.598269430363256,1.5877768554948954,05384.csv,B0005,263,5384,24,1.5849430707374117,77
4.201124089732316,3.496983701999225,3.5236841955396794,2.6741633856529066,0.7041403877330907,-1.8432799764914718,0.5590382516984779,32.84488475360107,39.83902225625451,15.36607261658374,3120.86,0.8669055555555556,5.646277397940908,1.5983199793978162,05386.csv,B0005,265,5386,24,1.5955263892495937,78
4.198150316653697,3.5202208637731656,3.519146638240667,2.6892528956736257,0.6779294528805315,-1.829798505957538,0.5781334853154986,32.31731555011648,39.41794949618613,15.603942647419103,3103.828,0.8621744444444445,5.563177599625903,1.5775704607498526,05390.csv,B0005,269,5390,24,1.5747301747801037,79
4.198524048997099,3.5292256839082072,3.516233648608237,2.688809122993162,0.6692983650888915,-1.8236746835609148,0.5877660020442546,32.06376130177751,39.262781682151214,15.85681060594895,3095.094,0.8597483333333333,5.522846592484248,1.5677120784198357,05394.csv,B0005,273,5394,24,1.5649019950937946,80
4.198840869468569,3.5307259447794728,3.514773138461639,2.6743555987897745,0.6681149246890961,-1.8176720770210877,0.5961114455245332,32.21997626855924,39.47237839941986,15.968110198799234,3095.781,0.8599391666666667,5.502999626339016,1.5626347890234094,05398.csv,B0005,277,5398,24,1.5597659473370362,81
4.198119631667182,3.521290948363061,3.5132992979150073,2.6430294964336345,0.6768286833041208,-1.8179238657973993,0.5961445220961885,32.7120225448885,40.03754146951368,16.05129949029376,3094.328,0.8595355555555555,5.501573991125449,1.5623270339266235,05402.csv,B0005,281,5402,24,1.5594815668184234,82
4.198320288264955,3.5235359008769405,3.514484830704665,2.6584858447131823,0.6747843873880144,-1.817160673909645,0.5970349702033854,32.945022147355694,40.142730162011574,15.810713669279608,3086.531,0.8573697222222222,5.486394938692131,1.5575841438159186,05406.csv,B0005,285,5406,24,1.55468935359061,83
4.1980467610750285,3.5255241756932247,3.5109677353595243,2.629782173759164,0.6725225853818038,-1.8110297241968543,0.6051581383309774,32.857549597381336,40.1165626728546,15.905627140819583,3085.625,0.8571180555555555,5.460410060075625,1.5517039247947313,05410.csv,B0005,289,5410,24,1.5488741079890418,84
4.199047008209673,3.5348337871327056,3.5109358749578012,2.6622967647315545,0.6642132210769676,-1.8094435644526072,0.6069013859029623,32.629663328789654,39.87503330866132,15.874609002748517,3067.203,0.8520008333333333,5.420822486326577,1.5410637467478046,05414.csv,B0005,293,5414,24,1.538236598942558,85
4.197669918520713,3.5459029204528467,3.509393098217416,2.682380966742509,0.6517669980678664,-1.8026537331443495,0.6156468293908701,32.379859014262976,39.61961987024145,15.951523771765082,3058.157,0.8494880555555556,5.380457782613522,1.530754432026021,05418.csv,B0005,297,5418,24,1.527914258251028,86
4.197600624105256,3.536266004226858,3.5066782411556563,2.6401894768922713,0.661334619878398,-1.8031542757366412,0.615721903133411,32.68215852457039,40.067324667444815,16.221650457887392,3058.812,0.8496699999999999,5.380485141688905,1.531387926437334,05422.csv,B0005,301,5422,24,1.5285252629756445,87
4.197985718630326,3.5468067055591166,3.5109885623008092,2.693769409137257,0.6511790130712094,-1.7965666438696486,0.6234851437507705,32.99387423636739,40.24716716520102,16.007476027662012,3058.578,0.8496049999999999,5.365015925957813,1.525539323746925,05426.csv,B0005,305,5426,24,1.522647325284378,88
4.198164128530042,3.5480287197333853,3.510305462695178,2.695787450704935,0.6501354087966567,-1.7959771394311956,0.6242659960184778,33.045397072111655,40.30253125568348,15.997992661194733,3049.328,0.8470355555555555,5.345596017946123,1.5203995123152787,05430.csv,B0005,309,5430,24,1.5174859938489869,89
4.222920057935785,3.5250502230997873,3.5222215314850214,2.6920548172137724,0.697869834835998,-1.822916991757235,0.588929965444185,32.856295641052824,40.09418103142496,15.981657536293866,3177.219,0.8825608333333333,5.679568548293075,1.6086429679849255,05433.csv,B0005,312,5433,24,1.605818899130659,90
4.200423045909808,3.494044837570843,3.5163492154331264,2.629071246219689,0.7063782083389651,-1.8294275689587538,0.5799206922442277,33.33950238056361,40.52238496316615,15.803073427021303,3082.937,0.8563713888888889,5.525941928043904,1.5666770365027174,05436.csv,B0005,315,5436,24,1.5638491446744425,91
4.198372063670128,3.5100418364837593,3.5134397623234963,2.631343871050918,0.6883302271863685,-1.816317296828028,0.5976282910241006,33.35156485472646,40.56886357314186,15.83347443465211,3074.266,0.8539627777777778,5.464433733305601,1.5509281327725697,05440.csv,B0005,319,5440,24,1.5480915247767786,92
4.198353213898968,3.5359247595765018,3.515137522009075,2.6983970036642315,0.6624284543224661,-1.8033689952639713,0.6147651065356566,33.147486361012966,40.27804845768325,15.783907580130169,3066.0,0.8516666666666667,5.408053847919242,1.5352511003201919,05444.csv,B0005,323,5444,24,1.5323755631868592,93
4.197873789078739,3.5293508069521953,3.50830390643132,2.6338485871981514,0.6685229821265435,-1.802670753119494,0.6156394846208406,33.007275861749356,40.2921849196155,16.037197977192257,3056.437,0.8490102777777777,5.379735580805939,1.5298334654911283,05448.csv,B0005,327,5448,24,1.5269528268489705,94
4.197955644238241,3.5418570338179896,3.509190808443004,2.671566207861818,0.6560986104202513,-1.7958941337499832,0.6242630120504566,32.91990812745461,40.184384347174266,16.035573712016465,3048.219,0.8467275,5.343712443595248,1.5198305658357811,05452.csv,B0005,331,5452,24,1.5169573017136326,95
4.197918434710392,3.540101144510816,3.5068097579555353,2.6540810507928123,0.6578172901995756,-1.795344963527795,0.6252844674365714,32.99903328622305,40.320066232195046,16.114113851635373,3039.218,0.8442272222222221,5.322789812727107,1.5147978516375917,05456.csv,B0005,335,5456,24,1.511897596014269,96
4.197739340034368,3.5453082349601677,3.50609090727422,2.656849703962618,0.6524311050742004,-1.7893518988259458,0.633010172459049,33.03772281691292,40.336505612651585,16.108291919629117,3039.047,0.8441797222222223,5.30225496265481,1.5094442314987477,05460.csv,B0005,339,5460,24,1.5065638960681105,97
4.19785490446139,3.543070358154518,3.5037157727265953,2.6363048614501152,0.6547845463068716,-1.7883879159763685,0.6338733874724279,33.07740307192613,40.43267631588412,16.175216476849112,3030.375,0.8417708333333334,5.281445667710866,1.5044441128742916,05464.csv,B0005,343,5464,24,1.5015453526671363,98
4.197306756122815,3.5580353781991203,3.5067479961367156,2.69951692300468,0.6392713779236949,-1.7815447770741009,0.6424340150968986,33.05467981523988,40.314538591575015,16.08555278481613,3021.0,0.8391666666666666,5.245320404430181,1.4937377998375865,05468.csv,B0005,347,5468,24,1.4908444050400238,99
4.197528212001444,3.5619975525663654,3.5058813026542324,2.698216006032282,0.6355306594350787,-1.7753115642966961,0.6496163987691415,33.11570360624461,40.386661855917744,16.112565173909875,3021.75,0.839375,5.226254316365284,1.4887810837651128,05472.csv,B0005,351,5472,24,1.485868384561201,100
4.19743662221161,3.5617346249744624,3.504168333530808,2.6911707598773864,0.6357019972371476,-1.7742377662318358,0.650820274975926,33.12942148982364,40.43384612547835,16.173391469187827,3012.265,0.8367402777777777,5.204421249927886,1.483275694734619,05476.csv,B0005,355,5476,24,1.480413677976106,101
4.197717228550219,3.5627431724748324,3.5030568931470634,2.690162319231471,0.6349740560753863,-1.773860289771637,0.6517546907968573,33.130681310493344,40.44479269068758,16.19783853555874,3002.641,0.8340669444444445,5.184214862199955,1.4780664710356215,05480.csv,B0005,359,5480,24,1.4752095869031632,102
4.192454851360723,3.544836812063795,3.4982324882487936,2.6355034454892072,0.647618039296928,-1.7809702419814517,0.6432257233392734,33.20069210329718,40.58499656066617,16.247172369120406,3012.0,0.8366666666666667,5.217622076722037,1.488774719753461,05484.csv,B0005,363,5484,24,1.4859035988304024,103
4.202845001527377,3.5358343175174807,3.5065859365661325,2.6594753656507684,0.6670106840098966,-1.7879098523188452,0.6347436730403643,33.78697527817091,40.99869158762305,15.948003647350099,3020.11,0.8389194444444444,5.268265429268697,1.4990060531812572,05487.csv,B0005,366,5487,24,1.4960918298136696,104
4.197952808231904,3.544628258601667,3.501457140697961,2.644554999824577,0.6533245496302373,-1.780229415660985,0.6442467919526821,33.673365085761986,40.997807625227495,16.152592707094918,3002.172000000006,0.8339366666666683,5.205237376265941,1.4836940985163258,05491.csv,B0005,370,5491,24,1.4808005946928984,105
4.198017952345714,3.556359815036754,3.501658387162809,2.6719601666204564,0.6416581373089603,-1.7731015168894209,0.6524940973483503,33.53581811831714,40.84213757482493,16.15920605507954,2992.703,0.8313063888888889,5.164275378558237,1.472622912706386,05495.csv,B0005,374,5495,24,1.4697543268466824,106
4.192162800008929,3.5574151609154883,3.4966186408455298,2.6598211033173382,0.6347476390934408,-1.7705879947441516,0.655250568309213,33.32269982188509,40.69012464267011,16.248017363517906,2964.468,0.8234633333333333,5.10074321994847,1.456821564654275,05499.csv,B0005,378,5499,24,1.4539012274845928,107
4.196993378341778,3.570394142327151,3.4991645719433246,2.688360455508818,0.6265992360146275,-1.7600629827474803,0.6680517358563886,33.346230327490304,40.69938049882204,16.324218399312,2983.375,0.8287152777777778,5.1032663587705045,1.4570506687226925,05503.csv,B0005,382,5503,24,1.454146206723569,108
4.197603515102162,3.5576975634324772,3.496080777360074,2.6376728619288525,0.6399059516696846,-1.765575132998529,0.6618426180378949,33.64948900485925,41.06026204078849,16.355504868238118,2975.297,0.8264713888888889,5.104470685434934,1.4579051530846372,05507.csv,B0005,386,5507,24,1.455023751906683,109
4.196406678544622,3.5621145720736376,3.4959014526387993,2.645120521151077,0.6342921064709843,-1.7588271887545277,0.6688280176098167,33.79269513542102,41.19696040482682,16.345529219404302,2974.9850000000006,0.8263847222222224,5.082670664301842,1.4519390460066037,05511.csv,B0005,390,5511,24,1.449042163761236,110
4.197098662004674,3.576830514745812,3.497586979902671,2.698012437629632,0.6202681472588618,-1.7516428147438297,0.6770407760388341,33.52446663707275,40.84446688602949,16.26147468791643,2966.25,0.8239583333333333,5.04523279959342,1.441535197256675,05515.csv,B0005,394,5515,24,1.4386709371480566,111
4.196909312093871,3.5772132537111867,3.4956989619989507,2.6928942772989077,0.6196960583826847,-1.7513097768253418,0.677860169431853,33.39042251934235,40.764203830749366,16.382526111918136,2956.359,0.8212108333333333,5.02380400491251,1.4363703191160997,05519.csv,B0005,398,5519,24,1.433445432156979,112
4.197105220217278,3.569684885614067,3.492875380810072,2.6483923655058113,0.6274203346032108,-1.7511840784846122,0.6778637436789006,33.67370212742761,41.11212504270441,16.471713977143565,2956.344,0.8212066666666666,5.021445656116439,1.4363010479982834,05523.csv,B0005,402,5523,24,1.4333958900838095,113
4.196244829545076,3.5763051299071056,3.49551076423368,2.6832134764261997,0.6199396996379707,-1.7446206812145286,0.6848904297582487,33.91080564765892,41.27256611507568,16.3396929755883,2956.406,0.8212238888888889,5.005302837423022,1.4309326540458258,05527.csv,B0005,406,5527,24,1.42806487344776,114
4.1968026018066595,3.5780032001762248,3.4942333590450834,2.684960445221862,0.6187994016304348,-1.7436362428649814,0.6856979354646391,33.7850680599871,41.15574924454392,16.35249544685045,2947.266,0.818685,4.984921553651983,1.42578473977288,05531.csv,B0005,410,5531,24,1.4229203181741186,115
4.196227405416926,3.5782529159417336,3.491197414255986,2.669922120529456,0.6179744894751926,-1.7425325036061037,0.6865929751072052,33.61126807392732,41.03237216951879,16.45379439254465,2937.984,0.8161066666666666,4.960907056314797,1.4202915200747075,05535.csv,B0005,414,5535,24,1.417429032731308,116
4.196558172556389,3.57952648091485,3.4889094081576237,2.664105530655056,0.617031691641539,-1.7419837011363046,0.687505691566351,33.45598581472246,40.937269906716935,16.582329576883208,2929.125,0.8136458333333333,4.9397663764946245,1.4153335483519918,05539.csv,B0005,418,5539,24,1.412409228794446,117
4.196870541112335,3.573309098710338,3.487376295811431,2.634098605983684,0.6235614424019968,-1.7421680980861822,0.687538016943258,33.723267448788484,41.240704611971786,16.62395360828572,2928.454,0.8134594444444445,4.93958875771199,1.415456954946654,05543.csv,B0005,422,5543,24,1.412578792940193,118
4.196795527524874,3.5808535254697578,3.491994243745711,2.68378702970616,0.6159420020551165,-1.735841378420618,0.6944616604006627,34.050076369857344,41.43649987692296,16.4228659785212,2929.375,0.8137152777777777,4.92752631632699,1.4105336923381644,05547.csv,B0005,426,5547,24,1.4075983731469897,119
4.189287343772767,3.5558917253318874,3.491585878898649,2.660031949282934,0.6333956184408795,-1.7567879869499758,0.6716141949745494,33.889346908026745,41.16703904201915,16.007544851372753,2946.031,0.8183419444444444,5.022091461444488,1.4362924898976053,05551.csv,B0005,430,5551,24,1.4333920485221476,120
4.201144545237731,3.551885409283692,3.495576227046425,2.650011641082063,0.649259135954039,-1.7573176114092575,0.6705340304629849,34.067648550088656,41.36216559728765,16.15001469518194,2955.438,0.820955,5.046349223778607,1.4411532327566852,05553.csv,B0005,432,5553,24,1.4382550176792908,121
4.196925753814179,3.5736151200402326,3.4938988589692483,2.6936969083341418,0.6233106337739467,-1.7427628393326555,0.686699579770391,33.75168100943646,41.02198772703674,16.178076418109338,2937.625,0.8160069444444444,4.965911562249644,1.4202402661905456,05557.csv,B0005,436,5557,24,1.4173547174485526,122
4.196901090271507,3.582249809980573,3.49159162968384,2.697073130067154,0.6146512802909343,-1.7352637407600366,0.6944284081835843,33.46482299584788,40.78818812957494,16.31628367966845,2929.078,0.8136327777777778,4.924028358078671,1.4098717460926173,05561.csv,B0005,440,5561,24,1.406981663677643,123
4.196688955833435,3.5821071034262646,3.4885729299834787,2.6806995515145213,0.61458185240717,-1.7344350518111926,0.6953424822644083,33.40210697922146,40.81506138506309,16.479240694160737,2918.375,0.8106597222222223,4.899265835419149,1.4040884709475543,05565.csv,B0005,444,5565,24,1.4012037783587623,124
4.196339302740304,3.5845442528815368,3.4869021151089825,2.6695398084864568,0.6117950498587672,-1.7280392046289716,0.7022316077780136,33.410688917712235,40.858374219876424,16.53394133052405,2919.812,0.8110588888888889,4.880795759144988,1.399608359298767,05569.csv,B0005,448,5569,24,1.3967008232726328,125
4.196181412764837,3.582997063524048,3.4855485210036417,2.671695307817951,0.6131843492407887,-1.7326888725308258,0.6972377722265789,33.38984948261314,40.839876773287166,16.562229350231707,2900.422,0.8056727777777778,4.859842275843864,1.3941729280301334,05573.csv,B0005,452,5573,24,1.391284788852726,126
4.195770804194879,3.585576080990165,3.4838912547260388,2.661289185949965,0.6101947232047142,-1.7260735249920125,0.7040151021068305,33.3700433438796,40.85376069244676,16.614737295186835,2901.375,0.8059375,4.839005937424471,1.3890898805031342,05577.csv,B0005,456,5577,24,1.3862287677978349,127
4.195456241846729,3.59109083848252,3.483198941484065,2.667817533540102,0.6043654033642092,-1.7195393742714093,0.710594941844678,33.27215987470977,40.74795214258888,16.624455012830428,2901.187,0.8058852777777777,4.816395070393215,1.3833026424056674,05581.csv,B0005,460,5581,24,1.3804366761974138,128
4.19654355365607,3.594060583971402,3.4836274447098883,2.684008069130594,0.6024829696846674,-1.7185829844462923,0.7115856854453628,33.222444215660225,40.68794001196382,16.634933596517826,2891.64,0.8032333333333332,4.797910909259677,1.3781229872388638,05585.csv,B0005,464,5585,24,1.3752364150256224,129
4.194357133255019,3.5911079597852744,3.480172442538601,2.6585256208771644,0.6032491734697443,-1.717672415155695,0.7126205209603629,33.26207748383125,40.7810749453613,16.72299274998698,2882.906,0.8008072222222222,4.777249741229466,1.3733895596398806,05589.csv,B0005,468,5589,24,1.3705128024895008,130
4.195863681881766,3.5888120102866528,3.478452148610975,2.6372250579822927,0.6070516715951135,-1.7177080769362936,0.7124313037276296,33.312029905516525,40.88159339768709,16.795206377160195,2883.265,0.8009069444444444,4.775272397477444,1.3733693330387395,05593.csv,B0005,472,5593,24,1.37050855662704,131
4.1955845546644195,3.5942147923006207,3.4785782556105507,2.6514257735606432,0.6013697623637988,-1.7109669363015378,0.7190538318519245,33.25287943255863,40.81191473576834,16.803726034791556,2882.969,0.8008247222222222,4.753877212610102,1.3675993107399473,05597.csv,B0005,476,5597,24,1.3647355108681518,132
4.186574613062876,3.5833415219285625,3.4825195584604582,2.676384659108382,0.6032330911343138,-1.7184206130755166,0.7116002030602223,33.745054045019884,41.11793533148924,16.398389801765447,2891.656,0.8032377777777777,4.799612202077091,1.3782569243514007,05601.csv,B0005,480,5601,24,1.375392016895762,133
4.200346502821317,3.5804307189370586,3.4886823636752826,2.6949138502817815,0.6199157838842582,-1.7260471943596487,0.70406823889181,33.88841975386692,41.248795355864885,16.405715416050413,2901.25,0.8059027777777777,4.846826814816759,1.3889752972903326,05603.csv,B0005,482,5603,24,1.3861115151535393,134
4.1981749992980655,3.592441816132449,3.4858502383832755,2.6973343716306273,0.6057331831656163,-1.712021613408506,0.7180955673190298,33.7353756996425,41.16242984455477,16.58584932902895,2891.703,0.8032508333333334,4.782827602953771,1.3727097052090091,05605.csv,B0005,484,5605,24,1.369850003583894,135
4.195715092938243,3.589331565362288,3.478794177297151,2.642540259937964,0.6063835275759546,-1.711022510206629,0.7190570379830655,33.59131052719714,41.16437554618679,16.824088857786005,2883.016,0.8008377777777778,4.755795379810914,1.3676557860581946,05609.csv,B0005,488,5609,24,1.3647827949260758,136
4.195755769877104,3.6022883230364853,3.4812826020756744,2.699226257883075,0.5934674468406191,-1.703421414006958,0.7264082658567215,33.32366688599416,40.864216180205034,16.834078143384914,2873.453,0.7981813888888889,4.719067232143142,1.3572049541937385,05613.csv,B0005,492,5613,24,1.3543220466259964,137
4.195911764444989,3.59702121364665,3.480352041587074,2.676480329780849,0.5988905507983389,-1.703574708739156,0.7262019250374426,33.691961507697364,41.25434553511566,16.861686934549006,2874.031,0.7983419444444444,4.7206654582317675,1.3575443000991398,05617.csv,B0005,496,5617,24,1.3546417018378962,138
4.195824004004723,3.592312208409236,3.4781127815565127,2.642142168479886,0.603511795595487,-1.7034912994217157,0.726374550595392,33.887639684793655,41.45023191903855,16.802419719130263,2874.234,0.7983983333333333,4.719115955034919,1.3575874531026295,05621.csv,B0005,500,5621,24,1.354703921319241,139
4.196258226051591,3.5955001194302834,3.4765867130506125,2.644725254926797,0.6007581066213077,-1.7023383270190764,0.7274936186035834,33.67308060941856,41.27708509224051,16.87725979246974,2864.984,0.7958288888888889,4.696913397382726,1.3522018582632493,05625.csv,B0005,504,5625,24,1.349314997503458,140
4.196612664794988,3.5968234611620575,3.4733769291841643,2.632270655366611,0.5997892036329304,-1.7014238498912502,0.7284124959732013,33.411988203265814,41.06460515498328,16.992861173350615,2855.093,0.7930813888888888,4.673992832132637,1.347071431342232,05629.csv,B0005,508,5629,24,1.3441891937970554,141
4.195850781215982,3.6018356753071044,3.4726366397371136,2.6391006118876117,0.5940151059088774,-1.6950436046971957,0.7345611096739674,33.29926524979532,40.99284868101728,17.119459396598053,2855.625,0.7932291666666667,4.653226649090479,1.34191315939146,05633.csv,B0005,512,5633,24,1.3389913790695755,142
4.1960023929619235,3.599344813796693,3.473439372740961,2.637841830893275,0.5966575791652304,-1.695057731610264,0.7347721783758081,33.59980731390034,41.29040553417739,17.121427830143784,2855.594,0.7932205555555556,4.654886762982607,1.3418085169493579,05637.csv,B0005,516,5637,24,1.3389145230206971,143
4.196207586734141,3.6035790390364575,3.4754777099091454,2.668286095904868,0.5926285476976831,-1.6937809113323188,0.735613407109479,33.61961195858585,41.22740227746052,16.94311747166904,2847.437,0.7909547222222222,4.639183381608168,1.336879889637332,05641.csv,B0005,520,5641,24,1.3340066759761655,144
4.195534582569042,3.605860961214576,3.4722884821666766,2.6490198126838553,0.589673621354466,-1.6869434054016965,0.7418705913426481,33.3945201718652,41.04619550953222,17.04025565649095,2847.36,0.7909333333333334,4.615293273324765,1.331537704388447,05645.csv,B0005,524,5645,24,1.3286444309174914,145
4.1957439573980455,3.6105078495292338,3.471373665098864,2.664058512378051,0.5852361078688118,-1.6860649112944592,0.742747592613886,33.16734508187535,40.85874389007758,17.143683343394873,2837.328,0.7881466666666667,4.593397922635683,1.326100824288564,05649.csv,B0005,528,5649,24,1.323170899227622,146
4.19586805747139,3.61626290751396,3.4726160162875095,2.6883611693898826,0.5796051499574304,-1.6795829780331424,0.7486911075587083,33.10962161613893,40.79196924883506,17.228407654001725,2837.281,0.7881336111111111,4.575873731653438,1.321089274209887,05653.csv,B0005,532,5653,24,1.3181691588445197,147
4.195347750909715,3.613479485589363,3.4738146874457896,2.6869753836302124,0.581868265320352,-1.679793840292355,0.7488533717853918,33.46501751186519,41.14127834456325,17.186069363811743,2838.515,0.7884763888888888,4.5796484992476945,1.321461030682844,05657.csv,B0005,536,5657,24,1.3184664436640334,148
4.196065828878837,3.607069040532739,3.4701426486639693,2.6507536817766586,0.5889967883460976,-1.6851739865098712,0.7438768164764807,33.4426191014044,41.14429319149828,17.176490366648455,2828.328,0.7856466666666666,4.575742383103892,1.3212235933130205,05661.csv,B0005,540,5661,24,1.318293040102702,149
4.184534803011309,3.602312680677842,3.467523652225441,2.6646322789106516,0.5822221223334672,-1.6863812036302581,0.7428319626634493,33.037928170775885,40.66184230912503,17.072154831229017,2838.265,0.7884069444444444,4.591918126979543,1.3267859444088326,05665.csv,B0005,544,5665,24,1.323872422244268,150
4.201240476440081,3.5779277610645233,3.4767525840839255,2.6400211837268666,0.6233127153755573,-1.715777469309528,0.7147439225571014,33.4949493613756,41.04669454497069,16.80901297546482,2864.547,0.7957075,4.738615949943115,1.3629880512957584,05668.csv,B0005,547,5668,24,1.3601216766554785,151
4.195703567262997,3.593974644865168,3.4758956827369127,2.674198661305034,0.6017289223978293,-1.7007216920098716,0.7293490278732818,33.491363029025784,41.0462053156659,16.878831157267893,2846.39,0.7906638888888888,4.661445466006963,1.342470492419523,05672.csv,B0005,551,5672,24,1.3395306867947354,152
4.195744519551191,3.60427474021818,3.475812179626641,2.696427051131168,0.591469779333011,-1.6928138295817332,0.7367700122619931,33.329808599922345,40.8683026432256,16.880907780114505,2837.969,0.7883247222222223,4.621676220581529,1.3319227509015548,05676.csv,B0005,555,5676,24,1.3290286565120697,153
4.196363050482315,3.608769672096698,3.4746554404904435,2.6928340297696836,0.5875933783856171,-1.6861104874993165,0.7427756192144795,33.27302769298771,40.85283588259973,16.977374398073017,2838.156,0.7883766666666666,4.60009947781392,1.3266040129628967,05680.csv,B0005,559,5680,24,1.3236741274998955,154
4.1957929878569455,3.6093877067067006,3.472301781313945,2.681747855329962,0.5864052811502449,-1.685043785043406,0.7437386119488855,33.229879126701434,40.85270645265791,17.052224205928912,2829.843,0.7860674999999999,4.578908952211672,1.3215790821926703,05684.csv,B0005,563,5684,24,1.318633896753293,155
4.195797286482793,3.614933900308572,3.4729305773503527,2.696791414385091,0.580863386174221,-1.678524839793589,0.7497527985378388,33.20860833999321,40.8263251809212,17.073884711003092,2829.625,0.7860069444444444,4.5601627455345985,1.3164267323866903,05688.csv,B0005,567,5688,24,1.3134751321324272,156
4.196349384378125,3.609023225479784,3.4696192030612285,2.664695973142795,0.5873261588983416,-1.6839115230941766,0.7449043048958416,33.236115055926255,40.90308836809665,17.13240503208761,2819.437,0.7831769444444444,4.556156460489332,1.3160961812271215,05692.csv,B0005,571,5692,24,1.3132020634442203,157
4.195609431921248,3.6143313479608823,3.470018470757559,2.679191623358613,0.581278083960366,-1.6773783325850857,0.7507201142394083,33.18660088296571,40.84337405460518,17.144633756028966,2819.579,0.7832163888888889,4.536387367994077,1.3107607016077947,05696.csv,B0005,575,5696,24,1.3077959946944353,158
4.195339917236225,3.61782445722146,3.470762691935286,2.699983457940659,0.5775154600147654,-1.676425373206175,0.7517330528835424,33.174058099115534,40.81792110626284,17.136595173963784,2810.672,0.7807422222222222,4.519646105396643,1.3059667724194781,05700.csv,B0005,579,5700,24,1.3030329186405918,159
4.1954020570061195,3.6130872104738954,3.468111467035994,2.666300786624286,0.5823148465322241,-1.67627880896028,0.7519156881213356,33.253984518546055,40.946993847659506,17.198414586714662,2811.485,0.7809680555555556,4.518332917383193,1.3062665691898214,05704.csv,B0005,583,5704,24,1.3033573559038203,160
4.195685302232799,3.6070395495118257,3.4648625780221494,2.6308501373847837,0.5886457527209732,-1.6817992883033976,0.7468204737683256,33.3198093248819,41.07493805830632,17.285859160446186,2802.422,0.7784505555555555,4.515710618127537,1.3063229222545858,05708.csv,B0005,587,5708,24,1.3034100438655642,161
4.195561297751176,3.61490941179153,3.467864133752208,2.673348140468748,0.5806518859596461,-1.6750812261110137,0.7527506827263925,33.33765795318198,41.02476444658572,17.19730437991873,2801.625,0.7782291666666666,4.498416000540264,1.300829841498388,05712.csv,B0005,591,5712,24,1.2978870806495706,162
4.196066962029683,3.6109037542764746,3.464021404592563,2.632763831012711,0.5851632077532081,-1.675366426273468,0.7525779859252639,33.29076744042025,41.06214198725253,17.323911601596258,2802.031,0.7783419444444444,4.495092195696156,1.3010620975626161,05716.csv,B0005,595,5716,24,1.2980735056918902,163
4.196640912532072,3.615560501886754,3.4664623858156745,2.6687371180046218,0.5810804106453178,-1.6744879201095209,0.7536990836142821,33.27568841807217,40.98366325567302,17.24755058432845,2793.39,0.7759416666666666,4.480587160854473,1.2964529220440137,05720.csv,B0005,599,5720,24,1.293463613844243,164
4.1956235749123225,3.621191032853697,3.46850906693551,2.696396337945361,0.5744325420586254,-1.6674467270234996,0.7597499398316081,33.32067807371405,40.98234242711097,17.182076783560053,2793.39,0.7759416666666666,4.462561539360953,1.29095770818731,05724.csv,B0005,603,5724,24,1.288003392619118,165
4.195862008850563,3.619185104906403,3.466806213058136,2.679483486292519,0.5766769039441599,-1.6674702882406252,0.7599494093003731,33.37314972896719,41.06375085817118,17.214629087918496,2792.485,0.7756902777777778,4.458954972949582,1.2903909497267576,05728.csv,B0005,607,5728,24,1.2874525221379407,166
4.18482689434833,3.5953649734437896,3.471070722008039,2.6787137407179737,0.5894619209045402,-1.6888978346592105,0.7406357353840045,33.71351889594897,41.047029587744966,16.125072121570387,2802.016,0.7783377777777778,4.547121975075507,1.31190305243946,05732.csv,B0005,611,5732,24,1.3090153642307354,167
4.201968615940368,3.5899373887616655,3.475472204020004,2.655378369801326,0.6120312271787025,-1.6979281889133206,0.7326261071163669,33.86531768239223,41.051007697556734,15.957710564427973,2820.39,0.7834416666666666,4.6112125267366455,1.3279848915634402,05734.csv,B0005,613,5734,24,1.3250793286429356,168
4.199359521791473,3.062112709085676,3.522006703394617,2.145975766935391,1.1372468127057975,-1.8691188840185695,0.4765076285696696,32.62485875142121,40.59042914535701,16.666355581259555,3690.234,1.025065,6.789434464560018,1.9190294812778448,05738.csv,B0007,1,5738,24,1.89105229539079,1
4.198257409594461,3.0792262382335167,3.5319490434317116,2.1110166987852117,1.1190311713609447,-1.8680422715350309,0.4778200874778309,32.738209593287145,40.26023408628707,15.999127376410875,3672.344,1.0200955555555555,6.771935193256955,1.9086149529356091,05740.csv,B0007,3,5740,24,1.880637027686859,2
4.198280074112568,3.0632655470968633,3.5344025220217845,2.0251085128182655,1.1350145270157048,-1.877784734502072,0.45959674206821344,32.68511456550919,40.27558633997852,15.956582947445817,3651.641,1.0143447222222222,6.77298174018995,1.9086150443129846,05742.csv,B0007,5,5742,24,1.8806626717011388,3
4.197941750771344,3.0394209081813037,3.53492504932652,1.922542180649595,1.1585208425900402,-1.8875256535871225,0.4403601314030101,32.554748499572646,40.29314715799111,16.069568433104035,3631.563,1.0087675,6.7707187409792144,1.9087924075676441,05744.csv,B0007,7,5744,24,1.8807709009833444,4
4.198464224146956,3.0431671777523723,3.534536640068787,1.871159045064988,1.1552970463945833,-1.8871559747738404,0.440591196422929,32.46787845303298,40.26887263021979,16.130565023174658,3629.172,1.0081033333333334,6.764758586702278,1.9073013015924793,05746.csv,B0007,9,5746,24,1.8794508728285055,5
4.197902988175172,3.1233879823287563,3.5411626672196816,2.1756867065903434,1.0745150058464157,-1.8675154082122565,0.478755396723532,32.48624734055599,39.67620802332074,15.540367311636476,3652.281,1.0145225,6.747854749148299,1.8975851087731508,05748.csv,B0007,11,5748,24,1.8807003517117404,6
4.197891547056767,3.1185821288267825,3.541165612176161,2.1117887156019437,1.0793094182299847,-1.8673304059806155,0.47871973809675844,32.55779966353037,39.80381766292616,15.548301676254784,3650.828,1.0141188888888888,6.745923115825768,1.8968013562318675,05750.csv,B0007,13,5750,24,1.8799352523566075,7
4.19920088820775,3.0484292097717485,3.5494581176357975,2.026250619894166,1.1507716784360018,-1.9063154499484403,0.39895726438801615,32.45374435641106,39.88810476942348,15.58515262445744,3572.453,0.9923480555555555,6.750169011081445,1.8983109837889882,05752.csv,B0007,15,5752,24,1.8815088124038797,8
4.198273632768149,3.0162462022532277,3.550280546407974,1.9505894332906035,1.1820274305149217,-1.9164259300038171,0.3754267038591207,32.373246444985035,39.95162250671474,15.694091574527846,3550.594,0.9862761111111111,6.743937188969026,1.8974565509464885,05754.csv,B0007,17,5754,24,1.8696907870385844,9
4.198830761298339,3.005452831952688,3.5481347674910286,1.868824706765806,1.193377929345651,-1.9165016044519982,0.37519732568897796,32.30534276235138,40.05202185471829,15.8624381417021,3551.25,0.9864583333333333,6.7418005356578465,1.8979824996199643,05756.csv,B0007,19,5756,24,1.870052380139199,10
4.198720291823363,2.966533480141811,3.5484272148956437,1.7896213776724978,1.2321868116815518,-1.926771167846017,0.3493180384851065,32.183319483399806,40.1213838436794,16.05872809154238,3530.25,0.980625,6.73684605458164,1.8978182133806858,05758.csv,B0007,21,5758,24,1.8700442394188577,11
4.198945227315025,2.9583476203190093,3.5560433603714667,1.910336108594535,1.2405976069960154,-1.936979366983281,0.32129244449448424,32.378853181816005,40.174657039770814,15.839778549030918,3491.016,0.9697266666666667,6.708004507865958,1.8874661545337479,05761.csv,B0007,24,5761,24,1.8596518987766364,12
4.1990513028067955,2.896976191688246,3.5604849642800684,1.9086884059809104,1.3020751111185493,-1.947065774665518,0.2890267632788191,32.2913249500013,40.016434730174936,15.664364855408312,3470.281,0.9639669444444444,6.708691704147775,1.886953396242264,05763.csv,B0007,26,5763,24,1.8590746560862208,13
4.197967675754507,2.8760046514911854,3.5562872542469752,1.7868782934275431,1.3219630242633214,-1.946961601670498,0.28914293139850245,32.14782797344657,40.16569230743226,16.040501820639797,3470.0,0.9638888888888889,6.699986179131589,1.886728670361506,05765.csv,B0007,28,5765,24,1.8590084577709232,14
4.19925638222589,2.9490333218639506,3.5647746218187324,2.1361343961784502,1.2502230603619395,-1.946851050742258,0.28972612488972677,32.01380948237792,39.46139677634257,15.388895666428816,3450.297,0.9584158333333334,6.677306716245749,1.8759711783647024,05767.csv,B0007,30,5767,24,1.8593622586957048,15
4.198809496382092,2.817578542562853,3.565438928797127,2.0133501283179167,1.3812309538192387,-1.957406371900557,0.2523975612854689,31.881310103471357,39.5636595172155,15.62552760054697,3429.407,0.9526130555555556,6.6701588058062455,1.8754208508926606,05769.csv,B0007,32,5769,24,1.8587355450601035,16
4.19879257501117,1.8575547668336485,3.565961679108638,1.8575547668336485,2.341237808177522,-1.9680136940585706,0.2071553451064679,31.854304304240515,39.628948319501816,15.696931604835171,3409.484,0.9470788888888889,6.653374361102632,1.869973696731274,05771.csv,B0007,34,5771,24,1.847817291322145,17
4.1985172274243965,2.1657556124208934,3.572496559005355,2.1657556124208934,2.032761615003503,-1.9680499927642308,0.20784742374409607,31.856555404576753,39.22534721491488,15.24852742446945,3390.422,0.9417838888888889,6.627773202491118,1.8595965985300906,05773.csv,B0007,36,5773,24,1.8485252916137047,18
4.198141640180731,2.0270686341513207,3.5699492020415136,2.0270686341513207,2.1710730060294106,-1.9680218912213907,0.20774034620382403,31.867182607083926,39.4126321606434,15.431856465622996,3390.281,0.9417447222222222,6.622933769749248,1.8594934150547346,05775.csv,B0007,38,5775,24,1.848378951850034,19
4.196060627765756,2.990508602000316,3.5464338449590023,1.905311669649934,1.20555202576544,-1.9066656790606797,0.39806447016393737,32.35216872128999,39.95874037686836,15.600055153210043,3591.734,0.9977038888888888,6.78422947834745,1.9087580832358868,05778.csv,B0007,41,5778,24,1.8807805437609768,20
4.196697192985168,2.9244436686756003,3.5531968089006387,1.7951975189442124,1.2722535243095674,-1.9267118604677658,0.34835350913108376,32.60219299451182,40.31302300333008,15.662765335292459,3552.297,0.9867491666666667,6.788565185044576,1.90933757459781,05782.csv,B0007,45,5782,24,1.88147215974436,21
4.196951235755862,2.985701673091382,3.5599340214678805,2.1058524852518143,1.2112495626644804,-1.9260915660103672,0.34941771040077757,32.19571819720114,39.359447242364645,15.053173267627713,3531.578,0.9809938888888888,6.759032566671402,1.8977991805073422,05786.csv,B0007,49,5786,24,1.8810954313244783,22
4.196666467438727,2.8624482917296183,3.5595604968238,1.846021007590992,1.334218175709109,-1.9468340181835688,0.2883145257229726,31.805988160181123,39.454159451189874,15.507445469034277,3492.907,0.9702519444444445,6.749769979363802,1.8988743799039813,05790.csv,B0007,53,5790,24,1.8710089649779995,23
4.1966416719103465,2.9139323032496045,3.552385161941813,1.7370300333706354,1.282709368660742,-1.9364196896718646,0.32067412080801433,31.737001978644926,39.64174827400944,15.846643335728839,3511.594,0.9754427777777778,6.739468507067624,1.8980061904892398,05794.csv,B0007,57,5794,24,1.8701995151941375,24
4.1971302559922,2.0506492642329937,3.5707670304281067,2.0506492642329937,2.1464809917592067,-1.9675984733558025,0.20673220237051412,31.51707667966367,38.86906912217273,15.15061210445716,3431.937000000006,0.9533158333333349,6.703873729649672,1.8818429649996573,05798.csv,B0007,61,5798,24,1.8706715362800983,25
4.196450282799754,1.8254369744762284,3.5657224847439295,1.8254369744762284,2.3710133083235254,-1.9680130544442065,0.20657881093433816,31.442860781038384,39.11839966443177,15.4765640586654,3431.125,0.9530902777777778,6.694608974354448,1.88181767290633,05802.csv,B0007,65,5802,24,1.8596124644020169,26
4.196790308710931,2.134879000684994,3.5712835067487094,2.134879000684994,2.0619113080259366,-1.9675572757550353,0.20736445048718527,31.32326275303232,38.68010761281634,15.160214837478986,3412.406,0.9478905555555556,6.666595714140784,1.8711852727550637,05806.csv,B0007,69,5806,24,1.860033909718346,27
4.196693048697735,1.970455493406623,3.5679716274891398,1.970455493406623,2.2262375552911124,-1.967618505240168,0.2071378770938514,31.28571570579735,38.863045678198645,15.395785995925582,3410.688,0.9474133333333333,6.657658351293735,1.8703076498430444,05810.csv,B0007,73,5810,24,1.8591653109160768,28
4.197078923354,1.813269430976001,3.5646314038791784,1.813269430976001,2.383809492377999,-1.9678214300979182,0.2071231422713658,31.331850868998007,39.14531169811219,15.653113357750613,3410.718,0.9474216666666666,6.652373282495423,1.8704857871803453,05814.csv,B0007,77,5814,24,1.8481398178778288,29
4.196062203382386,2.0483657324095637,3.568983888921194,2.0483657324095637,2.1476964709728223,-1.9675056354779954,0.20762918561060117,31.32285733932258,38.8380564174779,15.32693138064051,3392.719,0.9424219444444445,6.624137179951854,1.8603470811914906,05818.csv,B0007,81,5818,24,1.849201702126164,30
4.206370624421659,2.8828887698944623,3.564620688944316,2.181560983985832,1.3234818545271967,-1.9683447778186904,0.2054892980783275,31.608436452122476,38.95965174080089,15.43241561348271,3470.672,0.9640755555555556,6.780118866357346,1.9021626275166132,05822.csv,B0007,85,5822,24,1.8834677437950849,31
4.203187727641822,2.1177799354077496,3.5694388142217837,2.1177799354077496,2.0854077922340726,-1.9788067754387157,0.14718865308881668,31.782101501165204,39.053875772291974,15.099581562958374,3414.109,0.9483636111111111,6.702715077597239,1.878985300422826,05826.csv,B0007,89,5826,24,1.8628211117905844,32
4.202855529853741,2.1637448793153697,3.568742147335628,2.1637448793153697,2.039110650538371,-1.9785908218423578,0.14732040327269164,31.51504198920288,38.699551697978606,14.965480258381245,3395.219,0.9431163888888889,6.663287109836762,1.8683425226100385,05830.csv,B0007,93,5830,24,1.852085039652352,33
4.2027504558714135,2.0456561472058055,3.5642424070467817,2.0456561472058055,2.157094308665608,-1.9784335668087778,0.14746473891250106,31.13866351339678,38.6052414906155,15.295433527231793,3386.0,0.9405555555555556,6.636505189849409,1.8631638033831983,05834.csv,B0007,97,5834,24,1.8469504648208708,34
4.202497792748939,2.1356202266992863,3.5653038098527605,2.1356202266992863,2.0668775660496523,-1.9781601679702336,0.14798217514006312,31.068710515588776,38.42604747702835,15.120099267077283,3368.187,0.9356074999999999,6.602468444353949,1.8530972590844654,05838.csv,B0007,101,5838,24,1.836828431169018,35
4.20243913428064,2.042987153745025,3.565432167703823,2.042987153745025,2.159451980535615,-1.9783765899690637,0.1478962003317654,31.618244836823447,39.0468968949422,15.307890639243656,3368.266,0.9356294444444445,6.603771377505247,1.8533755025082148,05842.csv,B0007,105,5842,24,1.8371619619672277,36
4.2027151718379345,1.978616239411895,3.5622303163451425,1.978616239411895,2.2240989324260396,-1.9780771457931066,0.1482788677083578,31.331528063668397,38.83676495861389,15.349142181547226,3358.719,0.9329775,6.578203848493087,1.8478823586231066,05846.csv,B0007,109,5846,24,1.8316722583718856,37
4.203023971708643,2.15845357648832,3.564481026852489,2.15845357648832,2.0445703952203234,-1.9780971417908424,0.14864545502326573,31.132569191182146,38.49981470604549,15.24021628060099,3339.5,0.9276388888888889,6.54458780150221,1.837328948442241,05850.csv,B0007,113,5850,24,1.8211470951317783,38
4.202697887601401,2.092603698932653,3.561614556780574,2.092603698932653,2.110094188668748,-1.977978349880126,0.14875595211669995,30.972969676157927,38.582340147970775,15.56066463620051,3331.265,0.9253513888888889,6.522834742251911,1.832695307479773,05854.csv,B0007,117,5854,24,1.816506091511515,39
4.202582706720855,2.1528886431678034,3.5630587459190144,2.1528886431678034,2.0496940635530514,-1.9784334957218421,0.1489055046765652,31.1990648511682,38.787499833494046,15.597720265983767,3321.188,0.9225522222222222,6.507078156427931,1.8275277284905886,05858.csv,B0007,121,5858,24,1.8113815601504557,40
4.203035094861703,2.0537418826405966,3.5629534367704405,2.0537418826405966,2.1492932122211066,-1.9782873833989176,0.14909494606505935,31.722267598269813,39.31221126031847,15.56558343519498,3321.844,0.9227344444444444,6.507683177848435,1.8277691559641205,05862.csv,B0007,125,5862,24,1.8116056333939583,41
4.202608242479543,2.0793300586339956,3.563446012076242,2.0793300586339956,2.1232781838455472,-1.9781961432676647,0.14917678730582615,31.900827580605675,39.40567993360536,15.423484394813784,3311.828,0.9199522222222222,6.488867204927209,1.8221936236007856,05866.csv,B0007,129,5866,24,1.8060548955557405,42
4.19612459601344,2.0759793304520757,3.563998342345823,2.0759793304520757,2.120145265561364,-1.9670969462670498,0.2096492212121145,31.5372402498617,39.32802757827611,15.614298016574146,3327.391,0.9242752777777778,6.486171873839956,1.8242584407474904,05870.csv,B0007,133,5870,24,1.8132041826994056,43
4.2042954628954305,2.0674349483094465,3.5604902283110547,2.0674349483094465,2.136860514585984,-1.978121464370373,0.14917033885171008,31.24662583059252,38.6112528181758,15.09025420150483,3312.078,0.9200216666666666,6.483966529554647,1.8222968709239156,05872.csv,B0007,135,5872,24,1.8062641938283537,44
4.201835131331625,2.037264031192436,3.5567002097886946,2.037264031192436,2.1645711001391885,-1.9780364457328714,0.14964116586615345,30.939399361884792,38.569726951286874,15.497258361080185,3293.172,0.91477,6.4396777007948875,1.8118306786592218,05876.csv,B0007,139,5876,24,1.7958310249900458,45
4.202901194454151,2.1632674190148338,3.558412726344602,2.1632674190148338,2.0396337754393175,-1.977935781469453,0.15018937467941154,30.884857004354572,38.34572083526661,15.362080616746269,3275.328,0.9098133333333334,6.407012477669587,1.801895827499061,05880.csv,B0007,143,5880,24,1.7858852600390451,46
4.201756108371374,2.106631526845483,3.556136820956992,2.106631526845483,2.0951245815258908,-1.9780170042003,0.15013792165883974,30.920682316695828,38.48254063494672,15.512617656229828,3265.016,0.9069488888888889,6.38329259609649,1.796311290604812,05884.csv,B0007,147,5884,24,1.780326860450275,47
4.191916354433964,2.1809272860788376,3.568999942180493,2.1809272860788376,2.0109890683551264,-1.9779140108313502,0.14881074551152107,33.880577817079796,41.0499421893331,14.583899331419591,3328.937,0.9247047222222222,6.5318709342973476,1.8312780528780859,05886.csv,B0007,149,5886,24,1.8150756899575575,48
4.203330153285592,2.1773498094527195,3.571059290544873,2.1773498094527195,2.025980343832872,-1.978162017642311,0.1487919577838864,33.038339318294426,40.361944885615415,14.979621734686656,3329.266,0.9247961111111112,6.537088661397099,1.8317383060861465,05890.csv,B0007,153,5890,24,1.815702515484584,49
4.20248271441994,2.180136101967249,3.5666921284622095,2.180136101967249,2.022346612452691,-1.9779553399945098,0.14944393853074256,32.27329169539202,39.6676965288026,15.165786428224568,3301.579,0.9171052777777778,6.474009221241966,1.8163173679165368,05894.csv,B0007,157,5894,24,1.800243217805667,50
4.203276539809248,2.1286295199076855,3.563327431073248,2.1286295199076855,2.0746470199015623,-1.9779914337720734,0.14982717580366306,31.937919783481355,39.481181404811096,15.438060113198233,3283.563,0.9121008333333334,6.432644438382921,1.8064343691663285,05898.csv,B0007,161,5898,24,1.7904476205609308,51
4.202580870413733,2.819149313537842,3.5590146214829015,2.155901281560187,1.3834315568758915,-1.9721889844228178,0.18347784052311344,31.688686599521045,39.4190511430692,15.69427892332228,3275.125,0.9097569444444444,6.398430607115168,1.7990139355200934,05902.csv,B0007,165,5902,24,1.780343032300132,52
4.203244171517053,2.7914986722149657,3.5566945836342914,2.067103728219671,1.411745499302087,-1.9723254573804139,0.18368310473563856,31.779120691032947,39.72196117128354,15.98362318404791,3265.656,0.9071266666666666,6.37618433218584,1.7939851787233856,05906.csv,B0007,169,5906,24,1.775328769596812,53
4.202697222668131,2.912699551286945,3.555013984911923,2.0619831864543094,1.2899976713811858,-1.9668382736785281,0.21183042025640444,32.133873372089305,40.041366724781085,15.972056052660534,3266.093,0.9072480555555555,6.358403193718278,1.7889281717647345,05910.csv,B0007,173,5910,24,1.770262973473285,54
4.202581421564202,2.99598771253577,3.5526373754067415,2.143037413381466,1.2065937090284318,-1.960929600351624,0.23695032099061025,31.889431533099835,39.66314441864834,15.805766866339667,3257.594,0.9048872222222223,6.320704857288989,1.7787307955733103,05914.csv,B0007,177,5914,24,1.760081061854204,55
4.201127463298259,2.97267687251875,3.547186025484395,1.992905798820928,1.228450590779509,-1.9607588424014128,0.23724478338724067,31.81736328028127,39.84751541049116,16.10837799766897,3248.593,0.9023869444444444,6.2931659699250835,1.773681879543898,05918.csv,B0007,181,5918,24,1.749647593537689,56
4.202508747096239,2.981408978015783,3.546814755244375,2.0335961968180234,1.221099769080456,-1.9607439129501683,0.23759808952760889,31.72316205746117,39.74335777163101,16.15936289794326,3238.766,0.8996572222222222,6.273455387415639,1.7683787460637164,05922.csv,B0007,185,5922,24,1.749650075059311,57
4.202197348597037,3.0307473063064005,3.5447850172972655,2.0213017345171265,1.1714500422906369,-1.9550964299704845,0.2599396573864495,31.957150654392294,40.07246786936068,16.364239524892664,3240.14,0.9000388888888888,6.256226412886116,1.763759718548529,05926.csv,B0007,189,5926,24,1.745028739214683,58
4.202490707154508,3.0390623366854363,3.5465215420964156,2.0789964919635966,1.163428370469072,-1.955058998571939,0.26015270676704666,32.29917704213345,40.247716114003914,16.031728404006035,3230.109,0.8972525,6.239813068938486,1.7583083669215216,05930.csv,B0007,193,5930,24,1.739645745528673,59
4.20211186646044,3.073271766798443,3.540832547654255,1.9925354808829656,1.1288400996619967,-1.9491545130405277,0.2803310315268704,32.128842946565555,40.27220819224188,16.25361169867974,3229.7810000000027,0.8971613888888896,6.212101547614825,1.752583536307419,05934.csv,B0007,197,5934,24,1.7285642277717963,60
4.202924241129693,3.0987788360066437,3.5429925113583938,2.14041602578448,1.1041454051230497,-1.9485230174751031,0.28143357750326536,32.021134355757404,39.89848456781458,16.03032683688317,3212.469,0.8923525,6.179917969286194,1.7426147065341895,05938.csv,B0007,201,5938,24,1.723900324588418,61
4.202395835117333,3.1213682588066063,3.5360811169860216,2.006753861515003,1.0810275763107264,-1.9431227050969841,0.30033326334108135,31.859048861486652,40.0571305311587,16.37785811404879,3213.219,0.8925608333333334,6.153814617791076,1.7380315936991801,05942.csv,B0007,205,5942,24,1.7139788776485192,62
4.2025695620076915,3.134628907491469,3.5392436935272635,2.121868132176415,1.0679406545162227,-1.9430080085541772,0.30075533650177444,32.16100333536097,40.240711749549135,16.400366473834847,3203.578,0.8898827777777778,6.140230112759754,1.732681618930308,05946.csv,B0007,209,5946,24,1.7139701997004613,63
4.201287153879833,3.121005705744245,3.5348237062932575,2.0119648758828452,1.080281448135588,-1.9425165961920092,0.30141637636855023,32.10276048728767,40.12941739090177,15.890294695716655,3195.125,0.8875347222222222,6.115219510052238,1.727775052919274,05950.csv,B0007,213,5950,24,1.7036521173638766,64
4.203984334358096,3.1645013695815067,3.5366477402090606,2.0744390946376323,1.0394829647765893,-1.9370190075205085,0.3190762556693421,32.33880662180898,40.3959693732437,16.295220273569935,3195.312999999994,0.8875869444444429,6.102542460406299,1.722745034667163,05952.csv,B0007,215,5952,24,1.7040137474382486,65
4.20220228055958,3.210026375746328,3.5352062840980913,2.188793384556236,0.9921759048132519,-1.9310192096578356,0.3363260807470921,32.21373014824893,40.18751058333668,16.29296543316817,3186.297,0.8850825,6.064240838548212,1.7123397579890853,05956.csv,B0007,219,5956,24,1.6935716157343033,66
4.201755934400281,3.2105896114065064,3.5329852237553396,2.1739523632140685,0.9911663229937746,-1.9304738354803441,0.33660133598829284,32.09949526722965,40.14605167557969,16.398678917323668,3176.438,0.8823438888888889,6.039232563009916,1.706415331485726,05960.csv,B0007,223,5960,24,1.6876577363877656,67
4.202600613133091,3.211652712511208,3.532158560934324,2.1783847786257136,0.9909479006218831,-1.9305510314753316,0.3372949098270868,32.11305439113157,40.18846095484838,16.455884820573626,3167.593,0.8798869444444444,6.0216443673396425,1.701856407877206,05964.csv,B0007,227,5964,24,1.6830744356583152,68
4.202295008453833,3.2367890789594935,3.5308376380023527,2.191481814157953,0.9655059294943391,-1.9247195409983122,0.35318781500678287,32.20371989479744,40.2789498830108,16.494864248625696,3167.719,0.8799219444444445,6.002398054178906,1.69664240237683,05968.csv,B0007,231,5968,24,1.6779270142025482,69
4.202842977920607,3.236252355469797,3.5296958440720005,2.1753473356526807,0.9665906224508101,-1.9245739020356052,0.3535934937709248,32.23340825772458,40.310727434969614,16.479471085580375,3159.077999999994,0.877521666666665,5.983917976480589,1.6919465713508788,05972.csv,B0007,235,5972,24,1.6732060275966172,70
4.202031500801591,3.2381402568717146,3.5281819372126093,2.1832922624558813,0.9638912439298766,-1.9243785304854075,0.35422510059448054,32.212169716369466,40.31733812871393,16.536965085544367,3148.829,0.8746747222222223,5.9608146040524375,1.6861522277740564,05976.csv,B0007,239,5976,24,1.6674367208253988,71
4.202335745153063,3.2607912474890384,3.5265730179666974,2.192864020990023,0.941544497664025,-1.918402879916178,0.369401148866462,32.21746401954224,40.332563430145015,16.56228055825075,3149.094,0.8747483333333333,5.940860787210122,1.680968483570272,05980.csv,B0007,243,5980,24,1.6622662630667526,72
4.201773071145273,3.2576377743116076,3.5245022548553444,2.156097212664392,0.9441352968336654,-1.9181664471622712,0.36985386905308787,32.23410177209762,40.431258866851486,16.669312317535656,3140.547,0.8723741666666667,5.9206212707581605,1.676176957632312,05984.csv,B0007,247,5984,24,1.6574243065763063,73
4.201486505584843,3.2561979569093245,3.5228548406546385,2.138540138129487,0.9452885486755189,-1.9180994998619483,0.37027593992202096,32.228343983674435,40.46247985933005,16.711216208536317,3131.625,0.8698958333333333,5.9007349025021005,1.671325378308302,05988.csv,B0007,251,5988,24,1.652538684928734,74
4.2019492746220735,3.2612376667863723,3.5222829121237855,2.1646493163558524,0.9407116078357012,-1.9179522150901993,0.37099845889793376,32.1833106060944,40.40103455658551,16.708645468857085,3121.907,0.867196388888889,5.880599650484129,1.6659497158262417,05992.csv,B0007,255,5992,24,1.6472174627573322,75
4.202045571197949,3.2767912255627567,3.5189923820688493,2.1187211383693167,0.9252543456351927,-1.9116539768893375,0.38559264697879414,32.17200142078129,40.4426971996319,16.800322172317898,3122.125,0.8672569444444445,5.857228806793808,1.6604881076487283,05996.csv,B0007,259,5996,24,1.6364136810898071,76
4.204697039833386,3.280204681321995,3.5177844279570794,2.1377868706438155,0.9244923585113907,-1.9115865510736891,0.3856578053246533,32.03316223587618,40.26214977673693,16.644375373731545,3121.672,0.8671311111111111,5.854045152219232,1.6602561800126314,06000.csv,B0007,263,6000,24,1.6362554312048496,77
4.203789569367976,3.246330916016724,3.5212226057273495,2.103155697792567,0.9574586533512521,-1.9176487188202131,0.3708855111540938,32.506671891788216,40.64566836195685,16.47775782446962,3120.86,0.8669055555555556,5.877089911761681,1.665190132657351,06002.csv,B0007,265,6002,24,1.641119179218384,78
4.201897793299824,3.2847935310270984,3.5172227884430147,2.186737546753024,0.9171042622727255,-1.9111337702474194,0.38657074885083254,31.961039485620926,39.95209030011925,16.399065809339323,3103.828,0.8621744444444445,5.817751586988509,1.6503476506735772,06006.csv,B0007,269,6006,24,1.6315700789656966,79
4.20178017149305,3.278208354451213,3.5125010864221813,2.1007747911593695,0.9235718170418372,-1.9108556098369367,0.38704444324805126,31.798082670491866,40.165034583244065,17.006670379018246,3095.094,0.8597483333333333,5.79274831329592,1.6453643701617962,06010.csv,B0007,273,6010,24,1.621213282987236,80
4.202220537976551,3.2985123960309424,3.5129614635074673,2.1417010068719846,0.9037081419456086,-1.9049762303506044,0.40112549953309473,31.95802833708937,40.36674175781141,17.10498240037732,3095.781,0.8599391666666667,5.777434052781425,1.6405723282935023,06014.csv,B0007,277,6014,24,1.6164273214762122,81
4.2013887453306085,3.2892126252156215,3.5125204100391962,2.0912297625621297,0.9121761201149869,-1.9051068520548522,0.4011860765258973,32.41813169746276,40.88269125311642,17.176811669258917,3094.328,0.8595355555555555,5.775091282241098,1.6398172829202333,06018.csv,B0007,281,6018,24,1.615823510161921,82
4.2015967090294115,3.296160957280199,3.5151454557578807,2.1663009505205935,0.9054357517492124,-1.9049079394753692,0.4017203630206843,32.64044972789331,40.85633220225456,16.793184633321577,3086.531,0.8573697222222222,5.763553948391042,1.6354662322934126,06022.csv,B0007,285,6022,24,1.61672418029789,83
4.201668680267049,3.3160994964500823,3.5134431794731813,2.1843637809529235,0.8855691838169664,-1.898761620917719,0.4151954454598399,32.56399373078006,40.778024611598504,16.823020590773144,3085.625,0.8571180555555555,5.740753354217775,1.6295978762616463,06026.csv,B0007,289,6026,24,1.6108655863730026,84
4.202512585523171,3.2993497050936234,3.5097089402574535,2.113995772639173,0.9031628804295475,-1.90433828068926,0.40300036642551335,32.28305350922276,40.5829305350897,16.869964065235887,3067.203,0.8520008333333333,5.716456662638243,1.6247445560775966,06030.csv,B0007,293,6030,24,1.6006603374309376,85
4.201472345711643,3.2941059341780656,3.5042771471756997,2.0287779476202195,0.9073664115335776,-1.904192698545851,0.4037206884803756,32.06065237439007,40.6345689985191,17.254099622176387,3058.157,0.8494880555555556,5.691242622824458,1.6200110476582625,06034.csv,B0007,297,6034,24,1.5959174487005665,86
4.20121682733489,3.321071654405696,3.509207943122176,2.1948906641943635,0.8801451729291938,-1.8982712229514884,0.41697849296085937,32.365261126964526,40.75070125010339,17.168212930644877,3058.812,0.8496699999999999,5.682079807585007,1.615057333420829,06038.csv,B0007,301,6038,24,1.5962179519462243,87
4.201188425441681,3.3148956836726917,3.5095064920492853,2.1621122251410005,0.8862927417689894,-1.8977934870545978,0.4171326231479289,32.68851871366292,41.0672419235651,17.085172737593847,3058.578,0.8496049999999999,5.681366066603346,1.6145820819454735,06042.csv,B0007,305,6042,24,1.5958065114633972,88
4.201316437036837,3.285250365344493,3.505203266169396,2.0092802451741245,0.9160660716923443,-1.9036436467205253,0.4043488728701554,32.747733642524246,41.40590880756584,17.354469527976033,3049.328,0.8470355555555555,5.6749461537063315,1.6148057066120742,06046.csv,B0007,309,6046,24,1.5906507821480704,89
4.2331462538907605,3.167885572406937,3.5281182345919753,2.144268362237989,1.0652606814838235,-1.9369923426487148,0.32005599690063535,32.50500516961017,41.01558674901627,17.16496648457665,3177.219,0.8825608333333333,6.052063994967586,1.7129279461867641,06049.csv,B0007,312,6049,24,1.6888211161855506,90
4.203917718634026,3.2155768977103443,3.519590928396835,2.0962813773920193,0.9883408209236815,-1.9233409193548265,0.35787141371175374,32.91993878980996,41.31851435911838,16.882824018931462,3082.937,0.8563713888888889,5.820095050871378,1.650081962146211,06052.csv,B0007,315,6052,24,1.6259938279733204,91
4.201783140660278,3.237322371764735,3.5146260368096875,2.0376560852489356,0.9644607688955431,-1.9168842193561364,0.3735673895480336,32.948305858317944,41.4002950560853,16.91908426972284,3074.266,0.8539627777777778,5.777020974284328,1.6397656608575053,06056.csv,B0007,319,6056,24,1.6157433862812898,92
4.201329890079568,3.265128362055365,3.5115494818370454,2.050265845971926,0.9362015280242026,-1.910472150518363,0.3890050338739006,32.76906651915661,41.2508092329952,17.022362063171723,3066.0,0.8516666666666667,5.7370456670915795,1.6296761858018656,06060.csv,B0007,323,6060,24,1.6056626764846538,93
4.200849613571161,3.296447022937046,3.510769869032659,2.1421639870693685,0.9044025906341147,-1.904277326283454,0.40358046394844244,32.59734424608833,40.95362783962595,16.950485385122494,3056.437,0.8490102777777777,5.698533580976982,1.6189903302168105,06064.csv,B0007,327,6064,24,1.5949746921524348,94
4.2014637977405025,3.2937623817098896,3.50804494279531,2.093098662464846,0.9077014160306129,-1.904002494100001,0.404096881065216,32.52349894408369,40.989022190981714,17.10982589492681,3048.219,0.8467275,5.6781867622511415,1.614467845129988,06068.csv,B0007,331,6068,24,1.5904102438871943,95
4.201750207865124,3.295607974447043,3.507748080950393,2.109503853325003,0.9061422334180809,-1.9036546380501311,0.4049841353119343,32.578228834731775,41.02622774121347,17.09023396830254,3039.218,0.8442272222222221,5.659917861268946,1.6094293397117418,06072.csv,B0007,335,6072,24,1.5853517062988178,96
4.201226117420626,3.31453089957125,3.5066673521067266,2.1295447836320704,0.8866952178493763,-1.8977146678452774,0.4183923310345627,32.62728298499839,41.01371342582121,17.03294757783054,3039.047,0.8441797222222223,5.639981128155463,1.6040326523018948,06076.csv,B0007,339,6076,24,1.5799737147242376,97
4.20172950022185,3.316265649872767,3.5061843921745397,2.138556110583413,0.8854638503490828,-1.8973347377958825,0.41888498116899225,32.652115712561326,41.04923314430273,17.05001277541686,3030.375,0.8417708333333334,5.622384724607771,1.5992977156114052,06080.csv,B0007,343,6080,24,1.5752185465278068,98
4.201200470517945,3.3180552739333047,3.5051004339266254,2.1437793669909317,0.88314519658464,-1.8970045774163773,0.4194983019730331,32.64767456395258,41.05277512550887,17.07912107297858,3021.0,0.8391666666666666,5.601397050692209,1.5939076477841838,06084.csv,B0007,347,6084,24,1.569798484648868,99
4.201289094579205,3.337661100143437,3.5054479186890566,2.199196544880164,0.8636279944357681,-1.8909127399289274,0.4325474540590139,32.6993879231031,41.02092182377061,17.00956582823896,3021.75,0.839375,5.585607978791153,1.5891502676011144,06088.csv,B0007,351,6088,24,1.5702565375950357,100
4.200987543108535,3.3084712639892704,3.500074246846,2.025290101499043,0.8925162791192642,-1.89687892991989,0.42003052216449815,32.724576765133094,41.34840278359994,17.33666272682752,3012.265,0.8367402777777777,5.577995627249516,1.5893237737378407,06092.csv,B0007,355,6092,24,1.565249873909438,101
4.201468313659235,3.31616190352511,3.5011647157526498,2.0874226328484515,0.8853064101341248,-1.8964710309338209,0.4205326571189624,32.70434030242972,41.23753665797544,17.24405681985937,3002.641,0.8340669444444445,5.559790708920634,1.5838167436941692,06096.csv,B0007,359,6096,24,1.559633933561147,102
4.1961027546611325,3.3086447213643893,3.500407285435189,2.0863200514042264,0.8874580332967432,-1.8967768141795405,0.4203380436684649,32.74051962267582,41.21700308433066,17.14798321661901,3012.0,0.8366666666666667,5.5775549602368555,1.589084240246478,06100.csv,B0007,363,6100,24,1.5649820533392105,103
4.205246397279064,3.2797614304472664,3.507816455272743,2.0588247910323827,0.9254849668317973,-1.9031485600103595,0.40592532218255595,33.38712825139849,41.89753189273277,17.12424720894798,3020.11,0.8389194444444444,5.62469817500744,1.599072467997887,06103.csv,B0007,366,6103,24,1.57497949984227,104
4.201413874880438,3.2816898392310923,3.5025243992110107,2.007722684403967,0.9197240356493457,-1.9028574663381215,0.4072388254877473,33.270627344923426,41.90270996402953,17.298389079991825,3002.172000000006,0.8339366666666683,5.5818236403890635,1.5893600099595027,06107.csv,B0007,370,6107,24,1.5652811168780458,105
4.201648832380503,3.3192912535815724,3.505155823274424,2.190682586389996,0.8823575787989304,-1.8963219640753084,0.42140006587670764,33.115074143665915,41.48233804274523,17.058698500725008,2992.703,0.8313063888888889,5.547237153748339,1.5785177567135298,06111.csv,B0007,374,6111,24,1.559755497470126,106
4.199365579406469,3.271441637834264,3.4983646475135717,2.008435320437976,0.9279239415722049,-1.908430732943726,0.39550136822821486,32.90572814040102,41.641162265997195,17.441474350977014,2964.468,0.8234633333333333,5.519553305083662,1.5740000521310509,06115.csv,B0007,378,6115,24,1.549897685670499,107
4.2008597336564515,3.3355119582476673,3.500140843862167,2.164636064139996,0.8653477754087842,-1.889754408573026,0.4351014528838576,32.953112654161664,41.433877603827945,17.317483906947974,2983.375,0.8287152777777778,5.503043443273644,1.5679999189918266,06119.csv,B0007,382,6119,24,1.543877153134502,108
4.20162098338246,3.309262641432676,3.4990954701393697,2.0647427536919833,0.8923583419497843,-1.8959167588975119,0.4226868979879755,33.2282109237263,41.8543569979417,17.395264149272798,2975.297,0.8264713888888889,5.50547777959761,1.5691106393506953,06123.csv,B0007,386,6123,24,1.5450187488690073,109
4.201112398367318,3.3329781009294663,3.5010357611640615,2.170172617792397,0.8681342974378516,-1.889387844169526,0.4361055797477761,33.361342590516294,41.78271326384125,17.172906989067645,2974.9850000000006,0.8263847222222224,5.488386587295718,1.5632924032897542,06127.csv,B0007,390,6127,24,1.5445940154102908,110
4.200810741834928,3.333293705571698,3.497212315865497,2.120750718982474,0.8675170362632305,-1.8889185963670394,0.43652920427860664,33.12431679486816,41.62744766181303,17.292516891871045,2966.25,0.8239583333333333,5.4648853812431595,1.558337332450582,06131.csv,B0007,394,6131,24,1.5343086721758876,111
4.200351170622191,3.335626153934355,3.496089957852059,2.13627215665258,0.8647250166878364,-1.8885071150010757,0.43696165726297986,32.991553593266204,41.552128441464966,17.411351644071292,2956.359,0.8212108333333333,5.443512988157579,1.552878953757077,06135.csv,B0007,398,6135,24,1.5287603942958483,112
4.201791474587699,3.330409249627142,3.495877119417779,2.0938572364769055,0.871382224960557,-1.8888180820733198,0.4372271352047082,33.2318318845246,41.839167194182565,17.44750662328407,2956.344,0.8212066666666666,5.444307341097111,1.5530699483974622,06139.csv,B0007,402,6139,24,1.5289260249179843,113
4.20049747493448,3.3206227363539624,3.493116071455022,1.9959465760122976,0.8798747385805172,-1.8887930414931369,0.43727645525429354,33.5098123920945,42.23998716092915,17.56792013530953,2956.406,0.8212238888888889,5.441182379748627,1.5531501891813027,06143.csv,B0007,406,6143,24,1.529091650133123,114
4.2002005229611115,3.325515911717548,3.492655946458748,2.0305769860653866,0.8746846112435636,-1.888168080257056,0.4378463764666701,33.382402850667845,42.04090238497712,17.472376102165672,2947.266,0.818685,5.421918988770978,1.547955372566583,06147.csv,B0007,410,6147,24,1.5239059324661248,115
4.200674971032527,3.333109444153607,3.49208824531703,2.0758803797636745,0.8675655268789195,-1.887904907597145,0.4386495735333658,33.17829959346276,41.803429062834496,17.460373458928316,2937.984,0.8161066666666666,5.402074304203918,1.5427397741089666,06151.csv,B0007,414,6151,24,1.5186675419100617,116
4.200371214024706,3.3357107086010784,3.490216477408044,2.0793549048242492,0.8646605054236276,-1.88773036624322,0.439151316487272,33.01591345323486,41.6886924602386,17.5893783919488,2929.125,0.8136458333333333,5.38163506298379,1.537826810352851,06155.csv,B0007,418,6155,24,1.5136482266426952,117
4.200965645223048,3.33093981123572,3.4905931958620466,2.0585109366080414,0.8700258339873286,-1.887807716329411,0.43921002479971744,33.271000362987586,41.98817160118213,17.62439241755445,2928.454,0.8134594444444445,5.3821678485401225,1.5376799163150534,06159.csv,B0007,422,6159,24,1.5136050185229033,118
4.20138339090339,3.325286281364161,3.4911419366203664,2.0253107306977376,0.8760971095392294,-1.887674933393443,0.43912747667926644,33.61966967517867,42.33252236723314,17.587859541636078,2929.375,0.8137152777777777,5.3848016757372665,1.538047263424756,06163.csv,B0007,426,6163,24,1.5139470614867965,119
4.192472918500566,3.275520043283547,3.49283645226053,2.0069579017420067,0.9169528752170186,-1.901022727285377,0.41084397708584325,33.29697162630193,41.63553796804361,16.676783852188066,2946.031,0.8183419444444444,5.456855397343846,1.5580488439366298,06167.csv,B0007,430,6167,24,1.5339599193158786,120
4.204602036514753,3.308772267470376,3.5025157522808223,2.19792648712031,0.8958297690443775,-1.8951144121477894,0.4240019425196382,33.393130865360554,41.470498076928735,16.518384716361105,2955.438,0.820955,5.471447192534329,1.5578950737028456,06169.csv,B0007,432,6169,24,1.5391372798653098,121
4.2008675427725715,3.301562663091317,3.492953565598811,2.029941519657255,0.8993048796812544,-1.8941478117057606,0.4251951881545497,33.13820710362847,41.54038193238441,16.948321592156674,2937.625,0.8160069444444444,5.421260505402817,1.5477669619589283,06173.csv,B0007,436,6173,24,1.5236247972838737,122
4.201036137691208,3.32941289444089,3.4917462636517236,2.117150391576778,0.8716232432503181,-1.8875042014728927,0.4389657871114934,32.84069778843796,41.13947017697289,16.92651834620242,2929.078,0.8136327777777778,5.383917083795636,1.5377046718625507,06177.csv,B0007,440,6177,24,1.5135813035589147,123
4.200512464044564,3.3330073089590666,3.490432264232957,2.1309899052747716,0.8675051550854977,-1.8871434043422717,0.4397703529105269,32.75739655594484,41.09041922644824,17.006948898687725,2918.375,0.8106597222222223,5.3610987462604935,1.5318259006586357,06181.csv,B0007,444,6181,24,1.5077850749847914,124
4.20075828356334,3.3472440649292157,3.488861416967918,2.1294318317485654,0.8535142186341247,-1.8807630082774924,0.4526303344646541,32.77234087259374,41.10034021580957,17.036976328587446,2919.812,0.8110588888888889,5.343310353999165,1.5272466448571733,06185.csv,B0007,448,6185,24,1.5031960676037333,125
4.200439147859412,3.3383192077980985,3.4891932104785104,2.164511453629433,0.8621199400613135,-1.886419275237733,0.441052769392179,32.720417557744895,41.03075447325996,17.01608202644857,2900.422,0.8056727777777778,5.324161013608343,1.5219102875481254,06189.csv,B0007,452,6189,24,1.497822059699588,126
4.200175952944827,3.3540043455800244,3.4878785713375917,2.1743012710834013,0.8461716073648025,-1.8800039366336023,0.4540173396292166,32.710022803073514,40.99688397371006,17.0089367702784,2901.375,0.8059375,5.305115004388002,1.5169244670285527,06193.csv,B0007,456,6193,24,1.492848534633516,127
4.1998304414305805,3.3701802702751755,3.486430546073901,2.1928976284966537,0.829650171155405,-1.8733366537372407,0.4662831517515899,32.62076759783716,40.88481342461614,17.02068095160039,2901.187,0.8058852777777777,5.282982492286842,1.5112029165659036,06197.csv,B0007,460,6197,24,1.492414389867026,128
4.200431276110757,3.34604333393751,3.4812572775226682,2.0298495899147295,0.8543879421732474,-1.879702248133121,0.4545094983322458,32.576518262552014,41.09400879501426,17.29745246533964,2891.64,0.8032333333333332,5.276832367716732,1.5116035043189855,06201.csv,B0007,464,6201,24,1.487482776538081,129
4.200267835972742,3.351868703717653,3.4823550791204023,2.0959492247836815,0.8483991322550888,-1.8790751470067302,0.45527109312858494,32.58396494906228,41.01377835587309,17.224975499429718,2882.906,0.8008072222222222,5.2607533219079485,1.506611859399193,06205.csv,B0007,468,6205,24,1.482535148640411,130
4.199800510212378,3.37126103928545,3.4835074286280525,2.177723491219515,0.8285394709269278,-1.8728728303565043,0.46785169026162604,32.623742674615976,40.90635248178393,17.077633564155498,2883.265,0.8009069444444444,5.244601040940465,1.5015197498525221,06209.csv,B0007,472,6209,24,1.4827874322228984,131
4.200436806124781,3.363638143826266,3.478976541530706,2.056251340337525,0.8367986622985151,-1.8726786421400126,0.4675952089691564,32.58599202496769,41.06596192416311,17.322483814857264,2882.969,0.8008247222222222,5.236702371876376,1.50102352816406,06213.csv,B0007,476,6213,24,1.476971179775059,132
4.192977250583526,3.358875203139184,3.483501191305966,2.1512510632923165,0.8341020474443424,-1.872734820116884,0.466976735288397,32.864544723781215,40.84520330629611,16.388033782617786,2891.656,0.8032377777777777,5.2615001542053506,1.506007736669055,06217.csv,B0007,480,6217,24,1.4819015554137276,133
4.203006821509607,3.342159118711169,3.4899701994096612,2.169369907364203,0.8608477027984383,-1.8800362373714223,0.4540465520661911,33.079651096902374,41.12807910254104,16.55220722763053,2901.25,0.8059027777777777,5.309128082147545,1.5168693575881576,06219.csv,B0007,482,6219,24,1.4981366198874824,134
4.2020493515195,3.3565594399139247,3.484801138956006,2.116759239247948,0.8454899116055756,-1.8730214281226414,0.46714695079315066,32.932141650182686,41.094988453128494,16.766476417935213,2891.703,0.8032508333333334,5.264024064665989,1.5061279653548878,06221.csv,B0007,484,6221,24,1.4820775214392872,135
4.200086642861885,3.3536423529046835,3.47835437960934,2.009424225590032,0.8464442899572018,-1.8725486136074456,0.4678085405622447,32.755748003791545,41.11877573165318,17.038342693507403,2883.016,0.8008377777777778,5.237249791138277,1.5012385247553293,06225.csv,B0007,488,6225,24,1.4771155312812152,136
4.199613315582274,3.3568006007742333,3.475694933923807,2.0034792344341588,0.8428127148080411,-1.8724613181992062,0.468367838824259,32.52965474617847,40.980034990626955,17.207692016940825,2873.453,0.7981813888888889,5.215196688731701,1.4961803118983437,06229.csv,B0007,492,6229,24,1.4720772783056488,137
4.199843161074874,3.377870432421932,3.481431873453954,2.172988732474185,0.8219727286529417,-1.8659419458758726,0.48060585434657793,32.848065199041,41.017509953482886,16.887506320287716,2874.031,0.7983419444444444,5.205698298081193,1.49101112606186,06233.csv,B0007,496,6233,24,1.472248013656454,138
4.199963386133198,3.3707190923138297,3.4796060336232353,2.087464676179042,0.829244293819368,-1.865786095147701,0.48042280939049997,33.072327061961936,41.299420742573055,16.90093116128417,2874.234,0.7983983333333333,5.2042396475068236,1.4911721882360118,06237.csv,B0007,500,6237,24,1.4670106672274663,139
4.200169604165679,3.3763359727220545,3.47822589673296,2.110564313669325,0.8238336314436245,-1.8654605849037513,0.48115241078075843,32.85096451719535,41.105738037939375,16.947862119283624,2864.984,0.7958288888888889,5.183086991629311,1.4858666965307439,06241.csv,B0007,504,6241,24,1.461767249533538,140
4.199818547927513,3.3771082923856097,3.4743233868367187,2.0724687293779813,0.822710255541903,-1.865134613881632,0.48195004159869936,32.57230232995455,40.87704013237699,17.043956032448047,2855.093,0.7930813888888888,5.159398601553585,1.4807852636482064,06245.csv,B0007,508,6245,24,1.4566952670489708,141
4.199503884475213,3.394007023604369,3.4737305453330443,2.1253826973270513,0.8054968608708442,-1.858515986418667,0.4934210728550704,32.450684441760906,40.730219862268235,17.11638349889392,2855.625,0.7932291666666667,5.139631324826037,1.4754630063817729,06249.csv,B0007,512,6249,24,1.451354972758956,142
4.199909919375289,3.3898074174795547,3.474812723214051,2.1147331324879475,0.810102501895734,-1.8588972649148483,0.4936980368379071,32.7394359440147,41.03226257370644,17.14688744911906,2855.594,0.7932205555555556,5.142634517149569,1.4757262879778916,06253.csv,B0007,516,6253,24,1.451615926257375,143
4.199494444978369,3.3952983014087663,3.476096426841386,2.1738445330859366,0.804196143569603,-1.8581969672334215,0.49444769472428574,32.775898242252914,40.89527781087817,16.87184887330738,2847.437,0.7909547222222222,5.127232456586971,1.4709153790366938,06257.csv,B0007,520,6257,24,1.4468161332173683,144
4.200374694478377,3.3858376143595152,3.4686822529487804,1.9947266977360072,0.8145370801188618,-1.8581200056254086,0.49423269823837684,32.5817324044051,41.02491521192672,17.26597086791945,2847.36,0.7909333333333334,5.117068379427241,1.470900454945458,06261.csv,B0007,524,6261,24,1.4467570607768785,145
4.199552965128597,3.3898811613377484,3.4661964701943586,2.0033802121225017,0.8096718037908488,-1.8577209868352302,0.4951232291378951,32.35021153014993,40.815968345794715,17.35796169455523,2837.328,0.7881466666666667,5.093883026809433,1.4654719834406276,06265.csv,B0007,528,6265,24,1.4413797481446793,146
4.1995329856924615,3.4073421752557596,3.468183423895935,2.116470909151213,0.7921908104367019,-1.8512458354075154,0.5063643101821768,32.28754240914786,40.65138669632271,17.338936013256454,2837.281,0.7881336111111111,5.078538544844806,1.4603426985699883,06269.csv,B0007,532,6269,24,1.4362456252208178,147
4.199300346769649,3.400524264032214,3.4678606629897453,2.051877342511651,0.7987760827374344,-1.8514531972432,0.5063422319981459,32.603239183227075,40.965385542419945,17.293464828065204,2838.515,0.7884763888888888,5.0808075003639335,1.4609352642646058,06273.csv,B0007,536,6273,24,1.4368154153924828,148
4.200084247735837,3.387847710477503,3.4662499547181245,2.003221375307111,0.8122365372583338,-1.8574211435317929,0.49582125615542155,32.61208344144242,41.11319128215138,17.409939754083453,2828.328,0.7856466666666666,5.076716334479656,1.4603803768481924,06277.csv,B0007,540,6277,24,1.4362945145860049,149
4.18985671710645,3.3798450546195107,3.462469269360201,1.9865974995249176,0.8100116624869389,-1.857823928669184,0.49512829575750195,32.26742656599958,40.78738321989129,17.46018989076964,2838.265,0.7884069444444444,5.090821984413498,1.4659478953502345,06281.csv,B0007,544,6281,24,1.4418575315878015,150
4.202364184888896,3.3659558392373436,3.480518309485383,2.1908121182442706,0.8364083456515528,-1.8658259561850365,0.481338293402097,32.637733704417855,40.73001188190229,16.75209825101833,2864.547,0.7957075,5.187700169643942,1.4860167165609206,06284.csv,B0007,547,6284,24,1.4672063484781797,151
4.199161217470434,3.3610293799331203,3.4723137993738336,2.033261415031626,0.8381318375373135,-1.8647784241320746,0.48247014851293285,32.665258715232376,40.990354594470126,17.071083659319047,2846.39,0.7906638888888888,5.140778806030942,1.4759387681835512,06288.csv,B0007,551,6288,24,1.4518640367848883,152
4.199571972228311,3.388753259523979,3.474362108592906,2.19135439601875,0.8108187127043318,-1.8578958465335809,0.49523945428193883,32.502652632323915,40.62521315513875,16.874890038198178,2837.969,0.7883247222222223,5.107659994831822,1.4659798857980386,06292.csv,B0007,555,6292,24,1.44713797527485,153
4.199909046615677,3.4010627300929737,3.4722823212388754,2.1840705012733683,0.7988463165227038,-1.8511947629213035,0.5064473876733178,32.446842086875606,40.58944296824891,16.961270136685215,2838.156,0.7883766666666666,5.085841638676287,1.4605685998191131,06296.csv,B0007,559,6296,24,1.441790586562399,154
4.1991089309985306,3.403129377479551,3.4701761898320465,2.1664368343684446,0.7959795535189795,-1.8509042611451945,0.5071528769311282,32.39361892904713,40.584393586876246,17.044581456923137,2829.843,0.7860674999999999,5.065575565241511,1.4556981949549759,06300.csv,B0007,563,6300,24,1.431630947911111,155
4.199049111453085,3.3918482072725205,3.4635011119445216,1.987193667465448,0.8072009041805641,-1.8508582746706244,0.5071501586119525,32.417221778010834,40.884444140401214,17.386420906812756,2829.625,0.7860069444444444,5.057915257246365,1.455967902852534,06304.csv,B0007,567,6304,24,1.4318084249673686,156
4.199648027535327,3.402983452982521,3.467453100453348,2.1314172797434523,0.7966645745528056,-1.8504182940365097,0.5080447288031393,32.40094040453025,40.65159637790841,17.124168286575262,2819.437,0.7831769444444444,5.042934270979153,1.450331183172271,06308.csv,B0007,571,6308,24,1.4262562585106868,157
4.1991931757384515,3.4181159643802896,3.4675864728547845,2.188995882590831,0.7810772113581619,-1.8436892876926974,0.5190085183536034,32.36314241861482,40.53138082339522,17.07334699753017,2819.579,0.7832163888888889,5.023542585174581,1.4448338084328114,06312.csv,B0007,575,6312,24,1.4260877528924911,158
4.199053572226856,3.3989491882730096,3.462182535852444,2.0322464946417114,0.8001043839538466,-1.8498733070449755,0.5087455951874705,32.382600705235255,40.821433488540606,17.38261958837848,2810.672,0.7807422222222222,5.018374205329639,1.4453753851880613,06316.csv,B0007,579,6316,24,1.4212633510031694,159
4.199752520423331,3.417481499281654,3.465962999117945,2.1695130053947387,0.7822710211416775,-1.843287720729204,0.5197022937246866,32.4323818014572,40.643362943412974,17.138933425093768,2811.485,0.7809680555555556,5.006020256690791,1.440433230251002,06320.csv,B0007,583,6320,24,1.4163272748795108,160
4.198626890887624,3.3973259676404037,3.4601727514874407,1.9917978280585305,0.8013009232472204,-1.8494580225090995,0.5096143033077817,32.4886182994049,40.97063567014205,17.4321299310359,2802.422,0.7784505555555555,4.999351185861967,1.4407412714460883,06324.csv,B0007,587,6324,24,1.4165781829175994,161
4.199235005181635,3.417693830341496,3.464226115253961,2.1534486462617073,0.7815411748401395,-1.8426221358637018,0.520769116627146,32.524062377970175,40.74888323397497,17.15207658087064,2801.625,0.7782291666666666,4.984342512615656,1.4349764262148539,06328.csv,B0007,591,6328,24,1.4108401729425175,162
4.198721860377262,3.409762325973159,3.458799193390812,2.0101572712330453,0.7889595344041029,-1.8427098003104345,0.5204805895168696,32.482615965621896,40.93461596721165,17.427513544984592,2802.031,0.7783419444444444,4.977882562770953,1.4351304036947048,06332.csv,B0007,595,6332,24,1.4109949628347804,163
4.199365090380556,3.4184683760945394,3.4620805499710854,2.132718741006573,0.7808967142860164,-1.842239518040086,0.5214152023843951,32.46389583182878,40.74175890345818,17.250728669200598,2793.39,0.7759416666666666,4.964795253299911,1.4303254115437372,06336.csv,B0007,599,6336,24,1.40617142903988,164
4.198808934372819,3.410207417331352,3.4578782949034514,2.0114763339798887,0.7886015170414669,-1.842252843487983,0.5214208870579174,32.55681404542561,41.00964443691023,17.454125665411244,2793.39,0.7759416666666666,4.960174835055579,1.430417776098034,06340.csv,B0007,603,6340,24,1.4063358479692922,165
4.198421699164089,3.4288993052838492,3.461590937144894,2.1610456063312298,0.7695223938802398,-1.8356063485512333,0.5320114278467215,32.576296430484255,40.80558697887537,17.2097693354075,2792.485,0.7756902777777778,4.944160349782613,1.4245759097122874,06344.csv,B0007,607,6344,24,1.4004552399066514,166
4.188842911449222,3.372148496187205,3.462906230864041,2.0143553387267827,0.8166944152620172,-1.8561013515700384,0.4982417938705446,32.81804879809979,40.92586026351328,16.443248315141656,2802.016,0.7783377777777778,5.022533721006542,1.4458594275701881,06348.csv,B0007,611,6348,24,1.4217865046055154,167
4.205067189469255,3.383856648869605,3.4753580425264796,2.1732119934933296,0.8212105405996502,-1.8574370794605966,0.4967399727413084,32.92941193334214,40.57390100608222,15.83597780711051,2820.39,0.7834416666666666,5.076871747570432,1.4565465631206378,06350.csv,B0007,613,6350,24,1.4324552720625434,168
4.188108651124536,3.0532303394443336,3.5275462263272543,2.4721608434600437,1.1348783116802026,-1.9541761960216968,0.32800361075746903,31.773285281389256,38.10180309676608,14.282282845161685,3434.891,0.954136388888889,6.605962018502889,1.8683727988907475,06355.csv,B0018,2,6355,24,1.8550045207910817,1
4.18651605270106,3.0882001701258264,3.534835576186522,2.4114381994148304,1.0983158825752333,-1.9474374301153292,0.34522628237249564,31.92489159472864,38.14987995994155,13.835092885511425,3425.485,0.9515236111111112,6.580582365559428,1.856642571194141,06359.csv,B0018,6,6359,24,1.8431955317089987,2
4.188811210133346,3.0768576543441712,3.5382465961594427,2.394395968141027,1.1119535557891744,-1.9520511323479741,0.33139196286859035,31.31691283374216,37.5266914843442,13.78499938289998,3410.375,0.9473263888888889,6.572161523569823,1.8531673472578594,06363.csv,B0018,10,6363,24,1.8396018424355425,3
4.188875360300162,3.102423910252407,3.537697945111872,2.3999481734774424,1.0864514500477545,-1.9460914562122762,0.34840348066344007,30.821190751176527,37.06279237079503,13.834935560845658,3404.719,0.9457552777777778,6.542093183191506,1.844376925762404,06367.csv,B0018,14,6367,24,1.8306736044962053,4
4.189872293159027,3.117644174420054,3.542667604586918,2.3851461229395867,1.0722281187389733,-1.9412796601390512,0.36400534219725983,31.95346971511436,38.2110354381278,13.796393726534344,3417.641,0.9493447222222222,6.561620264861134,1.8465123553380363,06370.csv,B0018,17,6370,24,1.8327002069419656,5
4.190288371391284,3.114007318732072,3.545103733047733,2.3716770708389117,1.076281052659212,-1.9400338819083036,0.3654843265295829,32.02311236185272,38.17496505957075,13.479678524485568,3411.766,0.9477127777777778,6.552347173139052,1.8424204720530513,06372.csv,B0018,19,6372,24,1.8285288846046388,6
4.190037536076311,3.1692830921950352,3.5475142438631493,2.4964491577040793,1.0207544438812755,-1.9335667184847714,0.3814317094765695,31.634533158077694,37.64038685475582,13.326726713334526,3399.516,0.94431,6.510935282119033,1.8295853175815435,06374.csv,B0018,21,6374,24,1.8212011895697924,7
4.190297406725935,3.1646802675456325,3.544812433691423,2.4374506721131883,1.0256171391803024,-1.9332161326561408,0.3830327169733657,31.28819492159572,37.37602884738843,13.458760897309936,3388.75,0.9413194444444445,6.485516195788008,1.823638428333681,06376.csv,B0018,23,6376,24,1.815170010643328,8
4.188312445698188,3.1668909591239487,3.5434780274164095,2.4152206992194847,1.0214214865742397,-1.9325959489970461,0.3846816267374156,31.11122470608501,37.28928029078695,13.634639188509272,3380.406,0.9390016666666666,6.464328442948169,1.8183564280802216,06379.csv,B0018,26,6379,24,1.8042980520967649,9
4.191467835993785,3.14417553147664,3.543133206790044,2.377432309524995,1.0472923045171445,-1.9387520938161948,0.3695916845920226,31.13166983979621,37.52377766578506,13.925774434432604,3404.141,0.9455947222222223,6.529319464894373,1.8372517178195047,06382.csv,B0018,29,6382,24,1.8231002302844224,10
4.190699409462101,3.163511863010266,3.545155146280937,2.3887487262583647,1.027187546451835,-1.9319248326301843,0.3857477415661153,31.51305775907457,37.72420412562674,13.59788159430807,3396.141,0.9433725000000001,6.496434356527785,1.8263312789243658,06384.csv,B0018,31,6384,24,1.8121253520255496,11
4.19016920493495,3.1974525364121273,3.545032366549762,2.432289857016922,0.9927166685228226,-1.9249594896453863,0.4014884734995456,31.31102568785445,37.41366095304306,13.403741122515559,3384.094,0.9400261111111111,6.450869402096179,1.813357299319065,06386.csv,B0018,33,6386,24,1.8046916382117768,12
4.189633938587357,3.234382458426959,3.5440892170496827,2.497495633221204,0.9552514801603977,-1.9179528942264992,0.41667220998458215,30.893964711700164,36.94724908852665,13.395884450376322,3370.656,0.9362933333333333,6.400083103443723,1.7994883639256567,06388.csv,B0018,35,6388,24,1.790844349786295,13
4.188143316830064,3.241810891419118,3.541317108618481,2.478768686108376,0.9463324254109455,-1.917373033348097,0.41834757983871346,30.540598970902945,36.707091312059944,13.616589629884814,3357.797,0.9327213888888889,6.368777476901511,1.792170110844733,06391.csv,B0018,38,6391,24,1.783470722841926,14
4.193543208571066,3.227333797828033,3.541197979542517,2.385849407868021,0.966209410743033,-1.9180652422275581,0.41914592935555084,30.82566018736547,37.13061214416645,13.827147262019974,3363.015,0.9341708333333333,6.381690886205913,1.7954094465899864,06394.csv,B0018,41,6394,24,1.7809386125310702,15
4.190238041929225,3.238447609004798,3.541255460524434,2.372854084449551,0.9517904329244273,-1.9106033469326071,0.43401802048220867,31.451400678644536,37.686600065941576,13.68648014897975,3357.734,0.9327038888888889,6.350066328397917,1.785782260841724,06396.csv,B0018,43,6396,24,1.771209039672698,16
4.19075698083662,3.252365295673925,3.5427478949705886,2.4086912736769084,0.9383916851626952,-1.909404549449075,0.43519927252961843,31.518847747922937,37.633580732302406,13.410631992294427,3344.187,0.9289408333333333,6.322285557135762,1.7775124519859842,06398.csv,B0018,45,6398,24,1.7686303996707076,17
4.189715378549557,3.2983555817913413,3.541251093602656,2.496331992137246,0.8913597967582154,-1.8960567702455413,0.46155228798292747,31.11237289077096,37.15252578645951,13.356864198911953,3339.969,0.9277691666666666,6.2667112073785995,1.7625266947676845,06400.csv,B0018,47,6400,24,1.7536304801917124,18
4.187635645163932,3.29909945338278,3.5350260562177453,2.4199896352919668,0.8885361917811521,-1.8948411660605735,0.46362243413137183,30.586452588663985,36.78829001793698,13.660965064582157,3327.641,0.9243447222222222,6.229855126564349,1.7551646798864666,06403.csv,B0018,50,6403,24,1.7462197416415093,19
4.191004692440202,3.28291220363392,3.5326627624319777,2.3587321881999297,0.9080924888062816,-1.90021436299665,0.4531739170037248,30.242913021104116,36.541146197392216,13.760178935321282,3312.844,0.9202344444444445,6.215980766885243,1.7525432533200362,06406.csv,B0018,53,6406,24,1.7376647337053737,20
4.1906972904216495,3.3143599232411147,3.5333109441755526,2.4458096660548825,0.8763373671805348,-1.8936767267608487,0.46690195047052746,30.10270376338569,36.372087786130464,13.793380174531428,3302.031,0.9172308333333333,6.173771755667603,1.7405416069184154,06408.csv,B0018,55,6408,24,1.7315166735475835,21
4.185877977731026,3.3370959869036043,3.52738705832889,2.3808537751929744,0.8487819908274221,-1.8739718829459886,0.5024658658127134,30.251184852221932,36.52608510498833,13.812007237165748,3305.547,0.9182075,6.107633814569133,1.7235903149802394,06410.csv,B0018,57,6410,24,1.7085949894470602,22
4.1877866486247814,3.3453964577303217,3.5296025965720452,2.436955746154759,0.8423901908944598,-1.8791764961687347,0.4935111882303174,30.212407704391104,36.476252762052624,13.817347573396415,3289.562,0.9137672222222222,6.097844923269956,1.7205153450111672,06412.csv,B0018,59,6412,24,1.711469957068211,23
4.188166619589718,3.3565387762510492,3.5289707694229833,2.4671365731790713,0.8316278433386688,-1.8780560689384003,0.49473168261758504,30.125011009636175,36.377208902376694,13.869041476945839,3283.797,0.9121658333333333,6.0821130116730355,1.7166300451993752,06415.csv,B0018,62,6415,24,1.7075021373272627,24
4.18962510592865,3.2912719461365696,3.5322741848919814,2.4129371999368505,0.8983531597920806,-1.8993718818269214,0.4567200125973096,30.22428629982563,36.64000948247426,14.025518095966326,3325.235,0.9236763888888889,6.235171287589187,1.758364451488371,06418.csv,B0018,65,6418,24,1.7492382064360228,25
4.190150750158746,3.2997248344053327,3.532438322521663,2.3497771039810256,0.8904259157534131,-1.8926958551018211,0.4705544011293551,30.976376254737342,37.38165499248184,13.954382323588696,3317.547,0.9215408333333334,6.20145895173365,1.747983482535042,06420.csv,B0018,67,6420,24,1.7327697147429957,26
4.188938785525361,3.343787628182352,3.5363211310943603,2.4904700018477026,0.8451511573430084,-1.8783667048362822,0.4958526515854287,31.415702913300986,37.59824760372582,13.639734725252275,3311.766,0.9199350000000001,6.1492329208437795,1.7314425779203193,06422.csv,B0018,69,6422,24,1.7222313328292376,27
4.189390534407286,3.3582081904036225,3.533535274219931,2.4650908929255406,0.8311823440036634,-1.870834339681941,0.5085963634369715,31.383299841535273,37.560555155163414,13.59912100103655,3305.218,0.918116111111111,6.108755155903539,1.7211159709221295,06424.csv,B0018,71,6424,24,1.711846298984729,28
4.187469981494586,3.355478058526174,3.527012841842043,2.363133281953362,0.8319919229684123,-1.8696567234639716,0.510458501473927,31.167937826253638,37.52114200586718,13.901470289284696,3295.453,0.9154036111111111,6.07543003916575,1.7147150777698814,06427.csv,B0018,74,6427,24,1.699267835126687,29
4.189526036667409,3.380671602671067,3.52925730014011,2.4790616361836206,0.8088544339963426,-1.8623726014599724,0.5227478974145736,30.994690437264207,37.21887096740918,13.74015248321496,3287.0,0.9130555555555555,6.037509837885095,1.7033775125258273,06430.csv,B0018,77,6430,24,1.6940366439243106,30
4.189776104976122,3.395570490004556,3.527821497534469,2.491905723274248,0.7942056149715664,-1.8547843408980225,0.5352863944103575,31.055317978554886,37.33441415744885,13.864091300423084,3276.922,0.9102561111111112,5.992479210089512,1.6913383238843307,06432.csv,B0018,79,6432,24,1.6819027078768087,31
4.18957367163095,3.3912998226028717,3.525692957415014,2.4337177596826547,0.7982738490280785,-1.8538766950740675,0.536947140227542,31.373945543706103,37.7331798444306,13.963663796056348,3268.687,0.907968611111111,5.972643333649454,1.6864202936599857,06434.csv,B0018,81,6434,24,1.6769770618433686,32
4.187796162769597,3.40404682054735,3.5243962482347273,2.4424506461535755,0.7837493422222472,-1.845735037450336,0.5490915965506679,31.56128410753226,37.84649344841882,13.845030292897587,3260.594,0.9057205555555555,5.93026050641018,1.6749815333000746,06436.csv,B0018,83,6436,24,1.6655229306478936,33
4.186323146159568,3.4188294015011356,3.520797576383474,2.4383419399858552,0.7674937446584322,-1.8382538558498933,0.5602053123990604,31.318474723902874,37.670164941661795,13.97297504121958,3258.812,0.9052255555555555,5.894184369491584,1.6667274825937852,06439.csv,B0018,86,6439,24,1.6571924575832084,34
4.190101801118757,3.4148501288729167,3.519457281260753,2.4157245398944123,0.7752516722458407,-1.8435676915974055,0.5523858583153195,31.104012325043946,37.53185198546868,14.04141940291164,3243.422,0.9009505555555556,5.882001220236546,1.6641067984902282,06442.csv,B0018,89,6442,24,1.6482241555294048,35
4.1897711138434275,3.4160219995907752,3.513165600287965,2.323395712524894,0.7737491142526522,-1.83704467002657,0.5623536642493775,30.989730398009076,37.593333753421376,14.276581298234767,3236.515,0.8990319444444445,5.841060655204535,1.655143329076084,06444.csv,B0018,91,6444,24,1.6387701497987262,36
4.188259618341401,3.455015988846071,3.517217159454334,2.4985039496028567,0.7332436294953295,-1.8211904293154166,0.5854202439037296,30.967851972472324,37.361410110678264,14.10897142586716,3230.734,0.897426111111111,5.781689327753661,1.6373320351480478,06446.csv,B0018,93,6446,24,1.6276486907262062,37
4.1897400575765795,3.4362811914108287,3.5120091114107965,2.350237238739749,0.7534588661657509,-1.8270453339799269,0.5775148427624969,31.285342046153826,37.899803246715464,14.40657415897254,3222.093,0.8950258333333333,5.778619557206315,1.6381990290905932,06448.csv,B0018,95,6448,24,1.62215370227252,38
4.185842588877271,3.4449973202642243,3.50911052654104,2.3337740352348813,0.7408452686130462,-1.8190521792509025,0.5883016026735614,31.41096207271253,38.03149707759718,14.38418023062011,3220.344,0.89454,5.74533972233902,1.6300505728617423,06451.csv,B0018,98,6451,24,1.6140066510467586,39
4.188990469498749,3.3362824494788916,3.516106699716392,2.317647291087635,0.8527080200198571,-1.8693745969498121,0.5115312648072848,30.755137125871208,37.42220155418978,14.405662526533703,3250.75,0.9029861111111112,5.977868330426038,1.6921216519272897,06454.csv,B0018,101,6454,24,1.6760516154424625,40
4.186586244011676,3.4069101290337938,3.519010068254593,2.492394514304757,0.7796761149778821,-1.839770443871628,0.5578305966902095,30.977446633931525,37.32511174435206,13.942408563464888,3239.344,0.8998177777777778,5.8642585541547705,1.659031584826147,06456.csv,B0018,103,6456,24,1.649300642552199,41
4.18930134713925,3.408535628749042,3.5124212742229295,2.372828310153791,0.7807657183902084,-1.837963396328485,0.5605506174973947,30.800512192698992,37.31088262198154,14.16940484228055,3222.25,0.8950694444444445,5.816938623399514,1.6485721565398777,06458.csv,B0018,105,6458,24,1.63238299185809,42
4.188312148100683,3.4246186294517535,3.50815215295169,2.3560703177076867,0.7636935186489291,-1.829610957890379,0.5729052675059204,30.616192795676138,37.23234655688736,14.355392475019745,3206.157,0.8905991666666667,5.753148435846384,1.6326759577764172,06460.csv,B0018,107,6460,24,1.6164159719025777,43
4.188643751129736,3.4510403338526534,3.508648568515266,2.4644431530094417,0.7376034172770827,-1.8210831511954937,0.5849188022567446,30.399839302766903,36.94850857727268,14.382161069700242,3197.969,0.8883247222222223,5.708844972113187,1.6207496850446304,06463.csv,B0018,110,6463,24,1.6109028378249377,44
4.188511398241968,3.4471277889322587,3.5051993439595477,2.4195167274486726,0.7413836093097097,-1.8199201144788144,0.5868385117109034,30.38386825126278,37.002663545357386,14.452840423470107,3181.625,0.8837847222222223,5.672315619450728,1.6117285236045236,06466.csv,B0018,113,6466,24,1.5954638693695655,45
4.18838458205872,3.153251691766954,3.523165280193865,2.3422406504312434,1.0351328902917665,-1.8951156248467713,0.4646171251346768,30.576239500422748,36.71025442949399,13.58524545202365,3302.36,0.9173222222222223,6.173320133237786,1.7423156549420078,06469.csv,B0018,116,6469,24,1.726707440085764,46
4.189410028494153,3.22099960221937,3.527269876472835,2.3755467142668496,0.9684104262747835,-1.8867694858233446,0.4791257929311746,30.705906284556665,36.72807623650589,13.319111847817684,3285.812,0.9127255555555556,6.121258388039251,1.7260544612505213,06471.csv,B0018,118,6471,24,1.7165673917429751,47
4.189584987657955,3.2795343095128255,3.526762654741574,2.4146291375325917,0.9100506781451299,-1.8786631828974334,0.49407846014370227,30.62583594950684,36.72959308355185,13.458663657062015,3260.016,0.90556,6.044040750026431,1.7053449248348405,06473.csv,B0018,120,6473,24,1.6958235570934848,48
4.189231124368519,3.312914061922747,3.5230201794761045,2.3844645496129964,0.8763170624457723,-1.870474802329599,0.5082058740243448,30.597357068657974,36.787462351640364,13.583527960010379,3240.031,0.9000086111111111,5.973690029167935,1.68731573392794,06475.csv,B0018,122,6475,24,1.6777783190792557,49
4.187220872463777,3.3472010348392622,3.519792345798265,2.398646371281655,0.8400198376245145,-1.8562833971202242,0.5326432027762483,30.528493896066262,36.75689163314213,13.636176136227341,3232.265,0.8978513888888888,5.908261501768427,1.670160754757289,06477.csv,B0018,124,6477,24,1.6606586897774192,50
4.188749835624864,3.341784146218493,3.5251014582287223,2.4557130111721626,0.8469656894063711,-1.8625354754370638,0.5221704114976312,31.203754246103966,37.350157630970955,13.5766760430947,3232.031,0.8977863888888888,5.936515833747254,1.6759541960236346,06480.csv,B0018,127,6480,24,1.6664109274827466,51
4.1885837620106905,3.3409538026606818,3.518519199837846,2.323665882820083,0.8476299593500087,-1.8606833274060013,0.5248684995787435,31.172639449335033,37.48126030855565,13.747220400290761,3209.5149999999994,0.8915319444444443,5.880005908742285,1.6627751284599417,06482.csv,B0018,129,6482,24,1.6468336174407805,52
4.185795508701974,3.39385721106257,3.5190801794284594,2.488054079510012,0.7919382976394034,-1.8383636766891702,0.559510889405247,30.96825922704022,37.125443897626305,13.57590910489731,3196.125,0.8878125,5.783159680294192,1.6356541649302463,06484.csv,B0018,131,6484,24,1.6257639928779952,53
4.186349697160328,3.379431086342454,3.5114167272902406,2.3306937114568003,0.8069186108178736,-1.8436958588115397,0.5517155422065935,30.821704306343126,37.19112571388883,13.88386902205734,3172.562,0.8812672222222222,5.7457653853866315,1.6282164858781578,06486.csv,B0018,133,6486,24,1.6121577411874597,54
4.188974252739847,3.4005755999684046,3.5108038681605738,2.389399831578687,0.7883986527714422,-1.8362729789790888,0.5631945663434421,30.765219721637393,37.17642722353301,14.032450335993953,3172.735,0.8813152777777779,5.720893468745204,1.6218532177008254,06488.csv,B0018,135,6488,24,1.6057366823755344,55
4.191009849984344,3.3138636321820396,3.51432611790755,2.4864200723178747,0.877146217802304,-1.864690278795044,0.5189834946907256,30.809988428281613,37.11936678632194,14.042294495443649,3238.109,0.8994747222222222,5.949175248640902,1.6834563147618473,06493.csv,B0018,140,6493,24,1.673645314879889,56
4.190360332340617,3.3517763797483044,3.5196664048265607,2.4673631110639858,0.8385839525923129,-1.8572649157581866,0.5309019686925572,31.039033590700278,37.2702464066457,13.703024376108388,3191.063,0.8864063888888889,5.835627280250447,1.6502758668976973,06495.csv,B0018,142,6495,24,1.6404348572349936,57
4.188957308830069,3.3676008246193447,3.512403849382274,2.375173080957567,0.8213564842107246,-1.8483454421357695,0.544955976023811,31.04176453157222,37.39550861947664,13.862145221799398,3165.828,0.8793966666666666,5.751919252855696,1.6295643773236796,06497.csv,B0018,144,6497,24,1.6132653317422077,58
4.185868202467219,3.3877431597098138,3.5077862234460104,2.371626022111289,0.7981250427574054,-1.839168422289249,0.558982777511567,30.959784195511766,37.378956702246384,13.99762197741508,3140.407,0.8723352777777779,5.669096434525153,1.608406428305829,06499.csv,B0018,146,6499,24,1.5920964324686278,59
4.186767544001663,3.4160493489165225,3.5076596102713244,2.463955873060647,0.7707181950851405,-1.8303326102702338,0.5717503704578598,30.843513277103145,37.245718322158105,14.077969621821396,3131.922,0.8699783333333333,5.624144533946231,1.5965167991481335,06502.csv,B0018,149,6502,24,1.5866011820698824,60
4.189516120969907,3.42147245050033,3.5074833565874615,2.475545296633258,0.7680436704695772,-1.829290599843924,0.5735136933454928,30.797157400797865,37.21755583353321,14.09724532384664,3121.109,0.8669747222222222,5.600307583796687,1.5899803578780918,06505.csv,B0018,152,6505,24,1.580076649033625,61
4.189677075178088,3.4158832488116646,3.5023865933440717,2.3791563087604626,0.7737938263664237,-1.8278449003095165,0.5753377250326288,30.984434580754094,37.56150979821064,14.288087478907823,3105.265,0.8625736111111111,5.560732362380677,1.580709130493391,06507.csv,B0018,154,6507,24,1.5641732953289167,62
4.188889298039903,3.4412663031911563,3.503693493885047,2.4776158338943337,0.7476229948487463,-1.8188198987741453,0.5879523768419997,30.96789927513994,37.4174791317661,14.138808855205255,3091.25,0.8586805555555556,5.507197042856149,1.5656426929545386,06509.csv,B0018,156,6509,24,1.555618272193922,63
4.187751736524715,3.440421318342616,3.4989948462048113,2.4205549690097223,0.7473304181820994,-1.817194042260449,0.5899823940553199,30.976616345195186,37.55101533655474,14.3271566259017,3076.703,0.8546397222222222,5.469315485213864,1.5568230351065502,06511.csv,B0018,158,6511,24,1.5402045278637395,64
4.186225024003278,3.445662321409105,3.495405576723954,2.415388497112405,0.7405627025941728,-1.8157980815469454,0.5920349096110298,30.89768961926806,37.59895044072871,14.571742963671618,3062.328,0.8506466666666667,5.434324950251753,1.5488212214424162,06514.csv,B0018,161,6514,24,1.5321613015959863,65
4.189453014691957,3.4388742210783456,3.494528300232307,2.3974205597873093,0.7505787936136117,-1.822108117298183,0.5832853420027148,30.81568822237933,37.48923978216981,14.463180323919115,3050.563,0.8473786111111111,5.4309238764549566,1.5483026759034488,06517.csv,B0018,164,6517,24,1.5316232403693415,66
4.1892977641056035,3.463845758540218,3.4962554827793926,2.497752653580319,0.7254520055653857,-1.8129628028687814,0.5964398762316434,30.726188079151118,37.37911114363861,14.476090099190337,3034.672,0.8429644444444444,5.37471767512795,1.5323662866419672,06519.csv,B0018,166,6519,24,1.5222595950771978,67
4.186554797123547,3.4607953148814765,3.48769646191346,2.3726090777895896,0.7257594822420703,-1.8044876731207795,0.6077218695085601,30.768187126510046,37.559604168615785,14.726120076485252,3031.25,0.8420138888888888,5.331895052975833,1.5233210513743058,06521.csv,B0018,168,6521,24,1.5065267126851285,68
4.188205300947291,3.4579399600497065,3.486547580844067,2.36844257542991,0.7302653408975845,-1.809986175960184,0.6005171816917168,30.775415173787835,37.61805450748922,14.75994929162519,3011.343,0.8364841666666666,5.312014823640777,1.5182983603766744,06523.csv,B0018,170,6523,24,1.5014219556532926,69
4.186295492358637,3.458624303365877,3.482298183882304,2.331968556073514,0.7276711889927601,-1.8090400456598725,0.6015346118668679,30.761821976538275,37.71101994346608,14.971601653919276,3003.0,0.8341666666666666,5.2873742349220905,1.5132332333886738,06526.csv,B0018,173,6526,24,1.4963534117486457,70
4.187384370589753,3.4143206767355756,3.491819481711868,2.4057755306304176,0.7730636938541777,-1.8273691233501441,0.5765261995920948,30.913721930762733,37.767989299214086,14.758108660774422,3045.187,0.8458852777777778,5.436208714403808,1.5505452618898512,06529.csv,B0018,176,6529,24,1.5334262000312422,71
4.188734692927025,3.4412892879850094,3.493995853241935,2.4720838848798987,0.7474454049420158,-1.8180385592622932,0.5895707990203048,31.228215653165606,37.91919394450186,14.547093698925817,3028.469,0.8412413888888889,5.379713882520426,1.5341185197626315,06531.csv,B0018,178,6531,24,1.523845267514426,72
4.185052457107169,3.4434979435076563,3.484377015629623,2.342731326096539,0.7415545135995125,-1.8085351614741645,0.6029133604760181,31.261679783387308,37.99328509003338,14.561090771892484,3012.937,0.8369269444444444,5.310773441809406,1.5182648319863505,06533.csv,B0018,180,6533,24,1.501192099426124,73
4.187641016952416,3.4599209387521817,3.4859116793558376,2.4198650452188226,0.727720078200234,-1.8068041184926535,0.6047203809473584,31.18408593575448,37.984838024989045,14.692238681583284,2998.875,0.8330208333333333,5.279709579156693,1.5094570857286354,06535.csv,B0018,182,6535,24,1.492417671450291,74
4.187899339921793,3.468314102545152,3.4842787539766786,2.438879997223475,0.7195852373766409,-1.8050190987020625,0.6069178832141437,31.001432353085377,37.8288851383529,14.729487380581332,2983.547,0.8287630555555555,5.24385809092858,1.5004254386006997,06537.csv,B0018,184,6537,24,1.483323851940123,75
4.187928324239254,3.461167189335011,3.482988652120672,2.430465824271706,0.7267611349042435,-1.8118563821702207,0.5981252434394352,30.981374033120872,37.844837975501,14.806370537937841,2966.86,0.8241277777777778,5.233204327309775,1.497924231604552,06540.csv,B0018,187,6540,24,1.4807376792294196,76
4.18724908182,3.478026972161799,3.483799876979844,2.4907267597860656,0.7092221096582012,-1.8021525551783737,0.6115114596412922,31.088687926688607,37.8984610468502,14.787513343195112,2954.797,0.8207769444444445,5.183890927326331,1.483978674613362,06542.csv,B0018,189,6542,24,1.4735077809902477,77
4.188269941964259,3.460131373135017,3.4787540756450497,2.3678328028644775,0.7281385688292414,-1.8092953592546854,0.6015709818366892,31.336420133762665,38.27784043980244,14.853740541450641,2945.735,0.8182597222222222,5.183278072880583,1.4853375143148981,06544.csv,B0018,191,6544,24,1.46801928526661,78
4.188013057271598,3.4705286783940292,3.4752194351784507,2.3532703553328904,0.7174843788775687,-1.8000309691416814,0.6137236339762075,31.225999871035654,38.24434303919528,15.033328045937424,2941.375,0.8170486111111112,5.142423018080772,1.4753703588329101,06546.csv,B0018,193,6546,24,1.458092355711902,79
4.184406092157091,3.476629441262813,3.470739535801023,2.362897904778893,0.707776650894278,-1.7981302589297092,0.6158664083527366,31.037323488688802,38.06956259266949,15.135095521781142,2923.953,0.8122091666666666,5.099327608797393,1.465230346646512,06549.csv,B0018,196,6549,24,1.44786609888914,80
4.1927676322495895,3.475822076913363,3.474600910003521,2.420200016704328,0.7169455553362263,-1.8058248446047425,0.6059608523475356,30.811349225731828,37.81744565252647,15.101847724989106,2921.031,0.8113975,5.120899324365471,1.4701539696681059,06552.csv,B0018,199,6552,24,1.4527808777541982,81
4.1877899337285145,3.490006746602984,3.4740521567700093,2.472605886588914,0.6977831871255304,-1.795955865281378,0.6194837327474192,30.932223179746046,37.902567770354786,15.08570110747149,2902.75,0.8063194444444445,5.058976002881874,1.4530314345800834,06554.csv,B0018,201,6554,24,1.4425356364492432,82
4.187757134600847,3.491787123567605,3.475075728648004,2.483165462226557,0.6959700110332423,-1.7951057003644757,0.6202550885933535,31.215527070380897,38.16628336469349,15.021859346833423,2897.875,0.8049652777777778,5.049124108611203,1.4498058640319766,06556.csv,B0018,203,6556,24,1.4392712877203313,83
4.1878615032964905,3.487044876202592,3.472424307596416,2.4341986830086237,0.7008166270938987,-1.7940097981352856,0.6219148875143559,31.400797084337558,38.36789486715962,15.002433850690469,2892.094,0.8033594444444444,5.033496738816558,1.4461706765957354,06558.csv,B0018,205,6558,24,1.4286475681888218,84
4.1858288716388214,3.504583247086097,3.471751102262539,2.497859027600416,0.6812456245527243,-1.78415926316201,0.6336068636911543,31.259213269721236,38.19823604401131,15.08964181099585,2886.921,0.8019225,4.992633949457752,1.4354893038388123,06561.csv,B0018,208,6561,24,1.4249026750004896,85
4.187068171962331,3.4303014607858104,3.4745407296058963,2.3747408457948316,0.7567667111765202,-1.8136320536623207,0.5958586431455523,31.134701292957466,38.099982807571635,14.994699194901575,2942.531,0.8173697222222223,5.186830024749852,1.4874337696713917,06564.csv,B0018,211,6564,24,1.4698115324524124,86
4.187577343783777,3.4405762245177645,3.471720060423485,2.3589340839760866,0.7470011192660122,-1.810960446087532,0.5992123003543539,31.246879695988095,38.214523782841354,14.952845419494825,2912.469,0.8090191666666667,5.121465701979156,1.4702342235703463,06566.csv,B0018,213,6566,24,1.4525819651050202,87
4.187354359976366,3.4678309729542223,3.4713984098288235,2.4413266342198545,0.7195233870221438,-1.800802328247715,0.6128154420706069,31.027558674438325,37.939696536164234,14.912651922328532,2895.594,0.8043316666666667,5.059347416368816,1.4535222577683595,06568.csv,B0018,215,6568,24,1.442834198908794,88
4.1870004112881345,3.46373200309395,3.46264910889707,2.311419659807122,0.7232684081941847,-1.798647877727257,0.6152244037239009,30.931917385258963,38.06666733482501,15.277643809562523,2884.406,0.8012238888888888,5.021651981795046,1.446146162411028,06570.csv,B0018,217,6570,24,1.428376058807949,89
4.183339938829854,3.501682834204815,3.466072725920186,2.4953159238201255,0.6816571046250388,-1.7804067367547436,0.6384555022191081,30.667082236656018,37.63260475617888,15.153251424865218,2873.766,0.7982683333333334,4.951975257661113,1.4262429879848186,06572.csv,B0018,219,6572,24,1.4154547844370715,90
4.1920532879108094,3.4458804859914856,3.4730670533412877,2.4398479869382084,0.7461728019193239,-1.8167125180994765,0.5918312151441142,31.226789107710772,38.18223603956323,15.036604604171078,2893.375,0.8037152777777777,5.104231977944416,1.4653461068664653,06575.csv,B0018,222,6575,24,1.454576670077708,91
4.186468489789535,3.4602213459092295,3.4668548162926327,2.376538319699514,0.7262471438803053,-1.7981268087177564,0.616523463706281,31.387733116648285,38.3907466519188,15.090759234187896,2884.9839999999967,0.8013844444444436,5.0286838956437965,1.4461600928496519,06577.csv,B0018,224,6577,24,1.4283179548274056,92
4.18673673325988,3.4653800729248636,3.46527367520258,2.3722299202290382,0.7213566603350166,-1.7964439222994821,0.618937124028915,31.505666838292886,38.51622654624205,15.076841589633084,2870.234,0.7972872222222221,4.996033442247438,1.4376720852349831,06579.csv,B0018,226,6579,24,1.4197026883204058,93
4.187094944339141,3.4695766912945536,3.4638878223448684,2.361475505115684,0.7175182530445876,-1.795371462470329,0.6199586104036519,31.5462258449116,38.56612180540248,15.041973554557451,2864.11,0.7955861111111111,4.979366123500387,1.433591276693,06581.csv,B0018,228,6581,24,1.4155606630306516,94
4.1842071071870395,3.4708976588878513,3.457807923440064,2.317937855025735,0.7133094482991882,-1.7937175263130196,0.6226970471134031,31.389977882297476,38.5606541602861,15.393680803593682,2846.64,0.7907333333333333,4.935547920870072,1.4237164086603935,06584.csv,B0018,231,6584,24,1.405680035419228,95
4.186203003591801,3.463695994913882,3.459813554486507,2.3372859753156225,0.7225070086779195,-1.8014517734888207,0.6120664216870488,31.385433749863733,38.53842073636507,15.262457934178627,2839.532,0.7887588888888889,4.948010182921012,1.426480041276113,06587.csv,B0018,234,6587,24,1.4084461071166137,96
4.187034228023883,3.476025252893392,3.458027727779737,2.3528810264952194,0.7110089751304911,-1.7915215753378781,0.6250407299756072,31.423707199142058,38.548873480234754,15.306373095674303,2832.703,0.7868619444444445,4.904426586080181,1.4148975484761004,06589.csv,B0018,236,6589,24,1.3968547782872414,97
4.186702452011757,3.4959869797550738,3.4613996718507845,2.4646122144537173,0.6907154722566835,-1.7816941240706174,0.6376654439726294,31.435368910968148,38.45838357496903,15.201952267127837,2827.077999999994,0.7852994444444428,4.870612836303778,1.4045805842347105,06591.csv,B0018,238,6591,24,1.3935670371440676,98
4.187149487048271,3.4984865251121677,3.4611285476693214,2.4684655225527004,0.6886629619361031,-1.7797379985412234,0.6402225139571769,31.542375291159843,38.54382874673793,15.134348326026291,2821.531,0.7837586111111111,4.855412859991153,1.400396806181479,06593.csv,B0018,240,6593,24,1.3893644292809475,99
4.1851927389272,3.4901229858478673,3.455556822823358,2.4092923539400735,0.6950697530793328,-1.7856528650965158,0.6326884615160128,31.52669677306915,38.650883957434026,15.398722098897746,2805.156,0.77921,4.836060447040051,1.396949373424146,06596.csv,B0018,243,6596,24,1.378565141566671,100
4.186507115127164,3.5002914337238367,3.459598362944341,2.477625480372779,0.6862156814033269,-1.7784070647657095,0.641138761124272,31.435921914290375,38.45654834997334,15.188753734734362,2814.906,0.7819183333333333,4.836883056629452,1.3959511508685365,06599.csv,B0018,246,6599,24,1.384901110085747,101
4.184557643390084,3.488365679744425,3.4506569891269216,2.335608852853518,0.696191963645659,-1.7778412667349817,0.642833515029382,31.475238112886494,38.6564130442344,15.474580543457677,2801.156,0.7780988888888889,4.801300092956453,1.3887139523557237,06601.csv,B0018,248,6601,24,1.3703251814242443,102
4.187087122858351,3.4996632718023593,3.455515243082573,2.441999086782534,0.6874238510559918,-1.7764462760420034,0.6441113795474609,31.5817445550721,38.655587491253975,15.30838582844645,2794.187,0.7761630555555555,4.791357303593649,1.384415358550168,06603.csv,B0018,250,6603,24,1.3733464385229082,103
4.186108406696249,3.503533537088468,3.455840338587253,2.465168783147216,0.6825748696077811,-1.7752748972563315,0.6454613276661518,31.647958536134297,38.6997087046862,15.26636722179493,2785.391,0.7737197222222223,4.772372386882759,1.3790358254456443,06605.csv,B0018,252,6605,24,1.3679487285504814,104
4.183460397462309,3.49645464004892,3.448678293668265,2.370892032033162,0.6870057574133885,-1.7742013268724648,0.6466846597520868,31.662032275252905,38.87481687744787,15.576749028775303,2779.5,0.7720833333333333,4.750287091291277,1.3751421317926003,06608.csv,B0018,255,6608,24,1.3567141087089647,105
4.18705065732399,3.4124077925269103,3.4745031786447553,2.461879783248223,0.7746428647970798,-1.8196650877007408,0.5878693389724975,30.434500875864142,37.36397452607736,14.908548827725816,2899.234,0.8053427777777777,5.130569952949195,1.4715777147850135,06611.csv,B0018,258,6611,24,1.4604310209194575,106
4.187331785251929,3.4184683336986885,3.474031881945217,2.4247066368907255,0.7688634515532402,-1.8096836854216038,0.6016441539956099,31.017997058077018,37.88258787662229,14.821027029874045,2894.922,0.804145,5.09571277437216,1.4612838576161553,06613.csv,B0018,260,6613,24,1.4500998937104097,107
4.187126543921124,3.4350590212610372,3.4744042103867714,2.444722297403138,0.752067522660087,-1.7993287687468955,0.6146655593877022,31.39483761465523,38.158980736604235,14.683650531674068,2888.25,0.8022916666666666,5.053907214982187,1.4493262652033976,06615.csv,B0018,262,6615,24,1.4381406901824496,108
4.18729395521499,3.4447128708336927,3.4717670438332244,2.443569395327192,0.7425810843812974,-1.7959419603883284,0.6188320217766714,31.245118856406407,38.05243159675446,14.709620936343477,2873.906,0.7983072222222222,5.01661670459532,1.4402645289899394,06617.csv,B0018,264,6617,24,1.4283681980964316,109
4.185839399154204,3.4584291739002913,3.4685305272975935,2.4666000274194886,0.7274102252539132,-1.7956017209600372,0.6197305988329743,31.05306925187263,37.89096376444466,14.839673081741985,2847.406,0.7909461111111111,4.960182645241675,1.426028472969103,06619.csv,B0018,266,6619,24,1.4147874517552432,110
4.186876031959964,3.45760615956929,3.4651213646662598,2.4272514813701016,0.7292698723906743,-1.7929541659933774,0.6231537508776085,30.88589263299331,37.81203585126145,14.93014092769656,2849.281,0.7914669444444444,4.954508396097511,1.4257777409789862,06622.csv,B0018,269,6622,24,1.413889163393182,111
4.185068078358122,3.473799879244527,3.4652879859475885,2.4762628371779,0.711268199113595,-1.784474211719448,0.6337843829348875,31.053992379018933,37.9591954678784,15.03354594859244,2833.688,0.7871355555555556,4.89896686038671,1.410182777468021,06624.csv,B0018,271,6624,24,1.3989331662177225,112
4.185773158707972,3.4534645231734142,3.461799526154992,2.3607989727330003,0.732308635534558,-1.793581043096934,0.623462474737998,31.492840068071885,38.521043498835155,15.082237607521986,2826.453,0.7851258333333333,4.910648420338564,1.4140778570334955,06626.csv,B0018,273,6626,24,1.3953322584033976,113
4.187057458531915,3.455168986263728,3.463260140320492,2.377011586588198,0.7318884722681869,-1.7920645354970144,0.6248397802525874,31.93832684630049,38.878687997701746,14.984726636086215,2818.312,0.7828644444444444,4.89429324777055,1.4088090765908405,06628.csv,B0018,275,6628,24,1.390046129540245,114
4.185266758520927,3.479281571059917,3.462839429201602,2.4567563196678455,0.7059851874610104,-1.7809541104468565,0.6378101640549725,31.74562722135923,38.65118899876309,15.01315207541225,2812.7189999999973,0.7813108333333326,4.850460044147388,1.3974079439991214,06631.csv,B0018,278,6631,24,1.3860271454209647,115
4.192828647480177,3.455105228850889,3.4569152237960306,2.3277314025979847,0.7377234186292876,-1.7989851707207014,0.6150607583595225,31.31018499405759,38.434235278537344,15.30239457083161,2803.5,0.77875,4.8774531447306355,1.4070684906674908,06634.csv,B0018,281,6634,24,1.388215260193751,116
4.18585690434635,3.480977907386269,3.4574690175816127,2.4537913827403948,0.704878996960081,-1.7873231599598716,0.6298747207649471,31.127360345471814,38.103875724329995,15.071624109821979,2783.25,0.773125,4.807100559079242,1.387577630358133,06636.csv,B0018,283,6636,24,1.3761826562394497,117
4.1853378476861,3.4745531508156033,3.4502191781217797,2.3475608877759067,0.7107846968704963,-1.7861666392556754,0.6315209990588402,30.985550813719595,38.12742842632319,15.298418344986477,2776.391,0.7712197222222222,4.784295696792981,1.3836206033764662,06638.csv,B0018,285,6638,24,1.3647168898640163,118
4.186191692551651,3.4784896194564516,3.4486728051793962,2.3558347560196564,0.7077020730951991,-1.7849995504167615,0.6324083126317879,30.899653280757406,38.03962943213698,15.361803217573396,2766.516,0.7684766666666667,4.7615180493756135,1.3779510276790001,06640.csv,B0018,287,6640,24,1.3589854739373584,119
4.183103192995574,3.487993649197899,3.444632719716698,2.3791102362944754,0.6951095437976753,-1.7783310205058362,0.6409763052863646,30.706123644966482,37.85657903247749,15.506322544450832,2751.516,0.76431,4.711662676316346,1.365613942199362,06643.csv,B0018,290,6643,24,1.34623087640088,120
4.191804162788413,3.4279894299167255,3.467272639213176,2.444740635238248,0.7638147328716878,-1.809775952165901,0.6013127924655565,30.47122187456595,37.43017193410286,15.062653945879763,2848.859,0.7913497222222222,5.002790595605179,1.438367058925079,06646.csv,B0018,293,6646,24,1.4268427818454643,121
4.185464884609619,3.44397698882391,3.464490491162134,2.431867772331712,0.741487895785709,-1.7896694300229208,0.6274028594881519,30.939221783021114,37.8264149292754,14.922391534619354,2840.016,0.7888933333333333,4.928535261584906,1.417948385137307,06648.csv,B0018,295,6648,24,1.4064481483279665,122
4.186834478731371,3.4345905788343294,3.459667012281024,2.344037291947413,0.7522438998970418,-1.7970097248124899,0.6177710945055984,31.111640631561894,38.08307173716899,14.971209137346854,2817.375,0.7826041666666667,4.903962727262842,1.4126021706259544,06650.csv,B0018,297,6650,24,1.3934907492075153,123
4.185890317458504,3.4630520371669036,3.462241956955771,2.456436863057259,0.7228382802916,-1.7861513769566684,0.6312740378102863,31.037910219908994,37.88279649093536,14.838625454208053,2809.234,0.7803427777777777,4.859475533084229,1.3997826972256306,06652.csv,B0018,299,6652,24,1.3882493512249316,124
4.183775890805592,3.4638112912405465,3.4555661695067355,2.395547668334432,0.7199645995650452,-1.784162084841115,0.6340096391052586,30.967950840538833,37.96027066990377,15.12600595625377,2791.187,0.7753297222222222,4.813942073223901,1.3894342320681141,06654.csv,B0018,301,6654,24,1.3701878338420928,125
4.184700856653747,3.473054155492156,3.458696199585801,2.4536749172979215,0.7116467011615915,-1.7845257009241222,0.6341667224930294,30.93996203578424,37.880513353762176,15.044620321977316,2794.016,0.7761155555555556,4.823114592358047,1.3912979521410822,06657.csv,B0018,304,6657,24,1.379695166560862,126
4.184705779748733,3.4494830937378596,3.4525282614097663,2.3062728144586413,0.7352226860108737,-1.7920667435100546,0.625132688002326,31.295019295352862,38.43416278222213,15.254241471146369,2774.719,0.7707552777777777,4.806830471914014,1.3881539238845826,06659.csv,B0018,306,6659,24,1.3686586323935683,127
4.186190318516221,3.459275126150541,3.4552290080443044,2.3471092023857154,0.7269151923656803,-1.782779873271704,0.6367021285636031,31.81846533166901,38.847489737859576,15.132404685999969,2777.844,0.7716233333333333,4.789447199084276,1.382001788375537,06661.csv,B0018,308,6661,24,1.3627371779096438,128
4.184617620212458,3.484328701795344,3.4619744219744675,2.4884289104730986,0.7002889184171135,-1.7725212915953121,0.6488383119287078,32.00067162597675,38.80283421497622,14.764312590844046,2781.125,0.7725347222222222,4.771233335585897,1.3751032644085723,06663.csv,B0018,310,6663,24,1.3634051133928071,129
4.181406543107895,3.481460722799574,3.452221905520614,2.3992178234155577,0.6999458203083204,-1.769870119236631,0.6514922165839537,31.73992229230571,38.72699121838442,15.164102926775708,2760.906,0.7669183333333334,4.717904476659986,1.363526284335082,06666.csv,B0018,313,6666,24,1.3518646035305233,130
4.18481632859354,3.457732208932067,3.447650049442191,2.2786338886500292,0.7270841196614728,-1.7884847819526568,0.6286723328477213,31.52613649688221,38.67191958148309,15.270442531114316,2753.25,0.7647916666666666,4.7507232271212585,1.374234416244874,06669.csv,B0018,316,6669,24,1.3547969729652622,131
4.185409109511607,3.4772767386617156,3.447928507599004,2.3655846763383734,0.7081323708498912,-1.77774044867741,0.6422823524717661,31.27624493654335,38.371813640118894,15.248230702175018,2742.843,0.7619008333333332,4.700870879926169,1.3605410437881325,06671.csv,B0018,318,6671,24,1.341051440640485,132
4.081952934128504,1.9808329057464713,3.0828389099409663,1.9808329057464713,2.1011200283820326,-1.993560711727946,0.19338064792757953,11.988576567861957,19.02185891684059,13.373819592706376,2349.64,0.6526777777777777,4.011344928214264,1.304783389092342,06672.csv,B0053,0,6672,4,1.06914178861943,1
4.178500682084486,1.9735558560671431,3.1103286425468237,1.9735558560671431,2.204944826017343,-1.9952648424142536,0.18602186992639902,12.059863244911188,18.304754041202315,12.761078917181433,2560.688,0.7113022222222223,4.413071792055361,1.4229899670644315,06676.csv,B0053,4,6676,4,1.1540727934432229,2
4.192255020207044,1.9558143264177168,3.1104628288221936,1.9558143264177168,2.2364406937893273,-1.9952720113784062,0.18768060468054357,11.967885395858058,19.33942752368694,13.185228708736272,2522.375,0.7006597222222222,4.346171261735087,1.401807981099191,06678.csv,B0053,6,6678,4,1.1501525413826983,3
4.192588912486402,1.99748310559266,3.115027942360279,1.99748310559266,2.195105806893742,-1.994739489778059,0.1892635115635341,11.985900972885712,18.729143210051177,12.832927899891757,2488.719,0.6913108333333333,4.293925654382692,1.3827713722396666,06680.csv,B0053,8,6680,4,1.1305863853936766,4
4.192849949462827,1.974695202836088,3.109376043532363,1.974695202836088,2.2181547466267393,-1.994716528121975,0.19006644963827024,12.004376962205335,18.709411575172343,12.750401493567148,2474.844,0.6874566666666667,4.262104901387922,1.3751271112425394,06682.csv,B0053,10,6682,4,1.121790272357562,5
4.193081087954604,1.963739794456287,3.1067532264566258,1.963739794456287,2.229341293498317,-1.994462268339957,0.19045736265642232,12.133888437168595,18.63570596513145,12.789045635472167,2473.875,0.6871875,4.256271260156614,1.3744390218622167,06684.csv,B0053,12,6684,4,1.1135982401443856,6
4.179160867574629,1.944364958852849,3.083406677687234,1.944364958852849,2.2347959087217797,-1.9944377413009737,0.19005420422747446,12.327089378265738,21.292305794774187,16.38343852928513,2495.5,0.6931944444444444,4.2606415830264,1.386484939015531,06688.csv,B0053,16,6688,4,1.0864654057095062,7
4.191975122366585,1.9470490842081751,3.080580001769896,1.9470490842081751,2.2449260381584093,-1.994535794151797,0.19086257123282882,12.164497494980397,21.01159959420005,16.847765068648048,2481.078,0.6891883333333333,4.231829229612645,1.3785600644948266,06690.csv,B0053,18,6690,4,1.0647493568993147,8
4.1919635181969905,1.9602813323957715,3.0828198149689934,1.9602813323957715,2.231682185801219,-1.9942887474626396,0.1922234816735491,12.128732336863894,20.939938897683515,14.379688382018193,2460.125,0.6833680555555556,4.196804402560893,1.3668370055386139,06692.csv,B0053,20,6692,4,1.0809288094959644,9
4.192155796080977,1.9605995541160255,3.095128536447283,1.9605995541160255,2.2315562419649515,-1.99423279352749,0.19301585264484145,12.245191547318633,19.283836838998095,13.358598460995687,2440.547,0.6779297222222223,4.182916743402881,1.3559428671095999,06694.csv,B0053,22,6694,4,1.0852752041846463,10
4.192319942921637,1.9595048550370973,3.078011917190656,1.9595048550370973,2.23281508788454,-1.9941297761315324,0.1929938950047384,12.190916714981144,21.101391697483887,16.88514797868337,2449.922,0.6805338888888889,4.174601222984457,1.361091658507005,06696.csv,B0053,24,6696,4,1.0504799933740894,11
4.178256270528613,1.9845858202377116,3.0992512260717127,1.9845858202377116,2.1936704502909015,-1.993681474074749,0.19482046495510183,12.163073942837917,18.64340722345076,12.510445804445474,2408.781,0.6691058333333333,4.133373673073759,1.3380544846676785,06700.csv,B0053,28,6700,4,1.0853550177054303,12
4.192753069603226,1.944670916271544,3.0759964813859115,1.944670916271544,2.2480821533316817,-1.994006147873811,0.1940151830816296,12.292542702117027,21.313677971413888,16.928747371283126,2442.547,0.6784852777777778,4.159071520453391,1.3570045417626835,06702.csv,B0053,30,6702,4,1.0508395690790722,13
4.192021598416352,1.9692766515934297,3.076814828498021,1.9692766515934297,2.222744946822922,-1.9936703356758645,0.19538687045283698,12.129527968970198,20.92811979857166,14.295369314960343,2420.671,0.672408611111111,4.120581201569222,1.3447671038443567,06704.csv,B0053,32,6704,4,1.060906788333118,14
4.192422731350341,1.991566826677512,3.0908348956433267,1.991566826677512,2.200855904672829,-1.9936409148373782,0.19575656761378687,12.364595355360214,19.930786955410536,13.985725960576772,2409.906,0.6694183333333333,4.123909305140052,1.3387588972665976,06706.csv,B0053,34,6706,4,1.070582461063814,15
4.192159667005352,1.9588680902433295,3.0705536079059534,1.9588680902433295,2.233291576762022,-1.9937041845656749,0.19628399914014905,12.128324396717016,21.0220574646762,16.025191026834847,2416.672,0.6712977777777778,4.105774540498103,1.3425960691872048,06708.csv,B0053,36,6708,4,1.024036665663697,16
4.177933640317498,1.9836880271317603,3.087460321440554,1.9836880271317603,2.1942456131857377,-1.9931353663259233,0.19708892835702674,12.302129277138697,19.091622529647232,13.060626991696193,2395.75,0.6654861111111111,4.094788135105123,1.330627660552269,06712.csv,B0053,40,6712,4,1.0670957253433857,17
4.192397472111982,1.968810244689163,3.0715434654202056,1.968810244689163,2.223587227422819,-1.9931266937645042,0.19672666025429145,12.366585260617875,21.30570494347084,16.89479725776775,2410.688,0.6696355555555555,4.097277160264453,1.3389278295296392,06714.csv,B0053,42,6714,4,1.0279237850447498,18
4.191372411963712,1.940239319338743,3.0648787393041275,1.940239319338743,2.2511330926249693,-1.9933351618651365,0.19756062310628536,12.13341884254367,21.06885524244432,14.885298922596013,2402.125,0.6672569444444445,4.072380639689033,1.3343901447238014,06716.csv,B0053,44,6716,4,1.0325426399701008,19
4.191822005194803,1.9763616179319543,3.0920593287919123,1.9763616179319543,2.2154603872628487,-1.992634824405149,0.19961982970475367,12.146814956196247,19.0403826843671,12.822124752630575,2355.265,0.6542402777777777,4.030544681000577,1.307950387239224,06718.csv,B0053,46,6718,4,1.055948784653705,20
4.192766032434195,1.958878972318411,3.0752264215555254,1.958878972318411,2.2338870601157836,-1.9928701313578603,0.19827870377815748,12.493460218119653,21.22988294194384,15.59834394842258,2396.719,0.6657552777777778,4.078955058658972,1.3311162004143413,06720.csv,B0053,48,6720,4,1.0445313831308718,21
4.1514305701957595,1.9866817453254884,3.063652287832334,1.9866817453254884,2.164748824870271,-1.9928226279037262,0.19675044550132662,12.212439916474112,20.949809700571592,16.115749997220746,2442.344,0.6784288888888889,4.140763158384706,1.3563987380089868,06724.csv,B0053,52,6724,4,1.035313906812183,22
4.177669181156461,1.9605382250198835,3.081738329329653,1.9605382250198835,2.217130956136578,-1.992894098916617,0.1967288925450701,12.533800131697806,20.122996890408825,14.306592057652852,2444.703,0.6790841666666667,4.169869950908753,1.3577290174725547,06728.csv,B0053,56,6728,4,1.076341053101982,23
4.191266690420751,1.9904175883780109,3.0712653565298207,1.9904175883780109,2.2008491020427403,-1.992442672698046,0.2004792600707915,12.15752125414067,20.906313087706064,14.91137569738924,2412.25,0.6700694444444445,4.097618293366427,1.3397252870308962,06730.csv,B0053,58,6730,4,1.0352223140423542,24
4.191965715839513,1.9817745728975944,3.0775076513338275,1.9817745728975944,2.2101911429419183,-1.9925886065719591,0.1992371293226043,12.500489505201012,21.200762542996532,15.357667935481757,2403.234,0.667565,4.092791872738481,1.3346430926579467,06732.csv,B0053,60,6732,4,1.0514287056908256,25
4.191269581182375,1.9986378497920827,3.081721091323029,1.9986378497920827,2.1926317313902928,-1.9921660756337995,0.20113701641521453,12.129752391274424,20.01669492389786,13.482187463467959,2361.047,0.6558463888888889,4.0253282942966475,1.311045356854157,06734.csv,B0053,62,6734,4,1.060332934638968,26
4.192350344888558,1.9475532037509713,3.065618110074436,1.9475532037509713,2.2447971411375867,-1.992579022263777,0.2001693086623403,12.4375808996521,21.300888549752415,16.008785931201402,2392.468,0.6645744444444444,4.05837161315889,1.3287229613796323,06736.csv,B0053,64,6736,4,1.0236966462748538,27
4.177129906680911,1.9971786671898824,3.078450046499129,1.9971786671898824,2.1799512394910283,-1.9922556312887356,0.20104994659883613,12.499986997045514,19.859103950325803,13.796509032359594,2373.89,0.6594138888888889,4.043825067996865,1.3182085953104705,06740.csv,B0053,68,6740,4,1.0465884668750889,28
4.191922035679278,1.954304860794578,3.0625561806089783,1.954304860794578,2.2376171748847,-1.9924849523302153,0.2012573800055707,12.407329307373491,21.371062787995548,17.215731708463267,2383.234,0.6620094444444444,4.038518177290289,1.323645184815181,06742.csv,B0053,70,6742,4,1.0031121684812232,29
4.1914917424018325,1.9728121678621011,3.070668465167841,1.9728121678621011,2.218679574539731,-1.991918687181604,0.20306525042617932,12.12683073125857,20.121473725568496,13.508362628803024,2342.453,0.6506813888888889,3.9781290811993424,1.3007179487950764,06744.csv,B0053,72,6744,4,1.0461578935615607,30
4.192505197154108,1.9932654775438805,3.0689252222547845,1.9932654775438805,2.1992397196102274,-1.9920764243229472,0.2028276337414781,12.488226976946088,21.375504791399432,15.991466195932471,2359.296,0.6553599999999999,4.006009271823299,1.3101656303512192,06746.csv,B0053,74,6746,4,1.0156263513525603,31
4.191388693209469,1.9677305370734943,3.059463155886766,1.9677305370734943,2.2236581561359747,-1.9916033205160302,0.20371991345042284,12.141455926320956,20.75519907919811,14.021413422319615,2345.453,0.6515147222222222,3.967488955422536,1.3022578397858695,06748.csv,B0053,76,6748,4,1.0250054893129452,32
4.1766533494421765,1.9646771872417268,3.0515604930870808,1.9646771872417268,2.2119761622004495,-1.9918811626801765,0.20327367791944137,12.395143910298117,21.495108529574846,17.685038386440862,2360.172,0.6556033333333333,3.98433599682439,1.3106222559411558,06752.csv,B0053,80,6752,4,0.9801331625592912,33
4.191203897341503,1.9842967959422224,3.0772581124120912,1.9842967959422224,2.2069071013992807,-1.991620909948196,0.20533986227434123,12.19451958922961,19.650976156235696,13.079738464523526,2315.407,0.6431686111111111,3.9414554893287086,1.2856531145397094,06754.csv,B0053,82,6754,4,1.036777776420363,34
4.191866717831731,1.9519786488395736,3.0764274410465147,1.9519786488395736,2.2398880689921574,-1.9916919647659999,0.20528347917321588,12.32467046038635,18.85601423191303,12.70979059880223,2322.156,0.6450433333333333,3.9528526116647944,1.2894201653928952,06756.csv,B0053,84,6756,4,1.026830062058722,35
4.191989330112193,1.9991200294367055,3.0735171627901745,1.9991200294367055,2.1928693006754876,-1.9916164333598745,0.20536881325440856,12.456556362135045,19.66943680638515,13.677750308946358,2327.1570000000065,0.6464325000000019,3.9572476878676537,1.2921902268000984,06758.csv,B0053,86,6758,4,1.0150379662805102,36
4.192193889063254,1.9919158008530224,3.0586262243104274,1.9919158008530224,2.200278088210231,-1.9915769869135742,0.2053054859121366,12.493233578273262,21.138845685984403,16.13319637917737,2335.0,0.6486111111111111,3.950555788127862,1.2965201185729267,06760.csv,B0053,88,6760,4,0.9904614739486176,37
4.176369785873148,1.94559141180858,3.0655406838342585,1.94559141180858,2.230778374064568,-1.9913283590219126,0.2059426808065725,12.497083720348076,19.288047919779903,13.18043019522095,2329.375,0.6470486111111111,3.9505836467236204,1.2933017270219644,06764.csv,B0053,92,6764,4,1.0145765174582757,38
4.191893131054369,1.974560984027517,3.0545790418645686,1.974560984027517,2.217332147026852,-1.991453914785753,0.20575569642663444,12.499664099435382,21.3268013324968,16.686513911637228,2333.875,0.6482986111111111,3.94305176349232,1.2959104283026779,06766.csv,B0053,94,6766,4,0.9811308944080388,39
4.191053526742021,1.945088917895143,3.050692756091621,1.945088917895143,2.2459646088468777,-1.991333341091594,0.206925459854018,12.233147481743185,20.84260661100648,14.13866128013351,2317.453,0.6437369444444444,3.9084270629432307,1.2867706108344272,06768.csv,B0053,96,6768,4,1.0041687429386437,40
4.191344296215671,1.9541644750198832,3.0706836502741286,1.9541644750198832,2.237179821195787,-1.9909759973896202,0.20819601071326527,12.380002749755878,18.56010936417985,12.28117099267158,2295.109,0.6375302777777777,3.8987215182656314,1.2741848675749063,06770.csv,B0053,98,6770,4,1.007820487960787,41
4.1920711169862885,1.935548354335742,3.051595420919736,1.935548354335742,2.2565227626505466,-1.9908720980814456,0.20920349872202085,12.616251645969692,21.59240098021019,16.166204712281896,2326.657,0.6462936111111112,3.9270422970052854,1.291859483827567,06772.csv,B0053,100,6772,4,0.982454133084564,42
4.131914155324195,1.9814063517681837,3.072187965091245,1.9814063517681837,2.1505078035560117,-1.9918802848881905,0.2006615034646108,12.829588969895449,20.679962323191948,15.233380665773609,2479.297,0.6886936111111112,4.216880724849908,1.3767640625718185,06776.csv,B0053,104,6776,4,1.1096775355538029,43
4.1754412480532865,1.9931418060709152,3.094404341842919,1.9931418060709152,2.182299441982371,-1.9920173318720953,0.20166866919527887,12.58985421750493,18.987480522594797,12.882853235342939,2463.578,0.6843272222222222,4.220314060581176,1.368163555024962,06780.csv,B0053,108,6780,4,1.1136801589914762,44
4.19084164853627,1.947894370100842,3.070776135685358,1.947894370100842,2.2429472784354276,-1.9921854505345817,0.20233091404292286,12.499581621225966,21.621996984314368,16.385986833451923,2458.812,0.6830033333333333,4.17808488894092,1.3656752474856675,06782.csv,B0053,110,6782,4,1.0385009100572404,45
4.190565801665098,1.9856387948209864,3.093317588803282,1.9856387948209864,2.2049270068441116,-1.9915614937804331,0.2046884061335546,12.55044884575378,18.973652680872625,12.813988898347747,2400.672,0.6668533333333333,4.109506252558123,1.3330922940051058,06784.csv,B0053,112,6784,4,1.0768815902180078,46
4.191036582578031,1.949232767477218,3.0749380759068083,1.949232767477218,2.2418038151008126,-1.9913636586660952,0.2052463112572737,12.432369953422185,20.978900321002104,14.314254505394512,2396.407,0.6656686111111112,4.075866365306735,1.330626291488667,06786.csv,B0053,114,6786,4,1.0721705505837382,47
4.190677216614621,1.971670057823583,3.0677280268889113,1.971670057823583,2.2190071587910385,-1.9913026171829147,0.20577225549331263,12.51661002939304,21.79016577987201,16.97029882022634,2392.375,0.6645486111111111,4.059494803235394,1.3284161631304032,06788.csv,B0053,116,6788,4,1.0124588999851116,48
4.174790887794049,1.9947630114629615,3.0638438118587557,1.9947630114629615,2.180027876331087,-1.990880837032101,0.20698217218750198,12.386978430486096,21.259687238039497,15.680440185402574,2373.687,0.6593574999999999,4.020757677917189,1.317844758802813,06792.csv,B0053,120,6792,4,1.0279944857549583,49
4.191223425605613,1.93495405419616,3.069633671738992,1.93495405419616,2.256269371409453,-1.99127383323294,0.20644015427721674,12.86442209459833,22.11367611975276,16.67325507893288,2385.922,0.6627561111111111,4.052063193086623,1.3248817738004717,06794.csv,B0053,122,6794,4,1.0304147279049998,50
4.1907916530158085,1.9626921591466933,3.0774703956362286,1.9626921591466933,2.228099493869115,-1.9908555652032598,0.20843964390714215,12.452887134609785,20.512663513524156,13.940239755936279,2345.0,0.6513888888888889,3.991435692293966,1.3019861021311216,06796.csv,B0053,124,6796,4,1.0556163273995052,51
4.191391388470691,1.965011869626919,3.065650898720959,1.965011869626919,2.2263795188437716,-1.9910466332112344,0.20802009029088922,12.717167506079072,21.838243278861643,17.350993548133278,2363.047000000006,0.6564019444444461,4.007271972440915,1.3121312176024087,06798.csv,B0053,126,6798,4,1.0011115418162628,52
4.1908069648629,1.9982886464924436,3.087680483774557,1.9982886464924436,2.1925183183704564,-1.9904913026405957,0.2102702203857749,12.479976931874727,19.19841243068418,12.801812787942652,2316.687,0.6435241666666667,3.9567115412254963,1.286123774892907,06800.csv,B0053,128,6800,4,1.0466839215498662,53
4.1756454573909885,1.987337089818558,3.080080108538352,1.987337089818558,2.1883083675724304,-1.9901940926688606,0.21089436134371092,12.53086381740867,19.947938817320452,13.472087834273523,2322.0,0.645,3.9551243852920033,1.288985141223836,06804.csv,B0053,132,6804,4,1.047181656018543,54
4.1919833117809935,1.9333820178355816,3.063813027452571,1.9333820178355816,2.2586012939454116,-1.990607985239254,0.20912596101971312,12.900294389057347,22.11167709201849,16.891835805989054,2357.687,0.6549130555555556,3.995531604583357,1.3089496358359485,06806.csv,B0053,134,6806,4,1.0102740078425778,55
4.190425450437361,3.8013484699433544,4.060790325607858,3.8013484699433544,0.3890769804940062,-0.6718360254347512,1.1605150069896715,6.164758961234487,6.582625875555882,0.743550171440976,23.0,0.006388888888888889,0.014520429701280407,0.0038190292341152812,06808.csv,B0053,136,6808,4,0.0,56
3.849349497973326,3.66372553016249,3.224017445984581,2.1808531235872497,0.185623967810836,-1.1710330967045812,0.9924503367197394,12.46348139823978,19.2224107892251,13.071780250476813,2660.313,0.7389758333333334,2.5036223534541326,0.8536809373182092,06809.csv,B0054,0,6809,4,0.7399351039859233,1
4.1501696736386835,3.718807290316491,3.250620648698839,2.1857283549042807,0.4313623833221927,-1.6489958041029573,0.7742370118742742,13.22908734445715,19.13350840101625,14.025344850945878,2826.0,0.785,4.066930551997024,1.2906907627837936,06813.csv,B0054,4,6813,4,1.1665440238116096,2
4.18097797086454,3.74417703782021,3.3125509639490387,2.191704472328808,0.4368009330443301,-1.5571513787964162,0.8421272465574602,12.767949622305693,19.246439328077983,13.029692388407621,2818.578,0.7829383333333333,3.8768840455478104,1.2145918469800945,06815.csv,B0054,6,6815,4,1.1052521456138635,3
4.183717509418553,2.194436684364802,3.014547209987882,2.194436684364802,1.989280825053751,-1.997470366256859,0.16840940941240212,14.48548355867213,25.274344894624623,20.083325218072112,2713.812,0.7538366666666666,4.53130069154931,1.5083063240191987,06817.csv,B0054,8,6817,4,1.0960302257185877,4
4.179551945393369,3.755571830337985,3.362083204238267,2.1744802077788186,0.42398011505538413,-1.4975619564128648,0.8784096306209648,12.21069483610014,17.912726519981458,11.815705908420536,2786.578,0.7740494444444445,3.7314274419230546,1.1536911197995154,06819.csv,B0054,10,6819,4,1.0754450685609742,5
4.186221002348923,2.1991956579298835,3.0193532290227596,2.1991956579298835,1.987025344419039,-1.9970237894724439,0.17077894541729582,14.382852820878863,25.399130245059563,20.008847180503718,2667.89,0.7410805555555555,4.460974025229731,1.4826487602471552,06821.csv,B0054,12,6821,4,1.0655493528023796,6
4.162902627844775,3.734996980369478,3.2949076790535123,2.195382286735059,0.42790564747529736,-1.6640786232847224,0.7613798795068452,12.646539321462496,19.958495728003356,15.297632170289017,2530.172,0.7028255555555556,3.7469087417822626,1.1685663377198856,06825.csv,B0054,16,6825,4,1.0568368579972396,7
4.185951705013706,3.57079973569565,3.099558518903638,2.186961493066742,0.6151519693180565,-1.9715817292939632,0.28127212880799046,13.501798463127008,22.3455512044548,17.082850693356118,2446.062,0.6794616666666666,4.146596337392173,1.3444142849759253,06827.csv,B0054,18,6827,4,1.0449064445364842,8
4.183685207894235,3.752349878105168,3.344320754921095,2.1792899341144296,0.43133532978906697,-1.5296202376253885,0.8597253805263284,12.310686417130766,18.346440665576743,12.818892171516957,2713.25,0.7536805555555556,3.6984822241816584,1.1476774971391457,06829.csv,B0054,20,6829,4,1.0458363976936966,9
4.186682919177322,3.7568612421941943,3.3393968492515325,2.1960491387884744,0.4298216769831278,-1.5281296055710467,0.8606210370927184,12.449589157423155,19.776786565302107,13.71711700522009,2676.578,0.7434938888888889,3.6379503395909776,1.1315450119434516,06831.csv,B0054,22,6831,4,1.018187920878015,10
4.187137846103755,3.571283662428627,3.1066787302612444,2.1942476804372792,0.6158541836751281,-1.9701082949463853,0.2864170849160639,13.39260571620204,22.520284175103843,17.06825264098604,2394.734,0.6652038888888888,4.066727449009187,1.3156148434889938,06833.csv,B0054,24,6833,4,1.0226409233672231,11
4.170705017695055,3.7569036686153536,3.3713317734388912,2.1907481286563577,0.41380134907970145,-1.5000378935218985,0.8769725934728457,12.045245019281868,17.54568061289479,11.575923271645266,2673.0,0.7425,3.6022036918548057,1.1090051031246602,06837.csv,B0054,28,6837,4,1.03890961861509,12
4.18733783943504,3.673996417135624,3.1171442968796907,2.185877354823723,0.5133414222994159,-1.8653555811837863,0.5230171078765105,14.027143186292392,22.730114882559057,17.715048569590795,2619.578,0.7276605555555555,4.176811116281163,1.3596017658762438,06839.csv,B0054,30,6839,4,1.0173250354350074,13
4.183271363053432,3.7563443982820273,3.3723181530355464,2.18549830376202,0.4269269647714049,-1.5115018139952767,0.8707415383684125,11.986987916312621,17.24230903543893,11.204409622947487,2640.016,0.7333377777777778,3.591742598418768,1.1041274727796884,06841.csv,B0054,32,6841,4,1.033183911994548,14
4.1871763489072675,3.762070580613048,3.3752367769573675,2.169486415611112,0.42510576829421964,-1.497824274090196,0.8785135653595444,11.961246010798936,17.67282228813571,11.405681710100296,2621.187,0.7281075,3.5316022755451177,1.086156900107737,06843.csv,B0054,34,6843,4,1.0095232119739597,15
4.187373537276062,3.611897459402903,3.0680241783485127,2.1991609285274296,0.5754760778731587,-1.9179494962272428,0.42483800280292205,14.303923037098802,24.83365687277193,18.43733757216017,2616.453,0.7267925,4.246020238341077,1.3978731017939616,06845.csv,B0054,36,6845,4,0.9862483259626476,16
4.167740648411655,3.5842744379624696,3.080029423131606,2.16946894247905,0.5834662104491857,-1.9314917930639428,0.3938476915316865,14.014570142346548,23.814869897999767,19.25598375725171,2565.109,0.7125302777777778,4.217472470518471,1.3805372080137372,06849.csv,B0054,40,6849,4,1.0080048320000436,17
4.182759232638332,3.613759915863712,3.0995001166042586,2.189366386338004,0.5689993167746197,-1.92048742497431,0.41934267683299126,13.82742179742786,23.286158021770156,18.173079295362086,2532.531,0.7034808333333333,4.162942731693943,1.3554469396848368,06851.csv,B0054,42,6851,4,1.0153387761254196,18
4.183401065560466,3.6772812751724606,3.135117188240346,2.1938108499397133,0.5061197903880057,-1.849612166299431,0.5483581169455682,13.793181239419976,22.857688282463823,17.39833931199999,2556.593,0.7101647222222222,4.061565009892408,1.3158056658058905,06853.csv,B0054,44,6853,4,1.0106786853355956,19
4.174098618023754,3.752170476806448,3.361825569933971,2.195354018162212,0.4219281412173057,-1.525824007413269,0.8622149926010138,12.006556818172502,17.0744400013979,11.057682255385508,2577.891,0.7160808333333334,3.53364258259222,1.0888250759513642,06855.csv,B0054,46,6855,4,1.010409656585336,20
4.187244537540539,3.5945175233917457,3.069748420550782,2.1757051329882087,0.5927270141487933,-1.9223708469458909,0.4153748421695483,14.223331420666247,25.034160636506623,18.991501651146613,2572.36,0.7145444444444444,4.19065673565815,1.377874458824303,06857.csv,B0054,48,6857,4,0.9801433323963482,21
4.149611746563943,3.5838834010856213,3.0996476610968013,2.1816843710356264,0.565728345478322,-1.9101165488009806,0.44058168213450843,13.816713741617784,23.829313770803378,18.120103258890317,2697.75,0.749375,4.408633531963437,1.4353835580690968,06861.csv,B0054,52,6861,4,1.1016641723624383,22
4.167185143906847,3.729023578458242,3.3276361450033405,2.1869057073992466,0.4381615654486053,-1.6020144332363573,0.8111534395174257,12.297445133045807,18.148295901779747,12.206968738997512,2683.406,0.7453905555555556,3.8479631380460946,1.1914479862803085,06865.csv,B0054,56,6865,4,1.0826512239001271,23
4.1861551088147975,3.584561513579988,3.090887653178106,2.1798631989492883,0.6015935952348093,-1.9236868575194104,0.41235822266588296,13.917709213674303,24.24050410772348,18.571519354306638,2646.156,0.7350433333333333,4.3462061467138895,1.4183429728840844,06867.csv,B0054,58,6867,4,1.0575008387868343,24
4.183562459488766,3.646419338563987,3.1255606087732573,2.1957368370641035,0.5371431209247794,-1.8803961080701523,0.4975703584001488,13.738247646589583,22.93935470684112,17.46954249583966,2593.531,0.7204252777777778,4.192836752903042,1.3578652428350737,06869.csv,B0054,60,6869,4,1.0385517331615322,25
4.183469543197807,3.600862517495629,3.0910099520509644,2.197272162359153,0.5826070257021785,-1.905113543140002,0.45139127600031964,14.021036742212438,24.77112444800467,20.563922922939447,2604.125,0.7233680555555555,4.230137122609459,1.3822578875601073,06871.csv,B0054,62,6871,4,1.0073294901291132,26
4.182803471091083,3.750608754885287,3.371121145966289,2.186991625035034,0.4321947162057964,-1.5218810456368534,0.8646808411159785,11.909908874752377,17.39258920543283,11.106187095330782,2588.594,0.7190538888888889,3.552764061180988,1.0908366729920913,06873.csv,B0054,64,6873,4,1.0160400308540347,27
4.177383538932332,3.745300922636264,3.3382772643772527,2.1839945875783817,0.43208261629606826,-1.5596078514903517,0.8408270514721972,12.313622257322168,18.305747733025576,12.171468375110493,2579.203,0.7164452777777778,3.5979508456129192,1.1149180888425976,06877.csv,B0054,68,6877,4,1.0158319636440951,28
4.18745666665725,3.729242054202272,3.275227014636782,2.1974155139704856,0.4582146124549782,-1.6471246950174097,0.776094857025625,12.835536006037291,19.849601783840107,13.863059563791396,2555.453,0.7098480555555555,3.7105972806130065,1.1674069853456996,06879.csv,B0054,70,6879,4,1.0015383803216271,29
4.187380122640154,3.5871227400255266,3.08264025202744,2.1944796571193828,0.6002573826146276,-1.9257089452541614,0.40739889858262296,14.025334270032486,23.697887384213885,18.536831900309828,2525.609,0.7015580555555555,4.144585214581689,1.3559674496453973,06881.csv,B0054,72,6881,4,0.981248861591824,30
4.183314724424282,3.7446102995472006,3.3354691487943056,2.19582689132158,0.43870442487708106,-1.5632544144584157,0.838519020489302,12.206393799822907,17.639370990163055,11.431484238027288,2536.172,0.7044922222222222,3.54430463347504,1.0991471044294159,06883.csv,B0054,74,6883,4,0.9987416030110134,31
4.187279483525102,3.5941170592562743,3.06956232360524,2.180729125655269,0.5931624242688276,-1.9167231691178084,0.42729928729426064,14.157912343382948,24.855759413239458,19.584916232542547,2536.204,0.7045011111111111,4.120184039855442,1.3551861755970604,06885.csv,B0054,76,6885,4,0.9584014230949642,32
4.168468446662642,3.648475452266422,3.1084291827280213,2.198606902338691,0.5199929943962198,-1.8791583665297853,0.49929579680846814,13.877029644763786,22.633573596217214,16.911470413797364,2488.86,0.69135,3.999063496043008,1.3028392602801648,06889.csv,B0054,80,6889,4,0.9800846133894624,33
4.1836983412369415,3.753876919121481,3.3581509225423294,2.178492152794792,0.42982142211546037,-1.5204721015245712,0.8654820838472418,12.000734280236426,18.24210090664387,11.765963133041735,2518.547,0.6995963888888889,3.4374786329006866,1.0613758068766508,06891.csv,B0054,82,6891,4,0.9720372198962766,34
4.187523274109238,3.6558753417037777,3.1056894645085027,2.1931605321338634,0.5316479324054604,-1.8782588716032265,0.5012171076604856,13.961422230756657,23.459587106388874,17.65865053304322,2485.766,0.6904905555555556,3.9879131438873046,1.300970064647823,06893.csv,B0054,84,6893,4,0.9693202807518412,35
4.184269535257578,3.6133278880523303,3.076065545012625,2.1971158447610275,0.570941647205248,-1.89639216401358,0.4681389440043431,14.14108020855593,24.87318926454243,19.67025732525308,2506.718,0.6963105555555555,4.029569204251773,1.3248784955383646,06895.csv,B0054,86,6895,4,0.9479786388506264,36
4.183868392040906,3.667664534861541,3.121042954980712,2.192446180613871,0.5162038571793648,-1.8576897659318123,0.5355876933743066,13.857077682108361,22.57895105031832,16.81751942524891,2459.297,0.6831380555555555,3.9140662406767333,1.2727029845453997,06897.csv,B0054,88,6897,4,0.9638519569071228,37
4.169523640726687,3.7461787806161966,3.330025768269621,2.1750045839249057,0.4233448601104901,-1.5518869076190895,0.8458188171180612,12.299989669041157,18.155876160419844,11.923816186848097,2488.734,0.691315,3.442863451249263,1.071103229853979,06901.csv,B0054,92,6901,4,0.9682336695484696,38
4.18749739820457,3.596888510616467,3.067009596769174,2.1906356157422464,0.590608887588103,-1.9124622855946998,0.4362573331027361,14.212120623239777,24.745737558953422,20.440144587110264,2491.375,0.6920486111111112,4.034442526945403,1.3285289449563122,06903.csv,B0054,94,6903,4,0.9407020864603765,39
4.183674115350642,3.717812319923843,3.224323331222822,2.1969226044699126,0.46586179542679895,-1.7011264817066785,0.728104563755007,13.232401754114171,20.864500972462256,14.80732172159502,2467.328,0.6853688888888889,3.6574144087666727,1.165933089557949,06905.csv,B0054,96,6905,4,0.9618442077038964,40
4.185867048914436,3.757317022373612,3.348287536831091,2.188259141429684,0.4285500265408242,-1.5163049342863169,0.8681123502874847,12.098481296366476,18.59367691804772,12.125559691522957,2466.125,0.6850347222222222,3.343713805863702,1.037274354930228,06907.csv,B0054,98,6907,4,0.9332340144199704,41
4.1877140542499625,3.566661042114098,3.0573024563037245,2.1682818867328626,0.6210530121358646,-1.9284095076756849,0.4008327940844686,14.316106635806587,24.597212846034733,19.293438293010006,2459.312999999994,0.6831424999999984,4.010651927386609,1.3229839057541415,06909.csv,B0054,100,6909,4,0.9313454737145216,42
4.145482909212399,3.6002806681405035,3.076951013118892,2.187733999755357,0.5452022410718955,-1.8954338677218168,0.4692184291646878,14.083550544682673,24.13178710047615,17.889956498234262,2559.125,0.7108680555555555,4.11568771482013,1.3520790175272668,06913.csv,B0054,104,6913,4,0.9976429099116704,43
4.168037433999008,3.5816449394712744,3.085795975435223,2.158914847324055,0.5863924945277339,-1.9122439737900219,0.4362117900049837,14.07160712441505,23.612194914633054,18.401349111989962,2534.156,0.7039322222222222,4.132959625145179,1.3513214974845598,06917.csv,B0054,108,6917,4,0.9833315262972036,44
4.182894970276525,3.740804132124979,3.3302769619097354,2.1913469960772693,0.4420908381515458,-1.5658732171156964,0.8368280790928758,12.23792511997238,18.35582339692624,12.075945145305145,2521.985,0.7005513888888889,3.5281418648979503,1.0956599506374571,06919.csv,B0054,110,6919,4,0.9904370062777442,45
4.187269403966888,3.577562056535852,3.071754770434524,2.1887585386046826,0.6097073474310362,-1.9198544645109012,0.4206748042258624,14.182674582038874,24.73342335069987,20.25612804176314,2503.172,0.6953255555555555,4.081053432831751,1.3405856385522894,06921.csv,B0054,112,6921,4,0.9499871340436294,46
4.183666770470569,3.5903376638184414,3.0794678744671966,2.198239401427243,0.5933291066521273,-1.9091163760160397,0.44292079772626813,14.10332308130901,24.172566338551658,18.730223908814708,2474.344,0.6873177777777778,4.01785139756634,1.3173870837850197,06923.csv,B0054,114,6923,4,0.9526027840900876,47
4.070971749243454,3.599123451727323,3.0669938746662084,2.1796805503092664,0.4718482975161309,-1.8522071985944888,0.5434233781753514,14.073408640034845,23.99040081449467,18.51217825380239,2349.64,0.6526777777777777,3.668039677209457,1.2128241384271419,06925.csv,B0054,116,6925,4,0.8850175175465715,48
4.166645706761701,3.5833889964753713,3.092460830981556,2.1687268442761383,0.5832567102863293,-1.9078833192347389,0.44518843062808316,14.081056672524559,23.497913584081875,18.089491441393633,2560.688,0.7113022222222223,4.172906466516606,1.3616401700302112,06929.csv,B0054,120,6929,4,0.9937402750241768,49
4.182736373587939,3.620565658894733,3.109872659544261,2.191725388766709,0.5621707146932056,-1.8886275942243516,0.4824553954714021,13.882912785076055,22.413638355604547,16.422490143939854,2522.375,0.7006597222222222,4.08226803442138,1.3272468071647099,06931.csv,B0054,122,6931,4,0.995507330519279,50
4.183619389994964,3.5830458462229595,3.0916929425969144,2.16190489413124,0.6005735437720041,-1.9132216217910722,0.43417041488043767,13.976909425974554,23.276288269463745,17.543468383563102,2488.719,0.6913108333333333,4.067609866258581,1.327446199879082,06933.csv,B0054,124,6933,4,0.975407870968116,51
4.18340061507743,3.599208781202452,3.092077800709679,2.1867699716569766,0.5841918338749776,-1.903346510749379,0.45448805604368125,14.001484389915577,23.166415774259068,17.363806750992374,2474.844,0.6874566666666667,4.020111744849451,1.3131375243724945,06935.csv,B0054,126,6935,4,0.965960558373922,52
4.183750141327261,3.5939436229260187,3.0868228519569625,2.198752976514828,0.5898065184012422,-1.9027928791898274,0.45537355946678604,14.093605062402071,23.915519230311656,18.20843933207594,2473.875,0.6871875,4.01046971926921,1.3122635479286564,06937.csv,B0054,128,6937,4,0.9573702621688754,53
4.167192484254595,3.604495791953517,3.072604933827402,2.166553275090901,0.5626966923010777,-1.8852058718255222,0.48848855752134435,14.300275862318225,24.7714915843067,19.836109896881467,2495.5,0.6931944444444444,3.981468798128983,1.3111904849123956,06941.csv,B0054,132,6941,4,0.9294756591964932,54
4.182878197721284,3.609295769234971,3.076772656394079,2.1974146026719614,0.5735824284863131,-1.8841642253203457,0.49080892918670366,14.124062472619881,24.68396453173386,20.17546254615374,2481.078,0.6891883333333333,3.9612157335132094,1.3031430935950967,06943.csv,B0054,134,6943,4,0.9323553879823946,55
4.182465009412686,3.731237635784759,3.2911829197288838,2.1984537160355733,0.4512273736279271,-1.6061202048940721,0.8084193090066676,12.64526098166937,19.020363167421827,12.701388353413623,2460.125,0.6833680555555556,3.492977566388274,1.096504395331813,06945.csv,B0054,136,6945,4,0.954568378404969,56
4.186729661376772,3.568447172304276,3.0675140530182183,2.1699490089903373,0.6182824890724956,-1.9185686957922583,0.4232420560942069,14.223331638985794,24.13873479197664,18.421554064818658,2440.547,0.6779297222222223,3.970743977318475,1.3060620449846598,06947.csv,B0054,138,6947,4,0.9330242104372936,57
4.183427098166605,3.601674483732853,3.0671371599201427,2.176887912375456,0.5817526144337517,-1.8904802137424435,0.4793173051825483,14.139185148296136,24.815641221382517,20.258521855071194,2449.922,0.6805338888888889,3.9148681029392045,1.2912825332030649,06949.csv,B0054,140,6949,4,0.923294184000959,58
4.16667641927081,3.6013725748552043,3.078813614886158,2.1883883016985664,0.5653038444156055,-1.8976415345909172,0.4653634042412932,14.087390371698557,23.24485824164149,17.29333171362341,2408.781,0.6691058333333333,3.8829917019988587,1.2746456227578968,06953.csv,B0054,144,6953,4,0.9257799164262976,59
4.183983310193603,3.600325671157858,3.066888936059056,2.170115376243027,0.5836576390357449,-1.8894343368968853,0.4811659260706758,14.202958247128624,24.863734259210677,20.35091291329907,2442.547,0.6784852777777778,3.9003932074846484,1.286718889426579,06955.csv,B0054,146,6955,4,0.9162765793280084,60
4.182835938505163,3.730775144646232,3.2822748078833337,2.1966197167856167,0.4520607938589314,-1.611671218418306,0.804167078877111,12.672879944135305,19.187532398616906,12.801395665498609,2420.671,0.672408611111111,3.440508783289636,1.0831426838636595,06957.csv,B0054,148,6957,4,0.9387011679112468,61
4.186674830466746,3.570580570193356,3.06323475400009,2.1844861596911245,0.6160942602733899,-1.915975846751273,0.4290058178935058,14.267116889972154,24.608575630578702,18.84839619642355,2409.906,0.6694183333333333,3.9098447101339717,1.288209300562627,06959.csv,B0054,150,6959,4,0.9158990586877171,62
4.182782183216822,3.747227108590794,3.3294345220814243,2.1969048206503072,0.4355550746260275,-1.5310760587444987,0.8591767967190661,12.173995572424568,18.81386799948547,13.513901399609917,2416.672,0.6712977777777778,3.293659659325395,1.027105098832588,06961.csv,B0054,152,6961,4,0.9202608990433788,63
4.175637695046033,3.5592188738365436,3.059197039764698,2.189593119391126,0.6164188212094897,-1.9239678603051142,0.410769603278679,14.240824503948053,23.94925053538712,18.100344898346645,2395.75,0.6654861111111111,3.9016826832911695,1.286285287614091,06965.csv,B0054,156,6965,4,0.9111253917360888,64
4.183432164471636,3.5944359115245113,3.0606951230963726,2.1801159908061365,0.5889962529471249,-1.8954445735817307,0.470036788609675,14.275292993104369,24.82147170162433,20.28981957633819,2410.688,0.6696355555555555,3.8569331834381675,1.274580964550359,06967.csv,B0054,158,6967,4,0.8980507043695345,65
4.182464884390648,3.7402867347189783,3.3096645129465334,2.1883204645817864,0.4421781496716699,-1.562794930544311,0.8390951648877759,12.319879487331049,18.57811741414672,12.197442116325151,2402.125,0.6672569444444445,3.3271765957073414,1.042001233332465,06969.csv,B0054,160,6969,4,0.9278864624016372,66
4.187190771734197,3.574336546821169,3.068838395977353,2.176027126654838,0.6128542249130278,-1.9221081343667143,0.4157940399247707,14.017340985088923,22.523812738647745,16.501366134360715,2355.265,0.6542402777777777,3.8433574444360126,1.2635172385348694,06971.csv,B0054,162,6971,4,0.9118415396987224,67
4.184124653963867,3.597262163291872,3.0642577232510537,2.192431157609426,0.5868624906719946,-1.8937037642157026,0.4731401691927664,14.309673058312118,24.885270958035292,19.40127215223626,2396.719,0.6657552777777778,3.836212273219471,1.2661429800990698,06973.csv,B0054,164,6973,4,0.8936491649329469,68
4.139578786540415,3.6099564586374178,3.05089172896046,2.165885100454371,0.5296223279029975,-1.8756620997311104,0.5049676352210464,14.20580721645281,24.49535100296176,19.45685101068115,2442.344,0.6784288888888889,3.845878137924732,1.2772557133675067,06977.csv,B0054,168,6977,4,0.9100864492604256,69
4.166728136250499,3.603869142590208,3.0723870805326334,2.1973597496316057,0.5628589936602908,-1.8854776045140642,0.487732329701613,14.343325580342825,24.79248513927076,19.14054963436039,2444.703,0.6790841666666667,3.9036078303418806,1.285440827721921,06981.csv,B0054,172,6981,4,0.911490473146094,70
4.182556356872751,3.7340210124268487,3.292510597456584,2.1972629267290893,0.44853534444590215,-1.589261111842247,0.8206516392237352,12.52113276136492,19.41886177632084,13.250564825269063,2412.25,0.6700694444444445,3.388650710463093,1.0651396282581063,06983.csv,B0054,174,6983,4,0.9337172811638196,71
4.18680349899093,3.5740958721835296,3.0615420925064947,2.198752877987022,0.6127076268074001,-1.9122401856096214,0.4360435088332202,14.320010513448283,24.843161021240142,19.194942149898907,2403.234,0.667565,3.8886756591332783,1.2824369155000883,06985.csv,B0054,176,6985,4,0.8981517756068776,72
4.184455817920845,3.654074363224769,3.104814009888728,2.198603650230703,0.5303814546960757,-1.8597568424209725,0.5321713403002745,13.817833063271001,22.81807409211731,16.537319985192475,2361.047,0.6558463888888889,3.747353767033352,1.224642762242882,06987.csv,B0054,178,6987,4,0.9139367135371254,73
4.184079696303244,3.5958542357764203,3.0591573873230504,2.1805571893421827,0.5882254605268238,-1.891396177801322,0.47761028734912664,14.23049295284562,24.58129890321389,19.36351611523265,2392.468,0.6645744444444444,3.8177596995044203,1.2626181358438848,06989.csv,B0054,180,6989,4,0.8764848617154279,74
4.166279880071051,3.5799847478683846,3.0574972660409525,2.174201624293327,0.5862951322026664,-1.9002601186022197,0.4604646278922317,14.343710795679344,24.654627092855215,18.765455009945196,2373.89,0.6594138888888889,3.808349317030377,1.258780568323878,06993.csv,B0054,184,6993,4,0.8854917958581964,75
4.183737744816785,3.592941238531235,3.0567448490556264,2.1705705059131044,0.59079650628555,-1.890256821336201,0.4797497193871965,14.146643227132303,24.667711168999983,20.318511539978484,2383.234,0.6620094444444444,3.7976712096415146,1.257112291547215,06995.csv,B0054,186,6995,4,0.8819074622846708,76
4.18293565751089,3.6972451696334554,3.151370552126675,2.196118065671102,0.4856904878774344,-1.7845839996739221,0.6375832353618502,13.552247410117072,21.67226159753115,15.323819954119054,2342.453,0.6506813888888889,3.59196705875795,1.1646370846906784,06997.csv,B0054,188,6997,4,0.9045809105944796,77
4.18457456922587,3.586971270266491,3.0561639338398625,2.184361072149743,0.5976032989593785,-1.8986075226465784,0.46393106664324624,14.28080189135689,24.961444132266895,19.711944974873376,2359.296,0.6553599999999999,3.77896368658074,1.2501132106607002,06999.csv,B0054,190,6999,4,0.8734606349455996,78
4.1835244239011375,3.7218249239754697,3.236611432340167,2.1930074246895095,0.46169949992566783,-1.6591500079295531,0.7662166341663991,12.92628985289928,19.86209455847644,13.390470504147821,2345.453,0.6515147222222222,3.3959565315584097,1.082158500761062,07001.csv,B0054,192,7001,4,0.903131190986828,79
4.171655610415284,3.5704814962444935,3.0377786371686537,2.168539148301184,0.6011741141707905,-1.9081461941354183,0.4445920822173868,14.22945813956484,24.813991518744384,20.751306305114475,2360.172,0.6556033333333333,3.779792462252643,1.2572575244187976,07005.csv,B0054,196,7005,4,0.8712217754060124,80
4.183480212813237,3.647930352892422,3.096631349811912,2.198772654679334,0.5355498599208146,-1.8642154954714252,0.525395476706986,13.889055949262897,22.3422759308799,15.993071508176936,2315.407,0.6431686111111111,3.6765905040592948,1.2042919689776068,07007.csv,B0054,198,7007,4,0.8936499043476617,81
4.183649118386083,3.577974405832368,3.0611426143701355,2.1680465237840907,0.6056747125537152,-1.9063318856890261,0.44910548642917364,14.09831645395676,23.389616432610406,17.4338374871743,2322.156,0.6450433333333333,3.745549558638131,1.2358747213454824,07009.csv,B0054,200,7009,4,0.8835064014687892,82
4.183468521205082,3.571856488554299,3.0558445282697995,2.1849035687167166,0.611612032650783,-1.9062132651550836,0.4490575393053792,14.205610727972747,24.437246414395887,18.611695491619187,2327.1570000000065,0.6464325000000019,3.746554098847543,1.2384463473889422,07011.csv,B0054,202,7011,4,0.8779403705367915,83
4.1836327331469265,3.586265100762706,3.0499483326806858,2.1788266272471644,0.5973676323842203,-1.8957242503552245,0.4694749532422611,14.199988460708054,24.617323081703876,19.63144730423671,2335.0,0.6486111111111111,3.726500829036372,1.2357881786213007,07013.csv,B0054,204,7013,4,0.8599389109365094,84
4.165207327973796,3.5856337729822356,3.0516041952252326,2.173598497548058,0.5795735549915606,-1.8948015430442458,0.47060902019728096,14.288204303284642,24.271941214408503,18.35330337092326,2329.375,0.6470486111111111,3.7186002690939493,1.2321945747488523,07017.csv,B0054,208,7017,4,0.8697358119609565,85
4.183812225950738,3.5846593245343237,3.0472454916360254,2.171024131749843,0.5991529014164141,-1.8950958802980535,0.4707215860140374,14.208858242752529,24.804728027574093,20.087407206853886,2333.875,0.6482986111111111,3.7196169594982873,1.2347651498405734,07019.csv,B0054,210,7019,4,0.8638271814812677,86
4.183143233797935,3.721342328648144,3.231306720712414,2.193241046616703,0.4618009051497909,-1.6587879730372206,0.766932686394631,12.936183613815922,19.87934804833635,13.438785237921977,2317.453,0.6437369444444444,3.3488126867695422,1.0693836960211067,07021.csv,B0054,212,7021,4,0.8865694537789144,87
4.185938542114043,3.5691618893685497,3.0561992011444175,2.1928820402300686,0.616776652745493,-1.9142507746667623,0.43273383790265185,14.084182887600768,23.51552492010551,17.438050950058944,2295.109,0.6375302777777777,3.7147759493691055,1.227116918869458,07023.csv,B0054,214,7023,4,0.8690078572313327,88
4.18432308250829,3.5896545419417905,3.049101236395701,2.1802092140590776,0.5946685405664995,-1.891201590561377,0.4780587278891419,14.275903069670573,24.913142338885027,19.610213429068395,2326.657,0.6462936111111112,3.7031512326646094,1.2289161215409419,07025.csv,B0054,216,7025,4,0.8474446088377652,89
4.118257681600565,3.622388567537655,3.0592618954233486,2.1788337133933458,0.4958691140629101,-1.8398920804939838,0.5619416691417586,14.30665353308513,23.80380834532953,18.48369302230999,2479.297,0.6886936111111112,3.83132784260705,1.2723735149223567,07029.csv,B0054,220,7029,4,0.8799727721580702,90
4.164907528561344,3.606160198609007,3.070487564105729,2.1830841723157457,0.5587473299523373,-1.8791742872877957,0.4990871356595615,13.97058204189835,23.08245417914552,17.139744681591328,2463.578,0.6843272222222222,3.9194270702757126,1.2920072823716762,07033.csv,B0054,224,7033,4,0.9110444582768508,91
4.182445897550156,3.624827834180362,3.067048133380307,2.1910520386239125,0.5576180633697945,-1.858308089580359,0.5345663219591015,13.799155081842601,23.778234573688007,18.55655165735498,2458.812,0.6830033333333333,3.851728310222179,1.2747428202473965,07035.csv,B0054,226,7035,4,0.912172429335506,92
4.182037753211733,3.611957779374174,3.0722065010406205,2.199607761547385,0.5700799738375593,-1.8751258468342007,0.5063452993288486,13.85337076803369,23.05943482945761,17.050305904772056,2400.672,0.6668533333333333,3.8105723148523314,1.2562725486088917,07037.csv,B0054,228,7037,4,0.8872043975884799,93
4.183709805636206,3.6821153973266454,3.117253230362332,2.1991241347308157,0.5015944083095607,-1.800714268791482,0.6171147917918259,13.514874679422098,22.244929264861582,15.786229417200424,2396.407,0.6656686111111112,3.6735878264942103,1.2030606585782389,07039.csv,B0054,230,7039,4,0.8961236767959215,94
4.18305579589887,3.622585387975711,3.0560602390351073,2.187300234238766,0.5604704079231588,-1.8630586445315187,0.5266586220016259,13.789537640473576,23.801178997375885,18.988499742502125,2392.375,0.6645486111111111,3.7453554027797136,1.2438288431986466,07041.csv,B0054,232,7041,4,0.8851334001128452,95
4.163728336225333,3.723050970333019,3.2276996110787217,2.1979569345819563,0.44067736589231377,-1.6261597439567572,0.7930229556776321,12.632160467633849,20.129283300775896,14.627596769380805,2373.687,0.6593574999999999,3.344905734200065,1.0737094307230908,07045.csv,B0054,236,7045,4,0.8793386645436118,96
4.1857725238225205,3.613734392718942,3.0511101255752124,2.1932450152273764,0.5720381311035787,-1.873244340822881,0.5101552004809543,14.133236180004296,24.104183465359977,18.753065798947524,2385.922,0.6627561111111111,3.7550697497999455,1.2476638932740216,07047.csv,B0054,238,7047,4,0.8461224238450626,97
4.183962354946822,3.6823755169971095,3.110131898177326,2.188819744044954,0.5015868379497128,-1.8048654869219674,0.6118345419052434,13.44514404240349,21.124822433154826,14.748948787856964,2345.0,0.6513888888888889,3.5967301519330475,1.1803762470508898,07049.csv,B0054,240,7049,4,0.8705933152969343,98
4.183748382269399,3.6234900675004633,3.048474354226641,2.1933054601044173,0.5602583147689355,-1.8598703836367976,0.5317162309129086,13.90645728525564,24.038373358435607,19.58492102937656,2363.047000000006,0.6564019444444461,3.683351939335358,1.2267905536885069,07051.csv,B0054,242,7051,4,0.8440520909609104,99
4.183059531782334,3.6391469911278898,3.0720502151516498,2.1984194356911515,0.543912540654444,-1.8567326723251218,0.5371405715651912,13.600457924373249,22.333795391644557,16.158042067522516,2316.687,0.6435241666666667,3.6330654056006715,1.2007499831569772,07053.csv,B0054,244,7053,4,0.8536244678403578,100
4.1644316648374,3.659222056669187,3.0780861695186963,2.197124548478272,0.5052096081682129,-1.8332643523185828,0.5723022312116928,13.622342114819537,21.7292466341309,15.475956260598728,2322.0,0.645,3.591625875964336,1.18784293513075,07057.csv,B0054,248,7057,4,0.8524519337958137,101
4.183536913886723,3.617982930609686,3.047978400472379,2.1601370672426743,0.5655539832770371,-1.8581507060124247,0.5345007334464391,14.071709155413798,24.067733333922256,18.964162279652523,2357.687,0.6549130555555556,3.672636127945664,1.2232783619902203,07059.csv,B0054,250,7059,4,0.8373919001793014,102
4.1824770749578155,3.83839582745546,4.067670722536387,3.83839582745546,0.3440812475023556,-0.6715559054131551,1.1613729936970165,6.019953177795341,6.383481120383388,0.6686373871694826,23.0,0.006388888888888889,0.01465987297660761,0.003818734515978018,07061.csv,B0054,252,7061,4,0.0,103
3.8387228819147694,3.6717836335035434,3.2954766160397124,2.689656173110366,0.16693924841122598,-1.082554743304369,0.9940384099889457,9.97935642991351,15.737541036017063,9.444161651624999,2660.313,0.7389758333333334,2.3697650324434174,0.7886169819899577,07062.csv,B0056,0,7062,4,0.7852781208785192,1
4.14918086948454,3.709279874698766,3.278114932402385,2.6867752955314015,0.43990099478577394,-1.7199163116216973,0.68650073412651,11.067443145348815,14.09017680302044,8.955742496251402,2826.0,0.785,4.327531125475614,1.3472175816638754,07066.csv,B0056,4,7066,4,1.3443555553017368,2
4.17533419262966,3.718689185993857,3.3106158390566507,2.698313212370538,0.456645006635803,-1.690515546033322,0.7164931559222097,10.889462468094056,14.9073664521439,8.597842856297168,2818.578,0.7829383333333333,4.277017491509719,1.3203915580249885,07068.csv,B0056,6,7068,4,1.317502710734752,3
4.1774698147911185,3.720169789777077,3.3172843725733268,2.692589583576849,0.45730002501404154,-1.7267083547233482,0.6800393402459747,10.764459531712715,14.04619289990165,8.834905494027542,2713.812,0.7538366666666666,4.234746460431265,1.3001952596272803,07070.csv,B0056,8,7070,4,1.2973654679476911,4
4.177333358996554,3.727981034535518,3.344030455029123,2.6980823652266586,0.449352324461036,-1.6420112923998627,0.760859148859384,10.65574896441831,14.458798502682042,8.279863347282495,2786.578,0.7740494444444445,4.134818356494179,1.266927141883048,07072.csv,B0056,10,7072,4,1.263960414854898,5
4.178105672730461,3.725639098946072,3.336353669510842,2.699291592092144,0.45246657378438915,-1.7046338232855287,0.7030430141059517,10.604398240583924,13.79068771013097,8.39629641910118,2667.89,0.7410805555555555,4.1290870573359495,1.2618331634058366,07074.csv,B0056,12,7074,4,1.2589496187032136,6
4.169282721218495,3.7103196082368792,3.3009005971377725,2.6902918098264004,0.4589631129816154,-1.8247670015083761,0.5554949340541268,10.747618198190096,14.881216824496482,10.454397236184157,2530.172,0.7028255555555556,4.187866359674793,1.283532605804231,07078.csv,B0056,16,7078,4,1.28061976902026,7
4.178499777464705,3.705172685695933,3.3051103949821674,2.6937716432028966,0.4733270917687715,-1.8506548604930126,0.5154530367303016,10.642275000961929,14.283153326557814,8.971005793041291,2446.062,0.6794616666666666,4.125341977835322,1.260114372793794,07080.csv,B0056,18,7080,4,1.2572786868607095,8
4.178690194193401,3.73296955580865,3.367107139335169,2.6912557599593363,0.4457206383847514,-1.6314150295742418,0.7695836087308617,10.449432487805073,13.24625881226546,7.594672079378638,2713.25,0.7536805555555556,4.030011013174773,1.2257400810093058,07082.csv,B0056,20,7082,4,1.2226260041048898,9
4.178597106977031,3.7309015653682063,3.350670766767032,2.6988155601873713,0.4476955416088244,-1.6616088416098966,0.7438159103101125,10.535109718676143,14.784638313108044,9.564303655501563,2676.578,0.7434938888888889,4.0374203179893415,1.2323288835889628,07084.csv,B0056,22,7084,4,1.2292772249257495,10
4.179016949083667,3.708962560004869,3.316178080747263,2.698364593875605,0.4700543890787978,-1.8455069420958794,0.5241328907174297,10.596589405147556,13.967206000860529,8.396736770168333,2394.734,0.6652038888888888,4.041110787132846,1.230465515611015,07086.csv,B0056,24,7086,4,1.2275780135689456,11
4.170255325585353,3.7325974256008063,3.3637533511944144,2.690491235069901,0.43765789998454707,-1.6426461298564279,0.7602143575080282,10.518875176620943,14.10183741263998,8.017402927103078,2673.0,0.7425,3.998183247027672,1.216440924784342,07090.csv,B0056,28,7090,4,1.2133872888296768,12
4.1791853671260935,3.72799251995928,3.3457364832275633,2.6953260271003012,0.4511928471668134,-1.6956317121625684,0.711952049689748,10.55326910161315,15.014735099158155,10.092939577334786,2619.578,0.7276605555555555,4.0453073880558446,1.2331932274809594,07092.csv,B0056,30,7092,4,1.230223614493081,13
4.179356041925143,3.7356191691109144,3.373106355519255,2.6910057831221796,0.44373687281422836,-1.6346840292281262,0.7671106488661928,10.414707663905276,13.814334631047265,7.69772493601145,2640.016,0.7333377777777778,3.9407513350142773,1.1958270200213437,07094.csv,B0056,32,7094,4,1.1927530108462678,14
4.1797176975526025,3.736038458248901,3.3697897239570302,2.6980104623652483,0.4436792393037017,-1.6381228999586526,0.7641452937157062,10.394183210718758,14.16755708920704,7.850866413814194,2621.187,0.7281075,3.9170419323102053,1.1898183740417303,07096.csv,B0056,34,7096,4,1.18671066359878,15
4.179854576648961,3.7345897647999777,3.362330412062295,2.6918100210263542,0.4452648118489835,-1.6445053548128659,0.7590570613027393,10.441904510807989,14.498480751440637,8.446036578845328,2616.453,0.7267925,3.924652637135654,1.1945050905457473,07098.csv,B0056,36,7098,4,1.1914875140242167,16
4.171853041375375,3.728266453369393,3.3440747440292173,2.6994455277907243,0.4435865880059815,-1.7073520267726885,0.7002115071752344,10.556505695788386,14.957470899011565,10.653173679611745,2565.109,0.7125302777777778,3.9942540173337084,1.2172299436004967,07102.csv,B0056,40,7102,4,1.214178606017816,17
4.179639783717689,3.727685097831973,3.344993026252808,2.6974370448855804,0.45195468588571597,-1.7217523886019717,0.6855408860489093,10.536326582207261,15.001521036754518,9.788440101479114,2532.531,0.7034808333333333,3.9841097236669905,1.21249693165204,07104.csv,B0056,42,7104,4,1.2094387558721402,18
4.180054992180052,3.728487153084364,3.350361911675404,2.687185471488668,0.4515678390956879,-1.7041819303581027,0.703569276279637,10.495199596430949,14.338173356663557,8.740484494216627,2556.593,0.7101647222222222,3.9787215744096107,1.2101782965911454,07106.csv,B0056,44,7106,4,1.207072299940321,19
4.174069945070663,3.737342176337145,3.37818787285201,2.687470388534462,0.43672776873351804,-1.631732772099654,0.7691922189221349,10.301909086360435,13.436612124692124,7.358184694921705,2577.891,0.7160808333333334,3.8489285446137553,1.1661479161921182,07108.csv,B0056,46,7108,4,1.162961249391913,20
4.180243969445706,3.7348912945212263,3.3620625284471575,2.699656546174108,0.4453526749244796,-1.654732613269804,0.7505581176765472,10.453998023862313,14.639269846531356,9.522476359598688,2572.36,0.7145444444444444,3.886356524358559,1.1819785145620385,07110.csv,B0056,48,7110,4,1.17887968705904,21
4.160878235645104,3.7119688758406415,3.346029829980996,2.6854368250416094,0.4489093598044622,-1.7304356189135515,0.6754874000939061,10.390292640584766,13.577353530338334,7.68592132636138,2697.75,0.749375,4.272222689348225,1.2975743057559306,07114.csv,B0056,52,7114,4,1.2945104146044433,22
4.170401928183799,3.7207087119096944,3.3654291392154736,2.690427787524509,0.44969321627410475,-1.69638971406972,0.7110108332256025,10.29031089579849,13.568274326866668,7.5151545016210575,2683.406,0.7453905555555556,4.174814975847243,1.2634498564001901,07118.csv,B0056,56,7118,4,1.2602567563003473,23
4.179668272690069,3.7235872103480734,3.3689721031647792,2.6939728433831345,0.45608106234199575,-1.691874172061947,0.7160083467042118,10.263087503889402,13.222923404873027,7.3994925467748045,2646.156,0.7350433333333333,4.114259183789722,1.2439919513760005,07120.csv,B0056,58,7120,4,1.2408721291565108,24
4.179757059071528,3.719377739397832,3.3465295769688743,2.6814059367851253,0.4603793196736956,-1.7414082441068879,0.6640938864744848,10.400005286038285,14.117236767649958,8.578539239326068,2593.531,0.7204252777777778,4.134738303717425,1.2553427552118912,07122.csv,B0056,60,7122,4,1.252197340273113,25
4.179381275805115,3.7239808564285224,3.352812339869088,2.6953073659972815,0.4554004193765926,-1.7007572591990596,0.707316533735362,10.409833153074386,14.72590749283402,11.300968562148869,2604.125,0.7233680555555555,4.050628428389841,1.2310571986395802,07124.csv,B0056,62,7124,4,1.2279025700477384,26
4.179761909304835,3.731135383865926,3.3743035968482755,2.6879523256297095,0.44862652543890924,-1.6642520477871068,0.7415942890041415,10.249617197163523,13.782905674311683,7.432884610958281,2588.594,0.7190538888888889,3.9491119624036832,1.194957849029675,07126.csv,B0056,64,7126,4,1.1917170308946994,27
4.1722589361250195,3.731474701445015,3.3764282291064944,2.696650296000414,0.4407842346800046,-1.661218424865919,0.7441208310167555,10.237028804942252,13.53465268656202,7.322157708660285,2579.203,0.7164452777777778,3.9321203555435393,1.1890794145206545,07130.csv,B0056,68,7130,4,1.1858570240011006,28
4.180576245666881,3.731094129348139,3.375019443182964,2.6832104765994735,0.4494821163187419,-1.6741395350666335,0.732673909008867,10.198234922837491,12.997563677985069,6.901021581050407,2555.453,0.7098480555555555,3.928271469200806,1.1873560841288477,07132.csv,B0056,70,7132,4,1.1840938286611429,29
4.180487517962948,3.725781425176468,3.3500962120625943,2.6972876615572554,0.45470609278648055,-1.7210677294448378,0.6863453564598224,10.430944576015767,14.9075480868495,9.696151813932921,2525.609,0.7015580555555555,3.980432217769733,1.2091881037488084,07134.csv,B0056,72,7134,4,1.2059829135917657,30
4.18039553298969,3.733921900426747,3.379062729502439,2.683737907365728,0.4464736325629426,-1.660218253465555,0.7455463241646945,10.139534423823738,13.20576446654183,6.949799341354771,2536.172,0.7044922222222222,3.867445291946813,1.1687330605791288,07136.csv,B0056,74,7136,4,1.165428493679393,31
4.180419660882064,3.7310215458818368,3.3612064036489087,2.69363443342256,0.4493981150002275,-1.6771366747493928,0.7302749398444733,10.308440154694576,14.51158708545384,10.075012896231613,2536.204,0.7045011111111111,3.8931636198411756,1.18221772274662,07138.csv,B0056,76,7138,4,1.1790060613193858,32
4.172113004233132,3.72403908153358,3.3463562838477823,2.6943722854819816,0.4480739226995514,-1.739989808641591,0.665572093768805,10.36840954285901,14.30233008977442,8.459075284447326,2488.86,0.69135,3.96547949773957,1.2044887354096327,07142.csv,B0056,80,7142,4,1.2013113747183153,33
4.1803733533670036,3.732825591689637,3.368266919681875,2.688897787724772,0.44754776167736665,-1.6716395639461556,0.7350124965154838,10.204673365751807,14.15321706372225,8.301686063860496,2518.547,0.6995963888888889,3.85609681421621,1.168898565493005,07144.csv,B0056,82,7144,4,1.165597803317432,34
4.180733041897962,3.7282678550451034,3.3594964247247177,2.6882331708894665,0.4524651868528582,-1.711600056597786,0.6965586993643057,10.315613775538878,13.855287867564956,7.941501303898115,2485.766,0.6904905555555556,3.9054068318423436,1.1835365760317216,07146.csv,B0056,84,7146,4,1.180303335055002,35
4.180279081248084,3.7322188781710186,3.3615676241747825,2.6894590778726095,0.44806020307706573,-1.6774896727466349,0.7298289846421461,10.276786926763112,14.492855960891132,10.109223028104438,2506.718,0.6963105555555555,3.8501073548981104,1.1690826629759847,07148.csv,B0056,86,7148,4,1.1658134189695046,36
4.180999495499183,3.727854983672062,3.355757582090394,2.6894641263415138,0.4531445118271211,-1.7243823805848957,0.682965993182119,10.32641766409495,14.065463723343733,8.174720953080776,2459.297,0.6831380555555555,3.8911226888905706,1.1796220531683115,07150.csv,B0056,88,7150,4,1.176396051577376,37
4.172470795694908,3.735350074753088,3.377027547912211,2.6842747820981163,0.43712072094181975,-1.6629834811063648,0.7427891567009658,10.173012177291527,13.412858944276625,7.118460767704396,2488.734,0.691315,3.8006455592124997,1.149217228825393,07154.csv,B0056,92,7154,4,1.1458325512940766,38
4.181062785086551,3.7305298875037822,3.357651728668808,2.6890536637756743,0.45053289758276893,-1.689827294587583,0.7183710342480413,10.359918034435648,14.60610388019012,11.135467260331723,2491.375,0.6920486111111112,3.854460105129653,1.170858064048126,07156.csv,B0056,94,7156,4,1.167557759980296,39
4.181144967626914,3.7343541132020888,3.3773583743313456,2.697570405713833,0.4467908544248256,-1.6766143500201731,0.7305025611776653,10.160882493726476,13.208123302069437,7.02627107403951,2467.328,0.6853688888888889,3.804414752749699,1.1489578943598713,07158.csv,B0056,96,7158,4,1.145636654711916,40
4.1812569980664405,3.73487544538074,3.365617870156837,2.6861014784430512,0.44638155268570046,-1.6751510777905987,0.7318587481256615,10.194404833993097,14.33986737197622,8.911591759480011,2466.125,0.6850347222222222,3.7831192754270697,1.1477166747944003,07160.csv,B0056,98,7160,4,1.1443667002824445,41
4.1812189705553315,3.7308432524057102,3.356825640396486,2.6984158813975863,0.4503757181496213,-1.7007993161787647,0.7070093197996554,10.45640074188921,14.869194370874,9.40653605354732,2459.312999999994,0.6831424999999984,3.833525320907695,1.1638473666386142,07162.csv,B0056,100,7162,4,1.1605177686388095,42
4.162741220330822,3.717687353637739,3.3493744607237104,2.6966170938157865,0.4450538666930828,-1.7280902642659892,0.6776970688223439,10.313619268601707,14.255223899564948,7.908749933552896,2559.125,0.7108680555555555,4.0534861526561,1.23048657596116,07166.csv,B0056,104,7166,4,1.227201304260248,43
4.1718897570741,3.715779403486061,3.337826170095946,2.6938401614375964,0.45611035358803864,-1.7697668005317093,0.6301353886336954,10.450923975542697,15.145967765545794,9.815924452658775,2534.156,0.7039322222222222,4.109510795735057,1.2487752258611253,07170.csv,B0056,108,7170,4,1.2454797202045476,44
4.1801184107331695,3.730018605305171,3.379813223194436,2.694145271746648,0.4500998054279983,-1.6776635778147013,0.7292233710556943,10.066401247840554,13.36575567843813,7.019171031343481,2521.985,0.7005513888888889,3.8968246220785208,1.175622868640988,07172.csv,B0056,110,7172,4,1.1722288849037228,45
4.180978585892375,3.723724373311123,3.3529139626798687,2.6949310922042096,0.457254212581252,-1.7206408430840379,0.6868981343679095,10.43749851062521,14.761564527480054,10.645060052279426,2503.172,0.6953255555555555,3.949339130549768,1.1987061208846703,07174.csv,B0056,112,7174,4,1.1953514999944956,46
4.18061494652553,3.723793738705361,3.3506050479395064,2.698968781686075,0.4568212078201692,-1.7353946887212042,0.6710050393980608,10.413907415221043,14.927522519928406,9.338503645713665,2474.344,0.6873177777777778,3.9393857234508474,1.1952914438557598,07176.csv,B0056,114,7176,4,1.1919514716203925,47
4.1092250647272115,3.652843408238661,3.282678428854045,2.69347301500386,0.45638165648855056,-1.8819520327756425,0.45856957964922096,10.513733364328893,15.38684146714604,9.72132036322665,2349.64,0.6526777777777777,4.017794877487312,1.2327984436879493,07178.csv,B0056,116,7178,4,1.2296223665252586,48
4.169876565796819,3.708027041699333,3.33124930750755,2.697507354149439,0.4618495240974858,-1.7966492983038744,0.5958862220903988,10.477654553290117,15.06186195706642,9.488793084319394,2560.688,0.7113022222222223,4.214001551467257,1.2806501183812946,07182.csv,B0056,120,7182,4,1.2774519419396988,49
4.18030832398499,3.714423432094827,3.3452443163116463,2.68847764541694,0.465884891890163,-1.7761136080338407,0.6229679178409547,10.31728183321325,14.19417584217932,8.068341842386477,2522.375,0.7006597222222222,4.114301215412391,1.246606400139365,07184.csv,B0056,122,7184,4,1.2433879751668584,50
4.1803883737342336,3.7151427146422455,3.341356791517586,2.695809647268888,0.465245659091988,-1.7812712509429693,0.6166293917341835,10.380685727786513,14.670219241896357,8.769652609064586,2488.719,0.6913108333333333,4.068664110051088,1.2340387147039888,07186.csv,B0056,124,7186,4,1.230802542912592,51
4.180539223969872,3.717701993541554,3.3435875505910966,2.6988862295180773,0.4628372304283186,-1.770178297141129,0.6302505696666849,10.36448134266215,14.756439650219583,8.85291236908937,2474.844,0.6874566666666667,4.020278127247889,1.219500319165566,07188.csv,B0056,126,7188,4,1.2162358534094664,52
4.180613197410378,3.719543158671633,3.3430796751998537,2.6881817818985594,0.46107003873874497,-1.7603312590728741,0.6422812682284974,10.418606978035179,15.074941469247385,9.226003322412843,2473.875,0.6871875,3.9921404949909034,1.2121068584446437,07190.csv,B0056,128,7190,4,1.2088335726499548,53
4.171995741541347,3.722238972383157,3.3475631632118508,2.693866336049454,0.4497567691581903,-1.7253574774999507,0.6816095847441249,10.467474839092922,14.772345213065618,9.927245695291646,2495.5,0.6931944444444444,3.9410309503112764,1.1978950105328954,07194.csv,B0056,132,7194,4,1.1946181162240357,54
4.1804813286233875,3.726345531314525,3.3573308617480517,2.692863343941837,0.45413579730886244,-1.704918486361954,0.7032502060922223,10.24758606535621,14.624267787138264,10.895354929686839,2481.078,0.6891883333333333,3.8780973478934975,1.1767499105534625,07196.csv,B0056,134,7196,4,1.1734248134794991,55
4.181058054860729,3.732952351973939,3.382778882292665,2.6912645328393867,0.44810570288678964,-1.6737250543608966,0.7332029134086199,10.06027633089391,12.974017575008304,6.600922829256255,2460.125,0.6833680555555556,3.7939353847281163,1.14383182308342,07198.csv,B0056,136,7198,4,1.1404596305913128,56
4.18149130108492,3.7231511057999462,3.3460645335108428,2.6880196285337377,0.4583401952849737,-1.7445639059237337,0.6606663926688875,10.46181981941412,14.962343761280408,9.028048027720969,2440.547,0.6779297222222223,3.903320868709695,1.1854888770377667,07200.csv,B0056,138,7200,4,1.1821716406845988,57
4.180595098911064,3.730619498251406,3.3641915924918147,2.6997902360046213,0.4499756006596578,-1.6890678369808096,0.7191042025865206,10.21776828052081,14.288936379622092,10.54498592222074,2449.922,0.6805338888888889,3.7987014262929515,1.1513998316988343,07202.csv,B0056,140,7202,4,1.1480663382055174,58
4.173047661044039,3.7211728776736224,3.340090097397974,2.6973629105606647,0.4518747833704162,-1.7678866953516275,0.6331646896851695,10.382854030148234,14.731654795183925,8.617582075173614,2408.781,0.6691058333333333,3.903544290205681,1.185853393278449,07206.csv,B0056,144,7206,4,1.1825381935034152,59
4.180703275463656,3.728289796110704,3.35648490646885,2.691300691707842,0.4524134793529515,-1.704950103976557,0.7033573828697535,10.344585715881983,14.530184451529058,10.199400040228461,2442.547,0.6784852777777778,3.8166748963808983,1.158560091714417,07208.csv,B0056,146,7208,4,1.15520928628466,60
4.181146414659693,3.7351577148358337,3.3822432790887746,2.689936372979849,0.4459886998238596,-1.6727370538477788,0.7342307957042604,10.028217431506214,12.920963346782584,6.478886139974337,2420.671,0.672408611111111,3.7303855733444387,1.1251327073000477,07210.csv,B0056,148,7210,4,1.1216816712671696,61
4.181695073360697,3.7249647423275767,3.3475849268060007,2.6913240152919484,0.4567303310331199,-1.7375416574771907,0.6688621477872113,10.497532395250285,14.975497658516607,9.033991756198574,2409.906,0.6694183333333333,3.839062704645294,1.1660353526579699,07212.csv,B0056,150,7212,4,1.162666262561457,62
4.180846468482689,3.734163172575586,3.368899621618762,2.686923064348457,0.446683295907103,-1.6790843732728173,0.7285114421572604,10.078456668334661,14.006665059857031,9.543556076304135,2416.672,0.6712977777777778,3.7240894774381768,1.1281593745475655,07214.csv,B0056,152,7214,4,1.124695615744926,63
4.17358432175774,3.7233699833550817,3.340217809060051,2.6874437664677444,0.4502143384026587,-1.7528301920007388,0.651269102845872,10.437586290235986,15.065495014920012,9.02165330724345,2395.75,0.6654861111111111,3.8465620734383936,1.1698464384009255,07218.csv,B0056,156,7218,4,1.1664177948797931,64
4.181103233539769,3.730994877236601,3.3606706640426602,2.699800435335948,0.45010835630316803,-1.696361090547745,0.7117144539890926,10.327680053270171,14.438517748547325,10.043164693400403,2410.688,0.6696355555555555,3.7515932028102696,1.1380772848008611,07220.csv,B0056,158,7220,4,1.1346745156379463,65
4.181672942091641,3.7391315499468423,3.384477709863685,2.697960709571132,0.4425413921447987,-1.6547810696984198,0.7501356920671536,9.931318938388468,13.194289211464437,7.727256159462033,2402.125,0.6672569444444445,3.6598167490922178,1.1046858901033865,07222.csv,B0056,160,7222,4,1.1012231317092755,66
4.1817809374395605,3.723708340847479,3.3408256322235093,2.6834783907862354,0.45807259659208155,-1.7665140217971276,0.6345176223167165,10.341385046767083,14.482501609291248,8.298443438229478,2355.265,0.6542402777777777,3.816604196286012,1.1594692210889594,07224.csv,B0056,162,7224,4,1.1560733948472832,67
4.181361272735532,3.729009324053547,3.3541889238828593,2.6996190068902637,0.4523519486819847,-1.7114334458397396,0.6962052069570207,10.494744894336083,14.720749328790644,9.014225544293787,2396.719,0.6657552777777778,3.760666564363629,1.1419880297861584,07226.csv,B0056,164,7226,4,1.1385609898764002,68
4.164298287868827,3.721430364418362,3.340961153961277,2.689809371052332,0.4428679234504651,-1.7341386416649764,0.6713128362332806,10.206418347273608,14.529077890794348,10.22135939106823,2442.344,0.6784288888888889,3.873190552087065,1.1791608941977283,07230.csv,B0056,168,7230,4,1.1757265448773706,69
4.172633979258993,3.7182507182632287,3.3371235826921466,2.688916524535636,0.45438326099576454,-1.7632761127009502,0.6385302379004779,10.592911474763564,15.244128605525711,9.352283726895156,2444.703,0.6790841666666667,3.946317812941129,1.2003673100422432,07234.csv,B0056,172,7234,4,1.1969385632452556,70
4.180507540870247,3.732470406535076,3.376237517393404,2.698695743312111,0.4480371343351708,-1.684432789415394,0.7230100405464586,9.984423245892257,13.512900564234096,8.26620022748255,2412.25,0.6700694444444445,3.742783761759104,1.1303033000427112,07236.csv,B0056,174,7236,4,1.1267457988726266,71
4.181900407397767,3.723845829416583,3.348647645780763,2.697889593175275,0.458054577981184,-1.7382277088571685,0.6678713657289637,10.532756069231716,14.862132323599852,8.987282691559228,2403.234,0.667565,3.8325055327788,1.1635689646258394,07238.csv,B0056,176,7238,4,1.1601031368559531,72
4.181297616479253,3.7276663664025422,3.3622424767286905,2.695993320018532,0.453631250076711,-1.7328967687649997,0.673497206817497,10.144690849516095,13.378405270944848,6.968016864699054,2361.047,0.6558463888888889,3.76946223094373,1.139615032443365,07240.csv,B0056,178,7240,4,1.1361458729690277,73
4.181657232676167,3.7282105248759247,3.351293107048021,2.6955474945092024,0.453446707800242,-1.7156881587629866,0.6919899010354643,10.418716582380117,14.806201026240291,9.421468521502014,2392.468,0.6645744444444444,3.761850748369601,1.1432007694237893,07242.csv,B0056,180,7242,4,1.1397253894261876,74
4.172972784971319,3.723425746015751,3.3414098071318334,2.699727848412594,0.4495470389555676,-1.7530374056679274,0.6507491364594766,10.532972017810645,15.144104218787898,9.042256143471663,2373.89,0.6594138888888889,3.8136835460990577,1.1594729620124093,07246.csv,B0056,184,7246,4,1.1560010024767575,75
4.1813161057402795,3.73065316472039,3.35783559274309,2.695330424081241,0.45066294101988946,-1.702815564152015,0.7049347104033592,10.294250246042282,14.39832488350013,10.31415836814027,2383.234,0.6620094444444444,3.7242084126929216,1.130365362700764,07248.csv,B0056,186,7248,4,1.126818619026835,76
4.1815961278916145,3.7308553676124943,3.36675593545663,2.685413023050206,0.45074076027912025,-1.7175512283850776,0.6901376763364802,10.050387765399135,13.069857113335043,6.64022897287511,2342.453,0.6506813888888889,3.706303273781273,1.1202166399613023,07250.csv,B0056,188,7250,4,1.116688355680394,77
4.182044120407073,3.7272769212866232,3.3487514550466417,2.690400334997493,0.4547671991204498,-1.7291690081472488,0.6778830188770333,10.472005861254317,14.625776758086843,9.17415336230037,2359.296,0.6553599999999999,3.7406172676210123,1.1365870077326259,07252.csv,B0056,190,7252,4,1.1330613197666846,78
4.1815714469098,3.737948205848208,3.3810092385566413,2.6887925590382147,0.4436232410615917,-1.6749388332386832,0.7320201136681229,9.909401931448466,12.585237711150564,6.474746620730014,2345.453,0.6515147222222222,3.622239905077943,1.0929682433917818,07254.csv,B0056,192,7254,4,1.0893839897995972,79
4.174449328074176,3.7330464101415273,3.3564306318997588,2.6988640537115023,0.44140291793264863,-1.6967956767696222,0.7109185080306168,10.242760595982558,14.409091639662265,10.930259386842692,2360.172,0.6556033333333333,3.6718691928034968,1.1156300870244413,07258.csv,B0056,196,7258,4,1.112083645925937,80
4.181914870814706,3.72645378255667,3.3508758903963662,2.680924614006194,0.45546108825803566,-1.753415191734097,0.6503002164171081,10.216290881964335,13.639615611059916,7.204894280344981,2315.407,0.6431686111111111,3.733384350165691,1.131531627258949,07260.csv,B0056,198,7260,4,1.1279950254648337,81
4.181004748960203,3.724711794263523,3.338909543714827,2.689418119708915,0.45629295469667985,-1.7640193087678497,0.6380535290372443,10.357968672788795,14.880692487289394,8.746235529006814,2322.156,0.6450433333333333,3.7563060967047335,1.1421922685760002,07262.csv,B0056,200,7262,4,1.1386774565024178,82
4.181554177966883,3.7274501809971774,3.346321199511455,2.6980519577561664,0.4541039969697058,-1.743062159577205,0.6625896511647188,10.4126408516178,14.94384328293818,8.938248944180675,2327.1570000000065,0.6464325000000019,3.7220023328757437,1.1306816558197128,07264.csv,B0056,202,7264,4,1.1271136962200643,83
4.181615967935099,3.731282246754465,3.3538216131821783,2.690667005796631,0.450333721180634,-1.7115530017171725,0.6963878614476008,10.355563284677743,14.50969090814752,9.47945573378052,2335.0,0.6486111111111111,3.6664703990753975,1.1137230152569515,07266.csv,B0056,204,7266,4,1.110150886965375,84
4.1733664527513845,3.725646434516687,3.339346853440726,2.690672584400043,0.44772001823469765,-1.7522810293736752,0.6518455687742074,10.41665753464741,15.062267575750978,8.973105880277393,2329.375,0.6470486111111111,3.739772437568577,1.1379777675331497,07270.csv,B0056,208,7270,4,1.1344632260422465,85
4.181332312389274,3.731479392866109,3.3536514376808864,2.6895747540556276,0.44985291952316464,-1.7102152613104593,0.69768163682162,10.301294534772044,14.468947045350122,9.883325830803194,2333.875,0.6482986111111111,3.6601253671697727,1.112031667041541,07272.csv,B0056,210,7272,4,1.108458756302863,86
4.181999698138027,3.738844204683683,3.38120127228625,2.6850453196446673,0.4431554934543436,-1.6752482242752484,0.7315526691806636,9.91165771895873,12.508239840028546,6.078724537829743,2317.453,0.6437369444444444,3.5808387055532,1.080495665584499,07274.csv,B0056,212,7274,4,1.0768220870214844,87
4.18207747720649,3.725089415398126,3.3368543585349384,2.68848533115398,0.4569880618083637,-1.7684173466123287,0.6324594249400554,10.349022787330426,14.887028438704052,8.590387089439684,2295.109,0.6375302777777777,3.7211680787966372,1.1319565544997938,07276.csv,B0056,214,7276,4,1.128398212919817,88
4.18160323028519,3.731518233949972,3.3522604662249167,2.695941959305812,0.4500849963352178,-1.7117088970464227,0.6962333299556576,10.403963430415772,14.643769942307395,9.10568344647574,2326.657,0.6462936111111112,3.6530578399383904,1.1103244882131955,07278.csv,B0056,216,7278,4,1.1066350346531368,89
4.160391647622785,3.68885632123795,3.301853229400361,2.6936113374580533,0.4715353263848354,-1.8436644323324185,0.5261556557629565,10.672589964446292,15.536147821768504,9.946742968818524,2479.297,0.6886936111111112,4.169717132395357,1.2751934441351402,07282.csv,B0056,220,7282,4,1.271609072217319,90
4.171177372817309,3.7072174847735866,3.3271853602584223,2.6975058053441106,0.4639598880437221,-1.812029971968896,0.5743271509753395,10.38887188704922,14.710321906861784,8.561757253389626,2463.578,0.6843272222222222,4.095089372366016,1.2451501150956368,07286.csv,B0056,224,7286,4,1.2415767175377967,91
4.179908499745383,3.722435108023291,3.357838197685972,2.6996810856937454,0.4574733917220919,-1.7201885508327548,0.6871377207681356,10.084749408390376,14.282705134297458,9.642216099905687,2458.812,0.6830033333333333,3.8883227649160954,1.1783160668327355,07288.csv,B0056,226,7288,4,1.174652904422814,92
4.1812209027547125,3.7143904789491087,3.3341676075284923,2.6932891744671807,0.4668304238056038,-1.7962378329894884,0.5967395454321018,10.365887906876877,14.735427526864724,8.516547599711224,2400.672,0.6668533333333333,3.9585420970469913,1.2025577120028346,07290.csv,B0056,228,7290,4,1.1989389885187762,93
4.180715020333036,3.725827760164403,3.3656652776557863,2.680335373836448,0.4548872601686327,-1.7222270467266643,0.6852817775413476,10.019608551209917,12.986214565204865,6.807349020264389,2396.407,0.6656686111111112,3.8045882393539037,1.149764252514,07292.csv,B0056,230,7292,4,1.1461398965188565,94
4.181433629004157,3.729532804221951,3.365125158092583,2.695500756668203,0.4519008247822063,-1.6995424040803295,0.7084582995696587,10.060030313914343,14.020906563644123,9.643477368938171,2392.375,0.6645486111111111,3.7412054250749933,1.1328888711595937,07294.csv,B0056,232,7294,4,1.129224378671885,95
4.173527924617655,3.732580093385029,3.3750175764348014,2.6916361141573137,0.44094783123262626,-1.6857958238112818,0.7215125736921261,9.894806886286887,13.158594712143495,8.141081221782688,2373.687,0.6593574999999999,3.687463363610673,1.1140658072264367,07298.csv,B0056,236,7298,4,1.1103432888019913,96
4.1820632868427365,3.723296728735136,3.344781159371398,2.6977127849492053,0.45876655810760036,-1.7402948082227616,0.6653545717727144,10.535153782453834,14.942021026324584,9.369648404292699,2385.922,0.6627561111111111,3.8078878759423134,1.1576036692809815,07300.csv,B0056,238,7300,4,1.153909472897475,97
4.18182200740338,3.726863068787394,3.3605010057610816,2.687276744661873,0.4549589386159858,-1.7346003290908105,0.6718457198946742,10.116013026114192,13.316711053744784,6.831199929019885,2345.0,0.6513888888888889,3.7484511149533204,1.133904731381808,07302.csv,B0056,240,7302,4,1.1302191455340138,98
4.1819501512020345,3.728535291320608,3.3538264483941607,2.6980124491519586,0.4534148598814265,-1.7146209406772344,0.6931564014704287,10.332244370257053,14.61281089291766,10.173415289268004,2363.047000000006,0.6564019444444461,3.719555408470232,1.1295847587889545,07304.csv,B0056,242,7304,4,1.1258719408034097,99
4.181791330814548,3.722208478968039,3.341678704653779,2.6927360739353285,0.4595828518465086,-1.774352624864773,0.6251558102722448,10.278021353580035,14.205466297575018,7.863423963193102,2316.687,0.6435241666666667,3.777247624350707,1.1466741165064347,07306.csv,B0056,244,7306,4,1.1430108283920968,100
4.173014294511639,3.723546348831757,3.3456418542105237,2.6899104032044447,0.44946794567988224,-1.7619972814702227,0.6400766560925489,10.263503141787313,13.862516639323273,7.438600332148759,2322.0,0.645,3.760158576691387,1.140994922193015,07310.csv,B0056,248,7310,4,1.1372731775310292,101
4.181882887350109,3.72725621126106,3.34964237954421,2.6950189281281465,0.45462667608904894,-1.7226331709023301,0.6848801470332685,10.452748281670244,14.899199505524647,9.568273672598522,2357.687,0.6549130555555556,3.727040834740307,1.132794638954215,07312.csv,B0056,250,7312,4,1.1290590137779504,102
3.843735024444539,3.6164716758464657,3.2439361669782594,2.4930794984834495,0.2272633485980733,-1.1715210918629737,0.9797662282686106,11.879033293126687,18.02446981350722,12.119462698846238,2660.313,0.7389758333333334,2.5703639452986398,0.8546396998483863,07314.csv,B0055,0,7314,4,0.7989997927037011,1
4.174020568347548,3.71009339070763,3.2904290284649416,2.480538609588174,0.4639271776399183,-1.7486007645883601,0.6481554399427039,12.415262417855027,16.633080095446793,11.690456444112645,2826.0,0.785,4.4321912961632,1.3705988210866278,07318.csv,B0055,4,7318,4,1.319892156462878,2
4.1994512899066025,3.720948021954464,3.326231366449631,2.48985034932468,0.4785032679521386,-1.7060235650197326,0.6949630234440948,12.360226804144617,18.02222405324747,12.024694488965473,2818.578,0.7829383333333333,4.347319508279746,1.3330239869633367,07320.csv,B0055,6,7320,4,1.2769832801132015,3
4.201354950378872,3.7236835216260182,3.338535407708074,2.485404008194569,0.4776714287528536,-1.7298155313553947,0.6696501792059064,12.182802262813878,16.276920867509258,11.249960461174389,2713.812,0.7538366666666666,4.274077974752776,1.3024358654701342,07322.csv,B0055,8,7322,4,1.2572591312230863,4
4.2022865042877005,3.737444761740488,3.3690503311576365,2.484071154442301,0.46484174254721244,-1.630519419462631,0.7650246980134167,11.995175259559732,17.386184005164274,11.520235732692075,2786.578,0.7740494444444445,4.138423512625686,1.2579151970994988,07324.csv,B0055,10,7324,4,1.206763751299412,5
4.202804398571556,3.7316703126697615,3.3596802370189534,2.4813880969343156,0.4711340859017943,-1.6935037519026295,0.7075370634776282,12.015852590858461,16.287370504806514,11.096598679133916,2667.89,0.7410805555555555,4.131180842697663,1.253352853558593,07326.csv,B0055,12,7326,4,1.2077322536103197,6
4.194634826000848,3.7179571437047905,3.331138062731705,2.4857750442530606,0.47667768229605745,-1.796982266620521,0.5873285000030485,12.31051634460958,18.765407738610975,14.1815653671331,2530.172,0.7028255555555556,4.15578631183342,1.2635823064069478,07330.csv,B0055,16,7330,4,1.2009614290093835,7
4.203456278554985,3.7150209657834385,3.335155652675837,2.4898705968581996,0.48843531277154684,-1.8221216958276871,0.5510499101272549,12.203269426883178,17.743208793113464,12.68990558761781,2446.062,0.6794616666666666,4.092674266220566,1.240389513090312,07332.csv,B0055,18,7332,4,1.189059086549973,8
4.203931038045003,3.7465041775631263,3.3970397549525346,2.4863788962445756,0.4574268604818763,-1.60517659481492,0.7856439222074226,11.974188885781311,16.27240932778339,10.970818850620411,2713.25,0.7536805555555556,3.9982811931973483,1.205607646309728,07334.csv,B0055,20,7334,4,1.169708782604433,9
4.204477051328936,3.74502948997558,3.3803008994123225,2.484196378836121,0.45944756135335574,-1.6273590433187917,0.7678264524895696,12.146032186206996,18.496064110315466,12.63478365616674,2676.578,0.7434938888888889,3.9837568460092045,1.2064830300941578,07336.csv,B0055,22,7336,4,1.1483647194613424,10
4.204395922551529,3.7190095775363856,3.3446128760924214,2.488899766066993,0.48538634501514366,-1.8077804758929823,0.5720353591999178,12.075029193191549,17.233592924973692,12.021604441799258,2394.734,0.6652038888888888,3.9838268975983304,1.2048832067825384,07338.csv,B0055,24,7338,4,1.1527726060972296,11
4.196508158151434,3.75095226702218,3.4016962939915634,2.4856427415338582,0.44555589112925365,-1.5934585102181222,0.794494773823247,11.953480850146518,17.25233196126928,11.546921515758683,2673.0,0.7425,3.913834544581653,1.1793187007864072,07342.csv,B0055,28,7342,4,1.1318370471727228,12
4.2049198480597365,3.7430977704102526,3.3777825070738476,2.4945204316368925,0.4618220776494839,-1.6457766002423246,0.751928551982334,12.091243346975185,18.84637103862602,13.944201625755253,2619.578,0.7276605555555555,3.9536272294765555,1.196448499356463,07344.csv,B0055,30,7344,4,1.1326525803383347,13
4.204749253288386,3.75450543371491,3.411152214850695,2.489824423973652,0.45024381957347615,-1.5844221226745288,0.8013395982049237,11.84145066042513,16.69866695291335,10.945539270373846,2640.016,0.7333377777777778,3.854741859204073,1.158448829209413,07346.csv,B0055,32,7346,4,1.1160565716574584,14
4.205529950993648,3.755059148410812,3.4062074380814424,2.4929609831648176,0.4504708025828359,-1.5875314249026022,0.7990060369970609,11.855003538549179,17.281200338137296,11.312481752049125,2621.187,0.7281075,3.827917332676499,1.1522954998397843,07348.csv,B0055,34,7348,4,1.0984641825068853,15
4.205627291462969,3.755122100098227,3.4006629565141497,2.4987737122938984,0.450505191364742,-1.5865260183824126,0.7995564820652137,11.91733362745109,17.87487048558903,11.75092113190316,2616.453,0.7267925,3.8187182362597105,1.1518325886271168,07350.csv,B0055,36,7350,4,1.092569410309668,16
4.197933604847559,3.742778642330264,3.3734363664560836,2.4960528571959832,0.4551549625172946,-1.6558769500299217,0.7428737437680821,12.135031767584422,18.56561933924195,14.072815066762413,2565.109,0.7125302777777778,3.895998462165627,1.1799184649234333,07354.csv,B0055,40,7354,4,1.109167680712031,17
4.205390438967899,3.741540777199886,3.3751298920141575,2.4950345179419164,0.463849661768013,-1.6682381023500132,0.731915064312135,12.085534035682384,18.731388722663795,13.811191325576246,2532.531,0.7034808333333333,3.883071139917166,1.1742403734032962,07356.csv,B0055,42,7356,4,1.107503502890571,18
4.205435554958762,3.743344668552582,3.3799212171444224,2.499203075422064,0.4620908864061799,-1.6518184000413114,0.7466144056182916,12.035133443915594,18.85911132920102,13.615611520017826,2556.593,0.7101647222222222,3.8788566639938504,1.1724165953128736,07358.csv,B0055,44,7358,4,1.106751675424531,19
4.183847655178161,3.755339263028505,3.4131937901660443,2.4858947643408493,0.42850839214965575,-1.5631982736121797,0.8166915748353278,11.694010522378294,16.474886676905992,10.748664947056607,2577.891,0.7160808333333334,3.7112257730608964,1.1161547731167745,07360.csv,B0055,46,7360,4,1.0726694124582823,20
4.205811869776469,3.751561584196035,3.3882127771112662,2.4902199266036034,0.45425028558043445,-1.6102431965480546,0.7813778914234873,12.02595112446758,18.429839421941313,12.53190652958369,2572.36,0.7145444444444444,3.802041888264966,1.1497096325977911,07362.csv,B0055,48,7362,4,1.0776844021506693,21
4.185284066167707,3.7249924670471257,3.3833310240018224,2.49591717391522,0.4602915991205814,-1.6643817613294818,0.7345698461806102,11.847288624466861,16.79121110894689,11.299151093559274,2697.75,0.749375,4.139998585921284,1.2474414350084588,07366.csv,B0055,52,7366,4,1.1981714734535909,22
4.196690472475704,3.738813978917321,3.406033299298373,2.493901769830843,0.4578764935583832,-1.629380871239606,0.7660455719740732,11.64238700767333,16.558207457541112,10.890114903564978,2683.406,0.7453905555555556,4.04413320798219,1.2125756763515576,07370.csv,B0055,56,7370,4,1.162538155268093,23
4.205348595061986,3.736745975336742,3.395122860818019,2.4906658427202095,0.4686026197252442,-1.6480629343875914,0.7499069724220853,11.772012658338625,16.176716026227933,10.747055057468028,2646.156,0.7350433333333333,4.029603048650856,1.2112726406270522,07372.csv,B0055,58,7372,4,1.1556827465844224,24
4.205552375701064,3.7294062002194,3.3678744885149583,2.491266216084571,0.4761461754816638,-1.6963503354994716,0.70487096595123,11.983454214473863,18.28920429337146,13.068834959641016,2593.531,0.7204252777777778,4.042311941248551,1.2224065202671022,07374.csv,B0055,60,7374,4,1.137444098422356,25
4.2052142034116535,3.739783280312672,3.3809383898685605,2.4927607047506055,0.4654309230989817,-1.647762002114427,0.7502757874265852,11.908597488676612,18.65863623047158,14.599578277082427,2604.125,0.7233680555555555,3.9452922655588916,1.1921245523414947,07376.csv,B0055,62,7376,4,1.1126375352125493,26
4.205763745942962,3.75084758070208,3.41469739374783,2.4866262339494316,0.45491616524088174,-1.6019969747290892,0.7882772229275187,11.5894392622721,16.83473057053666,10.8225374193966,2588.594,0.7190538888888889,3.8356284100964295,1.149416602807495,07378.csv,B0055,64,7378,4,1.098656067845981,27
4.198995746839671,3.7492757386580218,3.41231159843661,2.495104294734825,0.44972000818164926,-1.607009362096321,0.7841876738531157,11.629714317449922,16.756789919207705,10.885854779410634,2579.203,0.7164452777777778,3.8346031802707765,1.1495145772850681,07382.csv,B0055,68,7382,4,1.098530275888464,28
4.2061133400646735,3.746129955994115,3.4043822939909396,2.4877631392866095,0.4599833840705587,-1.627589670095513,0.7678124206751239,11.647248561632294,16.24699765148442,10.515795778523653,2555.453,0.7098480555555555,3.843514511158072,1.153680244946512,07384.csv,B0055,70,7384,4,1.1029370400968537,29
4.20656078786278,3.7356280473025407,3.3673428364678033,2.4978675843051477,0.47093274056023926,-1.6825636345526909,0.7183625209586999,12.022205345514335,19.129984857149815,14.110317742105796,2525.609,0.7015580555555555,3.9022226763246946,1.1817398578235014,07386.csv,B0055,72,7386,4,1.0949644922735318,30
4.205789072356055,3.75008246384212,3.4104196380737455,2.482550786926367,0.4557066085139345,-1.612755670182398,0.7799086454482298,11.542224902228241,16.36765160927189,10.434425310185908,2536.172,0.7044922222222222,3.783629591266039,1.1346663539922792,07388.csv,B0055,74,7388,4,1.0890679714830998,31
4.2064686981546116,3.7462064308452967,3.3875483794093744,2.498794021092515,0.46026226730931485,-1.6303240143418964,0.765286365384113,11.825965633220362,18.15665009637772,13.012494569056337,2536.204,0.7045011111111111,3.8045224481210203,1.1486976322284472,07390.csv,B0055,76,7390,4,1.073323391636053,32
4.198669269968087,3.7278991403354103,3.3533445639000172,2.4986675609061084,0.4707701296326765,-1.71799533716817,0.6825051831609196,12.03863906152037,18.80550760238104,13.371292631491475,2488.86,0.69135,3.9181637126347555,1.1890928509365486,07394.csv,B0055,80,7394,4,1.095373856745309,33
4.205549436509086,3.750273349484347,3.403128476363774,2.495967983888696,0.455276087024739,-1.6148091574306578,0.7782357471446777,11.59317451081218,17.559578387097904,11.363094262781111,2518.547,0.6995963888888889,3.7530725102955746,1.1284915098552193,07396.csv,B0055,82,7396,4,1.0639517466243125,34
4.206680085108051,3.736365708662052,3.3737196134296283,2.494521891499824,0.47031437644599894,-1.6806946415000543,0.7206333096446642,11.873598601586018,17.467083355342886,11.929830864787077,2485.766,0.6904905555555556,3.8445565186911628,1.1619369127812629,07398.csv,B0055,84,7398,4,1.085798072407703,35
4.206242808359698,3.7453820733510983,3.382746702873388,2.4940939052144744,0.4608607350085996,-1.63831200906344,0.758780951559817,11.809310238880515,18.49462899513655,13.489479352115861,2506.718,0.6963105555555555,3.7758780442477606,1.1413886170110703,07400.csv,B0055,86,7400,4,1.0588748965507555,36
4.2065015265299825,3.732520469606878,3.3641919383896957,2.488192777263103,0.47398105692310466,-1.701910823714865,0.6995375039518201,11.933034010302555,17.91164881741511,12.420262049309056,2459.297,0.6831380555555555,3.8451767576860263,1.164094478170567,07402.csv,B0055,88,7402,4,1.0813260035191288,37
4.198066617715753,3.750352553304645,3.408219619852174,2.4835904274919676,0.44771406441110795,-1.6137161861379503,0.7791514568096329,11.53732922797716,16.71929796179109,10.756136640650187,2488.734,0.691315,3.713887560319968,1.114603848110904,07406.csv,B0055,92,7406,4,1.061601862588323,38
4.2069940867465805,3.740515051568999,3.3720438606583496,2.494836964233761,0.4664790351775814,-1.6587094218378893,0.740847169624987,11.942237573488166,18.743872075423457,14.55486270740425,2491.375,0.6920486111111112,3.7928146695042093,1.1489501267725701,07408.csv,B0055,94,7408,4,1.0593920670581127,39
4.206185443933068,3.744612265496994,3.3954495279595993,2.495294559262084,0.4615731784360735,-1.6449474011417666,0.7531328824818362,11.654440484569944,16.07532193134441,10.281607571097016,2467.328,0.6853688888888889,3.747361695148885,1.1270412710093836,07410.csv,B0055,96,7410,4,1.0742513141424723,40
4.206494698836393,3.747744687945852,3.3886471333647554,2.493930027919102,0.45875001089054157,-1.6341793441136752,0.7623248665874016,11.722702041818202,18.1055360480279,11.854423019172177,2466.125,0.6850347222222222,3.7079528908516197,1.1191819804264522,07412.csv,B0055,98,7412,4,1.04056147341315,41
4.204033878983125,3.735053403239269,3.356819503345258,2.4968794236107965,0.4689804757438565,-1.6871055404907072,0.7136501987670603,12.13910591187991,19.22539590220654,14.10864725283291,2459.312999999994,0.6831424999999984,3.7984653813555416,1.1542453729514361,07414.csv,B0055,100,7414,4,1.0575656535324895,42
4.186445589660851,3.73203699792088,3.38173030037378,2.4980844986118784,0.4544085917399707,-1.6534663598224018,0.7445583099942964,11.725785170275977,17.79698901775945,11.785910038910501,2559.125,0.7108680555555555,3.898818200430391,1.1767375408566008,07418.csv,B0055,104,7418,4,1.0983528970914622,43
4.198373311038654,3.717442792905578,3.332585578324588,2.497690135885909,0.4809305181330754,-1.746935874580489,0.649531324821529,12.14093273670559,19.90310164984231,14.8862959352502,2534.156,0.7039322222222222,4.041985308169421,1.232415931085122,07422.csv,B0055,108,7422,4,1.109758993739737,44
4.205080712587294,3.748633249835116,3.415794800601349,2.495812780943487,0.45644746275217774,-1.6100189784192442,0.7816248775958641,11.32244979928203,16.28428434167548,10.281109851125445,2521.985,0.7005513888888889,3.7662466021971572,1.1273578119410996,07424.csv,B0055,110,7424,4,1.0793315779206871,45
4.207061766566151,3.733662268742405,3.364395338116308,2.497968365806555,0.47339949782374635,-1.6797818306005563,0.721086293579546,11.899725740614361,18.858200111612096,14.49180328033129,2503.172,0.6953255555555555,3.8580139460951903,1.169861091778388,07426.csv,B0055,112,7426,4,1.0716159094756148,46
4.206586679847002,3.730277144475772,3.3556150350421454,2.4948503148658077,0.47630953537123055,-1.703206082949298,0.6979995792807144,11.9698483506891,19.26539604228336,14.059262710227312,2474.344,0.6873177777777778,3.8634322264862324,1.1729257746082178,07428.csv,B0055,114,7428,4,1.0746464211019795,47
4.136062355148983,3.6799628805301543,3.2813552523710348,2.497025585392751,0.4560994746188287,-1.8582921214004526,0.4916211942997817,11.944879920447905,19.91574517945343,14.656632620840828,2349.64,0.6526777777777777,3.9577891531489744,1.2170243247102082,07430.csv,B0055,116,7430,4,1.08643683065179,48
4.194893964041484,3.713770899873473,3.3340325216514985,2.497531566741249,0.48112306416801154,-1.7577069451672969,0.6372879265172486,12.028925123088163,19.74476118019262,14.528673923772732,2560.688,0.7113022222222223,4.113816789497198,1.2525128031306112,07434.csv,B0055,120,7434,4,1.1340138347387958,49
4.205199298124983,3.722342827888858,3.355658576925396,2.4925446639956585,0.48285647023612466,-1.7278318736099232,0.6716428426504919,11.71503135296823,18.239458117812696,12.495292679578661,2522.375,0.7006597222222222,4.001545089701749,1.2123198814997824,07436.csv,B0055,122,7436,4,1.1176964717951587,50
4.205853256210238,3.722896737283877,3.353357049023896,2.497355535023157,0.48295651892636116,-1.7321258947169125,0.6669389629340879,11.810607676487715,19.14324542302631,13.635916107483535,2488.719,0.6913108333333333,3.9575804325470028,1.1996143977777953,07438.csv,B0055,124,7438,4,1.1046468529644289,51
4.205832053797409,3.725867004586875,3.356165416087441,2.4960054501777855,0.4799650492105343,-1.720909576078404,0.6793897542473725,11.765625767571137,18.957146305546704,13.383584543772825,2474.844,0.6874566666666667,3.9098522318820708,1.1851002515094853,07440.csv,B0055,126,7440,4,1.089700148407426,52
4.205960258814088,3.732463719375026,3.3655236596965747,2.4945789390502733,0.4734965394390618,-1.6928963609340808,0.7081541895844613,11.666664960009529,18.569611226697234,13.097736213222309,2473.875,0.6871875,3.8480353340590927,1.165079578129427,07442.csv,B0055,128,7442,4,1.075533547538172,53
4.1982654098780685,3.7359131301510393,3.3657531038090425,2.497451626540361,0.4623522797270292,-1.6674344219063135,0.732570658776937,11.708939176253061,18.389604150481873,13.633637648654272,2495.5,0.6931944444444444,3.814242435155669,1.1571088282186115,07446.csv,B0055,132,7446,4,1.0609866776144368,54
4.2067134175295635,3.743772829383676,3.3849405998756663,2.494771530909891,0.4629405881458877,-1.6377223794615257,0.7589158654305581,11.450092345609722,17.859841515218953,13.51867884994268,2481.078,0.6891883333333333,3.740099692033945,1.1296712919812857,07448.csv,B0055,134,7448,4,1.0518218041615568,55
4.206861671465562,3.749831284500987,3.410105370394735,2.4850759949386982,0.4570303869645751,-1.6143852867459763,0.778693825905917,11.131625464424475,15.816276936907297,9.741566531025757,2460.125,0.6833680555555556,3.6765819060568363,1.102516917510328,07450.csv,B0055,136,7450,4,1.0553857898132757,56
4.203250203022516,3.734765907722587,3.3607031370514133,2.4972833794296387,0.46848429529992863,-1.6847849277248685,0.7162986904335491,11.738832332367679,18.755426828419857,13.185893847591993,2440.547,0.6779297222222223,3.7698264346563204,1.144224849721196,07452.csv,B0055,138,7452,4,1.0533102333691788,57
4.206868467936627,3.7490363085123057,3.3928240190547645,2.4994934553850463,0.45783215942432154,-1.6204098129461206,0.7734530806144815,11.33070420089266,17.253309886018204,12.891948848942981,2449.922,0.6805338888888889,3.6597996699962403,1.103920649806636,07454.csv,B0055,140,7454,4,1.0315365260084348,58
4.199652821200027,3.7249684632967113,3.3379943082200825,2.496397324750552,0.4746843579033153,-1.7350634493263108,0.6638216063455092,11.71743632355557,19.044660235871767,13.29279074797149,2408.781,0.6691058333333333,3.8182940436530295,1.1634798780145224,07458.csv,B0055,144,7458,4,1.0533401053259417,59
4.206354715936561,3.745329184453852,3.383748883671106,2.4985913567786335,0.46102553148270875,-1.6355169727932202,0.7609448372911602,11.448023523006356,17.632782962314124,13.292593002044356,2442.547,0.6784852777777778,3.67488586265861,1.1107117789521184,07460.csv,B0055,146,7460,4,1.0317876798810788,60
4.207116858721508,3.7498059580332983,3.4034852057714984,2.4793908002585576,0.4573109006882099,-1.620774629606393,0.7737104358062598,11.113362092407373,15.652866929465386,9.509091619765654,2420.671,0.672408611111111,3.6261540939517634,1.0896007840927584,07462.csv,B0055,148,7462,4,1.0354207912157296,61
4.203805356740808,3.7328304776836063,3.3488479010139836,2.495919101086891,0.47097487905720126,-1.695046194498669,0.7063057197534683,11.759912549960136,18.851175405607993,13.279846432380047,2409.906,0.6694183333333333,3.7339641704889477,1.137200400733488,07464.csv,B0055,150,7464,4,1.0322251791310608,62
4.206451344410812,3.752694102552793,3.400337322032959,2.487748902505861,0.45375724185801936,-1.607752495748955,0.7837888326494308,11.095152329208846,16.682382112943166,11.713576346829868,2416.672,0.6712977777777778,3.5836273699403725,1.079348438339407,07466.csv,B0055,152,7466,4,1.011543397303472,63
4.199840856194157,3.725933922176269,3.3343052776040634,2.496210707787105,0.4739069340178883,-1.7288529172580396,0.6706571391029508,11.855416870953553,19.331265935552995,13.67088760715625,2395.75,0.6654861111111111,3.779187817655842,1.1535846720459402,07470.csv,B0055,156,7470,4,1.0413760568150228,64
4.206271998925213,3.744326145088003,3.3786546268712,2.499306018937951,0.4619458538372099,-1.6438464708058846,0.7535408529549507,11.501464461877692,17.796486773673443,13.44491015307962,2410.688,0.6696355555555555,3.6422058974323015,1.1022462685689918,07472.csv,B0055,158,7472,4,1.02174193386881,65
4.206927414011855,3.756281007249748,3.413323315609648,2.4951311923995756,0.45064640676210743,-1.5920409233304795,0.7957357114480256,10.922543090852551,15.641866781260571,9.670251000196089,2402.125,0.6672569444444445,3.5386494381535525,1.0620544799604716,07474.csv,B0055,160,7474,4,1.0133135547969283,66
4.202275822485786,3.7267621762807184,3.3358445561886736,2.498865224973231,0.475513646205068,-1.731928125216886,0.6668918568121494,11.679121657086682,18.475017780285615,12.632134568294685,2355.265,0.6542402777777777,3.7258923297879303,1.136582157657598,07476.csv,B0055,162,7476,4,1.029994255962691,67
4.20659875616185,3.736757875133239,3.3537094650205534,2.499842473941914,0.469840881028611,-1.6777504908523246,0.7228751605082481,11.716719550648065,18.598567041058164,13.291441278498821,2396.719,0.6657552777777778,3.675899021573226,1.1192359681704271,07478.csv,B0055,164,7478,4,1.0189349807814327,68
4.18778132479275,3.736682574296416,3.3664574186515495,2.4984245148092805,0.4510987504963344,-1.6531774202404774,0.7447469153200276,11.332026451776493,17.70296113245331,12.909246449819058,2442.344,0.6784288888888889,3.7001074185189973,1.1233896723864292,07482.csv,B0055,168,7482,4,1.0290879520854015,69
4.19944321827157,3.7185038605438687,3.319131030823727,2.498165502515704,0.48093935772770147,-1.748766373641858,0.6477630453051786,11.967823512320054,19.648490501323845,14.205786151615817,2444.703,0.6790841666666667,3.885434834161687,1.1902797040185427,07486.csv,B0055,172,7486,4,1.0567629241900045,70
4.205593767786481,3.7490070717425152,3.4032103094968886,2.4838403700559373,0.45658669604396573,-1.6200178882302807,0.7736516006312848,11.01544977025214,16.178060673787062,10.404255667984666,2412.25,0.6700694444444445,3.6143770677688627,1.0862055181425403,07488.csv,B0055,174,7488,4,1.0291668536316647,71
4.202812973358059,3.7297157560014984,3.343831990901096,2.4989275943849365,0.4730972173565604,-1.703990940961131,0.6969935523640988,11.818028778074435,18.88644438182567,13.39900095483921,2403.234,0.667565,3.740618325980142,1.1404139173501486,07490.csv,B0055,176,7490,4,1.032129844490102,72
4.206513407222774,3.735794443523662,3.3724641292622257,2.497716849078165,0.4707189636991118,-1.6883184479362596,0.7127676380732928,11.295282200562326,16.020151248713987,9.939933937972388,2361.047,0.6558463888888889,3.67278145394054,1.1099628214883923,07492.csv,B0055,178,7492,4,1.0409230283951276,73
4.203597448523021,3.737893506379202,3.3553714698756965,2.497475666164784,0.46570394214381894,-1.671488542905288,0.7286332762648419,11.589249198689654,18.292174814306744,13.242394357138625,2392.468,0.6645744444444444,3.65663491190497,1.1133549236419031,07494.csv,B0055,180,7494,4,1.011161098766987,74
4.19879054583806,3.723590672465849,3.3279855680794297,2.499631738732727,0.4751998733722109,-1.7381151009412772,0.660169878948989,11.857143843844957,19.26049129848449,13.575710650151702,2373.89,0.6594138888888889,3.7597474583923343,1.1494597376931512,07498.csv,B0055,184,7498,4,1.0337876112911784,75
4.206474987547079,3.7459498164671454,3.380340612404249,2.4996111983697316,0.4605251710799334,-1.6383784100519558,0.7582035299400515,11.276289724634314,17.24384546974176,13.145822166488166,2383.234,0.6620094444444444,3.5921946454861056,1.08701939221388,07500.csv,B0055,186,7500,4,1.003994224020383,76
4.203545195639861,3.739834612306597,3.3795059063602477,2.4972946109355068,0.46371058333326376,-1.6720302030703613,0.728454957650278,11.220787392479364,15.900824096276386,9.746780344531029,2342.453,0.6506813888888889,3.61126842817138,1.090150909412604,07502.csv,B0055,188,7502,4,1.0334195479955004,77
4.203458601351602,3.7312785321521167,3.3419486124359232,2.4950143445404667,0.4721800691994851,-1.7040964736723385,0.6969786182226453,11.759447806620914,18.94850032004803,13.876563579255535,2359.296,0.6553599999999999,3.6704101019077946,1.119840038410174,07504.csv,B0055,190,7504,4,1.009893656411646,78
4.206479388387375,3.7494515718501313,3.3994343538904057,2.496127080556164,0.4570278165372432,-1.6294399730001765,0.7663220715304874,10.988248985047367,14.95747625778177,8.70383558706975,2345.453,0.6515147222222222,3.533727486516527,1.0627472489691523,07506.csv,B0055,192,7506,4,1.0126262447940628,79
4.200091561431062,3.7436444303923873,3.3674537565378784,2.498292598142556,0.45644713103867485,-1.6515379727772603,0.746829713177772,11.355681286808547,17.70459844093717,13.824543568066034,2360.172,0.6556033333333333,3.5741609061114117,1.0854144454706007,07510.csv,B0055,196,7510,4,0.9948742055727694,80
4.20343820712217,3.730672066041112,3.3529430513041807,2.4995493131113817,0.4727661410810584,-1.7174483877318063,0.6831986623306556,11.443287391092776,16.746714545942115,10.59837367859096,2315.407,0.6431686111111111,3.649314351953994,1.1080310166223117,07512.csv,B0055,198,7512,4,1.0240799556179332,81
4.203121026339225,3.718464862942216,3.313138824967226,2.4954991257797223,0.48465616339700945,-1.7693261826528028,0.6231568659745707,11.785825239943042,19.201273298790156,13.414257155204151,2322.156,0.6450433333333333,3.73730139510158,1.1456594129691742,07514.csv,B0055,200,7514,4,1.0208889510043029,82
4.206360725269558,3.725206993842732,3.331207681083792,2.495394779769103,0.48115373142682616,-1.7382171562180335,0.6604692736115172,11.72640480534808,18.921215014535083,13.279976125560523,2327.1570000000065,0.6464325000000019,3.691624431614054,1.1274468982743662,07516.csv,B0055,202,7516,4,1.016100815944114,83
4.206662505631524,3.7390178829978926,3.361184494584018,2.4987692806726884,0.46764462263363127,-1.6759841309858239,0.7248587592005278,11.472788708066494,17.83845317353606,13.082197024257688,2335.0,0.6486111111111111,3.588875012246654,1.090175082978032,07518.csv,B0055,204,7518,4,0.9987875345106276,84
4.198906004577256,3.720414098342741,3.317225424194071,2.4984561833393784,0.478491906234515,-1.7579493131782606,0.637319553244383,11.802235485150675,19.413252469388496,13.714847849017653,2329.375,0.6470486111111111,3.726316567323172,1.1417253515063153,07522.csv,B0055,208,7522,4,1.0158868294923784,85
4.2063268655944,3.7416693433544017,3.367194898395345,2.495225392424711,0.4646575222399987,-1.663754804823178,0.7362174226059778,11.363194027921853,17.555469742468727,13.043279927975494,2333.875,0.6482986111111111,3.5642655693290832,1.081472464335453,07524.csv,B0055,210,7524,4,0.9963437517762594,86
4.207127040760322,3.7481332279402633,3.394889434849019,2.48261274521935,0.4589938128200588,-1.6389209925149488,0.7580722131182812,10.949818258159802,15.18160164516741,8.969995640481592,2317.453,0.6437369444444444,3.509934230244305,1.0566265741169352,07526.csv,B0055,212,7526,4,1.0053777381419529,87
4.202163067210124,3.71827337764985,3.310050856120256,2.497894652809196,0.4838896895602742,-1.7742280928785608,0.6170740478740678,11.706437723845246,19.119001932657707,13.17812749328542,2295.109,0.6375302777777777,3.702268138258362,1.1356995606220952,07528.csv,B0055,214,7528,4,1.009132291002791,88
4.206373386837717,3.733926575644994,3.3458687278652697,2.498867447840723,0.47244681119272247,-1.6962395390509193,0.7051851073640546,11.583533228310797,18.259385299695204,13.122848051109587,2326.657,0.6462936111111112,3.6079499601487717,1.1001373804228083,07530.csv,B0055,216,7530,4,0.9984581240784204,89
4.181574605333568,3.675752283255962,3.2453384054657453,2.49494387511604,0.5058223220776057,-1.8679808387813042,0.4730453124133189,11.961499960858754,20.334330441428275,15.165475522154772,2479.297,0.6886936111111112,4.156066069125488,1.2924559402658657,07534.csv,B0055,220,7534,4,1.0892389324114138,90
4.194441045655941,3.709867322289783,3.3032859676964024,2.499224528115884,0.4845737233661578,-1.7868262879672983,0.6002431731582906,11.522596039987194,18.82433959610769,13.045580301084987,2463.578,0.6843272222222222,3.9981099990562132,1.227654363275862,07538.csv,B0055,224,7538,4,1.0793936031703524,91
4.204880578247997,3.746682715736539,3.3954172971180325,2.4924954873857694,0.458197862511458,-1.61471261152207,0.7778464699912226,10.721858182752005,16.215064274032724,11.305706560580553,2458.812,0.6830033333333333,3.6660951799966313,1.1052414113167344,07540.csv,B0055,226,7540,4,1.032614295314224,92
4.202731277291391,3.718123915137381,3.319390417324327,2.495661665849974,0.4846073621540099,-1.7601408237271083,0.6343326702797605,11.411543894379703,18.624861324787787,12.7811247066556,2400.672,0.6668533333333333,3.848815422981044,1.1781070630801729,07542.csv,B0055,228,7542,4,1.0498572649026638,93
4.205754690488186,3.7404511833709018,3.3844424778085065,2.498900329146198,0.46530350711728463,-1.6551157920024593,0.7440155770139286,10.810513729948518,15.137573162785118,8.889824030080906,2396.407,0.6656686111111112,3.660674723304287,1.1045267669682028,07544.csv,B0055,230,7544,4,1.0453902697248565,94
4.207084563921945,3.751058324882603,3.3960019195497346,2.489889091081545,0.4560262390393417,-1.6115078715312525,0.7804502396909582,10.714176302518482,16.113386903826303,11.560152802912796,2392.375,0.6645486111111111,3.559793731563681,1.073471158493203,07546.csv,B0055,232,7546,4,1.0001607736713514,95
4.198111672339926,3.75376588480271,3.4091500642055776,2.498768290819146,0.4443457875372161,-1.5964976013167924,0.792136933995235,10.478734086554464,14.51027225857862,9.284521481371414,2373.687,0.6593574999999999,3.507782434234075,1.054013889246644,07550.csv,B0055,236,7550,4,1.0084094786878155,96
4.203133911551857,3.72501233710937,3.318069571504016,2.4975933279193185,0.47812157444248715,-1.724633006126093,0.6749614404698484,11.577446477629389,18.79688115527297,13.647103759882823,2385.922,0.6627561111111111,3.734584594038372,1.1470906577305813,07552.csv,B0055,238,7552,4,1.003655158082039,97
4.206432255358412,3.738106917741278,3.3705488423522825,2.495932540383024,0.46832533761713435,-1.6761541599227183,0.7242905135197432,10.889278314878903,15.51511607516065,9.334529965394854,2345.0,0.6513888888888889,3.6175914116431684,1.095211218343329,07554.csv,B0055,240,7554,4,1.028526967659532,98
4.203481073295822,3.741678187831675,3.358032061134384,2.493973960448579,0.46180288546414694,-1.6566423606087433,0.742157214305738,11.125862267460422,17.410882869971065,13.180353184137376,2363.047000000006,0.6564019444444461,3.581267558862992,1.0908918245486137,07556.csv,B0055,242,7556,4,0.9816844358987022,99
4.20306302939134,3.726422245266804,3.3305932142592156,2.4945849403498523,0.47664078412453614,-1.7366403960823258,0.6620429328208168,11.180258248103398,17.541633082707207,11.511001479363618,2316.687,0.6435241666666667,3.672432479892862,1.122088859209598,07558.csv,B0055,244,7558,4,1.0127121434171131,100
4.197674431245264,3.730793139053417,3.345081227582777,2.4970956728658367,0.4668812921918466,-1.7132159087232541,0.6875542798935123,11.102809730123198,16.68412644043965,10.569275226814236,2322.0,0.645,3.6411797028920776,1.109061628024973,07562.csv,B0055,248,7562,4,1.0201379996149256,101
4.202802351530416,3.7344836346481136,3.3411218242164646,2.496842059818817,0.468318716882302,-1.6853564371512757,0.7155126870314747,11.41292758502581,18.127312484256297,13.178656232966063,2357.687,0.6549130555555556,3.624386855207887,1.1080003692654636,07564.csv,B0055,250,7564,4,0.9907591663373164,102
